SYMBOL,NAME OF COMPANY, SERIES, DATE OF LISTING, PAID UP VALUE, MARKET LOT, ISIN NUMBER, FACE VALUE
20MICRONS,20 Microns Limited,EQ,06-Oct-08,5,1,INE144J01027,5
360ONE,360 ONE WAM LIMITED,EQ,19-Sep-19,1,1,INE466L01038,1
3BBLACKBIO,3B Blackbio Dx Limited,EQ,20-Apr-26,10,1,INE994E01018,10
5PAISA,5Paisa Capital Limited,EQ,16-Nov-17,10,1,INE618L01018,10
63MOONS,63 moons technologies limited,EQ,20-Jun-05,2,1,INE111B01023,2
AADHARHFC,Aadhar Housing Finance Limited,EQ,15-May-24,10,1,INE883F01010,10
AAREYDRUGS,Aarey Drugs & Pharmaceuticals Limited,EQ,06-Aug-21,10,1,INE198H01019,10
AARTIDRUGS,Aarti Drugs Limited,EQ,19-Sep-03,10,1,INE767A01016,10
AARTIIND,Aarti Industries Limited,EQ,08-Feb-95,5,1,INE769A01020,5
AARTIPHARM,Aarti Pharmalabs Limited,EQ,30-Jan-23,5,1,INE0LRU01027,5
AARVI,Aarvi Encon Limited,EQ,24-Jun-20,10,1,INE754X01016,10
AASTHA,Aastha Spintex Limited,EQ,06-Jul-26,10,1,INE2FMX01012,10
AAVAS,Aavas Financiers Limited,EQ,08-Oct-18,10,1,INE216P01012,10
ABB,ABB India Limited,EQ,08-Feb-95,2,1,INE117A01022,2
ABBOTINDIA,Abbott India Limited,EQ,08-Jan-10,10,1,INE358A01014,10
ABCAPITAL,Aditya Birla Capital Limited,EQ,01-Sep-17,10,1,INE674K01013,10
ABDL,Allied Blenders and Distillers Limited,EQ,02-Jul-24,2,1,INE552Z01027,2
ABFRL,Aditya Birla Fashion and Retail Limited,EQ,17-Jul-13,10,1,INE647O01011,10
ABLBL,Aditya Birla Lifestyle Brands Limited,EQ,23-Jun-25,10,1,INE14LE01019,10
ABREL,Aditya Birla Real Estate Limited,EQ,27-Jun-03,10,1,INE055A01016,10
ABSLAMC,Aditya Birla Sun Life AMC Limited,EQ,11-Oct-21,5,1,INE404A01024,5
ACC,ACC Limited,EQ,20-Nov-96,10,1,INE012A01025,10
ACCELYA,Accelya Solutions India Limited,EQ,01-Dec-99,10,1,INE793A01012,10
ACE,Action Construction Equipment Limited,EQ,26-Sep-06,2,1,INE731H01025,2
ACI,Archean Chemical Industries Limited,EQ,21-Nov-22,2,1,INE128X01021,2
ACMESOLAR,Acme Solar Holdings Limited,EQ,13-Nov-24,2,1,INE622W01025,2
ACSTECH,ACS Technologies Limited,EQ,20-Apr-26,10,1,INE366C01021,10
ACUTAAS,Acutaas Chemicals Limited,EQ,14-Sep-21,5,1,INE00FF01025,5
ADANIENSOL,Adani Energy Solutions Limited,EQ,31-Jul-15,10,1,INE931S01010,10
ADANIENT,Adani Enterprises Limited,EQ,04-Jun-97,1,1,INE423A01024,1
ADANIGREEN,Adani Green Energy Limited,EQ,18-Jun-18,10,1,INE364U01010,10
ADANIPORTS,Adani Ports and Special Economic Zone Limited,EQ,27-Nov-07,2,1,INE742F01042,2
ADANIPOWER,Adani Power Limited,EQ,20-Aug-09,2,1,INE814H01029,2
ADFFOODS,ADF Foods Limited,EQ,15-Sep-10,2,1,INE982B01027,2
ADOR,Ador Welding Limited,EQ,10-May-95,10,1,INE045A01017,10
ADSL,Allied Digital Services Limited,EQ,25-Jul-07,5,1,INE102I01027,5
ADVAIT,Advait Energy Transitions Limited,EQ,20-Jan-26,10,1,INE0ALI01010,10
ADVANCE,Advance Agrolife Limited,EQ,08-Oct-25,10,1,INE1B0W01010,10
ADVENTHTL,Advent Hotels International Limited,EQ,13-Nov-25,10,1,INE28GN01010,10
ADVENZYMES,Advanced Enzyme Technologies Limited,EQ,01-Aug-16,2,1,INE837H01020,2
AEGISLOG,Aegis Logistics Limited,EQ,03-Apr-96,1,1,INE208C01025,1
AEGISVOPAK,Aegis Vopak Terminals Limited,EQ,02-Jun-25,10,1,INE0INX01018,10
AEQUS,Aequs Limited,EQ,10-Dec-25,10,1,INE947N01017,10
AEROENTER,Aeroflex Enterprises Limited,EQ,21-Nov-22,2,1,INE065D01027,2
AEROFLEX,Aeroflex Industries Limited,EQ,31-Aug-23,2,1,INE024001021,2
AEROPLANE,Amir Chand Jagdish Kumar (Exports) Limited,EQ,02-Apr-26,10,1,INE05TO01019,10
AETHER,Aether Industries Limited,EQ,03-Jun-22,10,1,INE0BWX01014,10
AFCONS,Afcons Infrastructure Limited,EQ,04-Nov-24,10,1,INE101I01011,10
AFFLE,Affle 3i Limited,EQ,08-Aug-19,2,1,INE00WC01027,2
AGARIND,Agarwal Industrial Corporation Limited,EQ,26-May-14,10,1,INE204E01012,10
AGARWALEYE,Dr. Agarwal's Health Care Limited,EQ,04-Feb-25,1,1,INE943P01029,1
AGI,AGI Greenpac Limited,EQ,31-May-00,2,1,INE415A01038,2
AGIIL,Agi Infra Limited,EQ,15-Jul-24,1,1,INE976R01033,1
AGL,Allcargo Global Limited,EQ,03-Jul-26,2,1,INE1YPB01014,2
AHCL,Anlon Healthcare Limited,EQ,03-Sep-25,2,1,INE0Y8W01025,2
AHLUCONT,Ahluwalia Contracts (India) Limited,EQ,14-Dec-09,2,1,INE758C01029,2
AIAENG,AIA Engineering Limited,EQ,14-Dec-05,2,1,INE212H01026,2
AIIL,Authum Investment & Infrastructure Limited,EQ,23-Apr-24,1,1,INE206F01022,1
AJANTPHARM,Ajanta Pharma Limited,EQ,29-May-00,2,1,INE031B01049,2
AJAXENGG,Ajax Engineering Limited,EQ,17-Feb-25,1,1,INE274Y01021,1
AJMERA,Ajmera Realty & Infra India Limited,EQ,16-Jun-09,2,1,INE298G01035,2
AKUMS,Akums Drugs and Pharmaceuticals Limited,EQ,06-Aug-24,2,1,INE09XN01023,2
ALBERTDAVD,Albert David Limited,EQ,14-Jun-16,10,1,INE155C01010,10
ALEMBICLTD,Alembic Limited,EQ,22-Sep-99,2,1,INE426A01027,2
ALGOQUANT,Algoquant Fintech Limited,EQ,06-Jan-26,1,1,INE598D01035,1
ALICON,Alicon Castalloy Limited,EQ,29-Sep-06,5,1,INE062D01024,5
ALIVUS,Alivus Life Sciences Limited,EQ,06-Aug-21,2,1,INE03Q201024,2
ALKEM,Alkem Laboratories Limited,EQ,23-Dec-15,2,1,INE540L01014,2
ALKYLAMINE,Alkyl Amines Chemicals Limited,EQ,26-Nov-07,2,1,INE150B01039,2
ALLCARGO,Allcargo Logistics Limited,EQ,23-Jun-06,2,1,INE418H01029,2
ALLDIGI,Alldigi Tech Limited,EQ,09-May-05,10,1,INE835G01018,10
ALLTIME,All Time Plastics Limited,EQ,14-Aug-25,2,1,INE0GV601021,2
ALOKINDS,Alok Industries Limited,EQ,19-Feb-20,1,1,INE270A01029,1
ALPINETEX,Alpine Texworld Limited,EQ,21-Jul-26,10,1,INE1JCQ01037,10
AMAGI,Amagi Media Labs Limited,EQ,21-Jan-26,5,1,INE121R01077,5
AMAL,Amal Limited,EQ,17-Aug-26,10,1,INE841D01013,10
AMBER,Amber Enterprises India Limited,EQ,30-Jan-18,10,1,INE371P01015,10
AMBIKCO,Ambika Cotton Mills Limited,EQ,29-Jan-08,10,1,INE540G01014,10
AMBUJACEM,Ambuja Cements Limited,EQ,18-Feb-98,2,1,INE079A01024,2
AMRUTANJAN,Amrutanjan Health Care Limited,EQ,02-Jan-15,1,1,INE098F01031,1
ANANDRATHI,Anand Rathi Wealth Limited,EQ,14-Dec-21,5,1,INE463V01026,5
ANANTRAJ,Anant Raj Limited,EQ,27-Sep-06,2,1,INE242C01024,2
ANDHRAPAP,ANDHRA PAPER LIMITED,EQ,13-May-04,2,1,INE435A01051,2
ANDHRSUGAR,The Andhra Sugars Limited,EQ,01-Nov-95,2,1,INE715B01021,2
ANDREWYU,Andrew Yule & Company Limited,EQ,17-Aug-26,2,1,INE449C01025,2
ANGELONE,Angel One Limited,EQ,05-Oct-20,1,1,INE732I01021,1
ANNAPURNA,Annapurna Swadisht Limited,EQ,12-Aug-26,10,1,INE0MGM01017,10
ANTELOPUS,Antelopus Selan Energy Limited,EQ,26-Sep-06,10,1,INE818A01017,10
ANTHEM,Anthem Biosciences Limited,EQ,21-Jul-25,2,1,INE0CZ201020,2
ANUHPHR,Anuh Pharma Limited,EQ,20-Dec-24,5,1,INE489G01022,5
ANUP,The Anup Engineering Limited,EQ,01-Mar-19,10,1,INE294Z01018,10
ANURAS,Anupam Rasayan India Limited,EQ,24-Mar-21,10,1,INE930P01018,10
APARINDS,Apar Industries Limited,EQ,12-Jul-04,10,1,INE372A01015,10
APCOTEXIND,Apcotex Industries Limited,EQ,06-Sep-95,2,1,INE116A01032,2
APEX,Apex Frozen Foods Limited,EQ,04-Sep-17,10,1,INE346W01013,10
APLAPOLLO,APL Apollo Tubes Limited,EQ,14-Dec-11,2,1,INE702C01027,2
APLLTD,Alembic Pharmaceuticals Limited,EQ,20-Sep-11,2,1,INE901L01018,2
APOLLO,Apollo Micro Systems Limited,EQ,22-Jan-18,1,1,INE713T01028,1
APOLLOHOSP,Apollo Hospitals Enterprise Limited,EQ,10-Jan-96,5,1,INE437A01024,5
APOLLOPIPE,Apollo Pipes Limited,EQ,11-Nov-19,10,1,INE126J01016,10
APOLLOTYRE,Apollo Tyres Limited,EQ,31-May-95,1,1,INE438A01022,1
APTUS,Aptus Value Housing Finance India Limited,EQ,24-Aug-21,2,1,INE852O01025,2
AQYLON,Aqylon Nexus Limited,EQ,01-Apr-24,1,1,INE416A01051,1
ARDEE,Ardee Industries Limited,EQ,12-Aug-26,2,1,INE0XNF01022,2
ARE&M,Amara Raja Energy & Mobility Limited,EQ,05-Sep-03,1,1,INE885A01032,1
ARFIN,Arfin India Limited,EQ,22-Jul-25,1,1,INE784R01023,1
ARIES,Aries Agro Limited,EQ,11-Jan-08,10,1,INE298I01015,10
ARIHANT,Arihant Foundations & Housing Limited,EQ,20-Apr-26,10,1,INE413D01011,10
ARIHANTCAP,Arihant Capital Markets Limited,EQ,15-Jun-21,1,1,INE420B01036,1
ARIS,Arisinfra Solutions Limited,EQ,25-Jun-25,2,1,INE0H9P01028,2
ARKADE,Arkade Developers Limited,EQ,24-Sep-24,10,1,INE0QRL01017,10
ARMANFIN,Arman Financial Services Limited,EQ,14-Jun-16,10,1,INE109C01017,10
ARSSBL,Anand Rathi Share and Stock Brokers Limited,EQ,30-Sep-25,5,1,INE549H01021,5
ARTEMISMED,Artemis Medicare Services Limited,EQ,23-Jan-20,1,1,INE025R01021,1
ARVIND,Arvind Limited,EQ,08-Feb-95,10,1,INE034A01011,10
ARVINDFASN,Arvind Fashions Limited,EQ,08-Mar-19,4,1,INE955V01021,4
ARVSMART,Arvind SmartSpaces Limited,EQ,26-Aug-15,10,1,INE034S01021,10
ASAHIINDIA,Asahi India Glass Limited,EQ,18-Mar-98,1,1,INE439A01020,1
ASAL,Automotive Stampings and Assemblies Limited,EQ,12-Mar-02,10,1,INE900C01027,10
ASALCBR,Associated Alcohols & Breweries Ltd.,EQ,12-Feb-20,10,1,INE073G01016,10
ASHAPURMIN,Ashapura Minechem Limited,EQ,20-Sep-95,2,1,INE348A01023,2
ASHIANA,Ashiana Housing Limited,EQ,29-Jun-11,2,1,INE365D01021,2
ASHOKA,Ashoka Buildcon Limited,EQ,14-Oct-10,5,1,INE442H01029,5
ASHOKLEY,Ashok Leyland Limited,EQ,25-May-95,1,1,INE208A01029,1
ASIANENE,Asian Energy Services Limited,EQ,09-Dec-21,10,1,INE276G01015,10
ASIANHOTNR,Asian Hotels (North) Limited,EQ,07-Apr-10,10,1,INE363A01022,10
ASIANPAINT,Asian Paints Limited,EQ,31-May-95,1,1,INE021A01026,1
ASIANTILES,Asian Granito India Limited,EQ,23-Aug-07,10,1,INE022I01019,10
ASKAUTOLTD,ASK Automotive Limited,EQ,15-Nov-23,2,1,INE491J01022,2
ASTEC,Astec LifeSciences Limited,EQ,25-Nov-09,10,1,INE563J01010,10
ASTERDM,Aster DM Quality Care Limited,EQ,26-Feb-18,10,1,INE914M01019,10
ASTRAL,Astral Limited,EQ,20-Mar-07,1,1,INE006I01046,1
ASTRAMICRO,Astra Microwave Products Limited,EQ,01-Nov-04,2,1,INE386C01029,2
ASTRAZEN,AstraZeneca Pharma India Limited,EQ,04-May-01,2,1,INE203A01020,2
ATALREAL,Atal Realtech Limited,EQ,12-May-23,2,1,INE0ALR01029,2
ATGL,Adani Total Gas Limited,EQ,05-Nov-18,1,1,INE399L01023,1
ATHERENERG,Ather Energy Limited,EQ,06-May-25,1,1,INE0LEZ01016,1
ATL,Allcargo Terminals Limited,EQ,10-Aug-23,2,1,INE0NN701020,2
ATLANTAELE,Atlanta Electricals Limited,EQ,29-Sep-25,2,1,INE0Z4F01028,2
ATUL,Atul Limited,EQ,06-May-98,10,1,INE100A01010,10
ATULAUTO,Atul Auto Limited,EQ,26-Jun-13,5,1,INE951D01028,5
AUBANK,AU Small Finance Bank Limited,EQ,10-Jul-17,10,1,INE949L01017,10
AURIONPRO,Aurionpro Solutions Limited,EQ,25-Oct-05,10,1,INE132H01018,10
AUROPHARMA,Aurobindo Pharma Limited,EQ,19-Jul-00,1,1,INE406A01037,1
AURUM,Aurum PropTech Limited,EQ,19-Aug-15,5,1,INE898S01029,5
AUTOAXLES,Automotive Axles Limited,EQ,29-May-03,10,1,INE449A01011,10
AVADHSUGAR,Avadh Sugar & Energy Limited,EQ,28-Jul-17,10,1,INE349W01017,10
AVALON,Avalon Technologies Limited,EQ,18-Apr-23,2,1,INE0LCL01028,2
AVANTEL,Avantel Limited,EQ,31-Jul-24,2,1,INE005B01027,2
AVANTIFEED,Avanti Feeds Limited,EQ,15-Apr-15,1,1,INE871C01038,1
AVL,Aditya Vision Limited,EQ,06-Nov-24,1,1,INE679V01027,1
AVTNPL,AVT Natural Products Limited,EQ,10-Jan-07,1,1,INE488D01021,1
AWFIS,Awfis Space Solutions Limited,EQ,30-May-24,10,1,INE108V01019,10
AWHCL,Antony Waste Handling Cell Limited,EQ,01-Jan-21,5,1,INE01BK01022,5
AWL,AWL Agri Business Limited,EQ,08-Feb-22,1,1,INE699H01024,1
AXISBANK,Axis Bank Limited,EQ,16-Nov-98,2,1,INE238A01034,2
AXISCADES,AXISCADES Technologies Limited,EQ,21-Dec-00,5,1,INE555B01013,5
AYE,Aye Finance Limited,EQ,16-Feb-26,2,1,INE501X01029,2
AYMSYNTEX,AYM Syntex Limited,EQ,14-Aug-15,10,1,INE193B01039,10
AZAD,Azad Engineering Limited,EQ,28-Dec-23,2,1,INE02IJ01035,2
BAJAJ-AUTO,Bajaj Auto Limited,EQ,26-May-08,10,1,INE917I01010,10
BAJAJCON,Bajaj Consumer Care Limited,EQ,18-Aug-10,1,1,INE933K01021,1
BAJAJELEC,Bajaj Electricals Limited,EQ,02-Nov-07,2,1,INE193E01025,2
BAJAJFINSV,Bajaj Finserv Limited,EQ,26-May-08,1,1,INE918I01026,1
BAJAJHCARE,Bajaj Healthcare Limited,EQ,25-Nov-21,5,1,INE411U01027,5
BAJAJHFL,Bajaj Housing Finance Limited,EQ,16-Sep-24,10,1,INE377Y01014,10
BAJAJHIND,Bajaj Hindusthan Sugar Limited,EQ,10-May-95,1,1,INE306A01021,1
BAJAJHLDNG,Bajaj Holdings & Investment Limited,EQ,15-Mar-95,10,1,INE118A01012,10
BAJEL,Bajel Projects Limited,EQ,19-Dec-23,2,1,INE0KQN01018,2
BAJFINANCE,Bajaj Finance Limited,EQ,01-Apr-03,1,1,INE296A01032,1
BALAJITELE,Balaji Telefilms Limited,EQ,22-Nov-00,2,1,INE794B01026,2
BALAMINES,Balaji Amines Limited,EQ,05-Apr-07,2,1,INE050E01027,2
BALKRISIND,Balkrishna Industries Limited,EQ,27-Jan-06,2,1,INE787D01026,2
BALMLAWRIE,Balmer Lawrie & Company Limited,EQ,06-Jul-95,10,1,INE164A01016,10
BALPHARMA,Bal Pharma Limited,EQ,08-May-06,10,1,INE083D01012,10
BALRAMCHIN,Balrampur Chini Mills Limited,EQ,08-Feb-95,1,1,INE119A01028,1
BALUFORGE,Balu Forge Industries Limited,EQ,29-Apr-24,10,1,INE011E01029,10
BANCOINDIA,Banco Products (I) Limited,EQ,22-Dec-06,2,1,INE213C01025,2
BANDHANBNK,Bandhan Bank Limited,EQ,27-Mar-18,10,1,INE545U01014,10
BANKBARODA,Bank of Baroda,EQ,19-Feb-97,2,1,INE028A01039,2
BANKINDIA,Bank of India,EQ,30-Apr-97,10,1,INE084A01016,10
BANSALWIRE,Bansal Wire Industries Limited,EQ,10-Jul-24,5,1,INE0B9K01025,5
BASF,BASF India Limited,EQ,17-May-95,10,1,INE373A01013,10
BATAINDIA,Bata India Limited,EQ,18-Jun-03,5,1,INE176A01028,5
BATLIBOI,Batliboi Limited,EQ,20-Apr-26,5,1,INE177C01022,5
BAYERCROP,Bayer Cropscience Limited,EQ,08-Jan-10,10,1,INE462A01022,10
BBL,Bharat Bijlee Limited,EQ,21-Nov-06,5,1,INE464A01036,5
BBOX,Black Box Limited,EQ,22-Jul-03,2,1,INE676A01027,2
BBTC,The Bombay Burmah Trading Corporation Limited,EQ,03-Apr-96,2,1,INE050A01025,2
BCG,Brightcom Group Limited,EQ,08-May-15,2,1,INE425B01027,2
BCLIND,Bcl Industries Limited,EQ,04-Mar-21,1,1,INE412G01024,1
BDL,Bharat Dynamics Limited,EQ,23-Mar-18,5,1,INE171Z01026,5
BECTORFOOD,Mrs. Bectors Food Specialities Limited,EQ,24-Dec-20,2,1,INE495P01020,2
BEL,Bharat Electronics Limited,EQ,19-Jul-00,1,1,INE263A01024,1
BELRISE,Belrise Industries Limited,EQ,28-May-25,5,1,INE894V01022,5
BEML,BEML Limited,EQ,05-Nov-03,5,1,INE258A01024,5
BEPL,Bhansali Engineering Polymers Limited,EQ,21-Mar-05,1,1,INE922A01025,1
BERGEPAINT,Berger Paints (I) Limited,EQ,24-Nov-99,1,1,INE463A01038,1
BESTAGRO,Best Agrolife Limited,EQ,10-Apr-24,1,1,INE052T01021,1
BETA,Beta Drugs Limited,EQ,24-Nov-25,10,1,INE351Y01019,10
BFINVEST,BF Investment Limited,EQ,14-Jan-11,5,1,INE878K01010,5
BFUTILITIE,BF Utilities Limited,EQ,03-May-07,5,1,INE243D01012,5
BHAGCHEM,Bhagiradha Chemicals & Industries Limited,EQ,18-Oct-21,1,1,INE414D01027,1
BHAGYANGR,Bhagyanagar India Limited,EQ,17-May-17,2,1,INE458B01036,2
BHARATCOAL,Bharat Coking Coal Limited,EQ,19-Jan-26,10,1,INE05XR01022,10
BHARATFORG,Bharat Forge Limited,EQ,04-Apr-03,2,1,INE465A01025,2
BHARATRAS,Bharat Rasayan Limited,EQ,11-Oct-95,5,1,INE838B01021,5
BHARATSE,Bharat Seats Limited,EQ,24-Mar-25,2,1,INE415D01024,2
BHARATWIRE,Bharat Wire Ropes Limited,EQ,01-Apr-16,10,1,INE316L01019,10
BHARTIARTL,Bharti Airtel Limited,EQ,15-Feb-02,5,1,INE397D01024,5
BHARTIHEXA,Bharti Hexacom Limited,EQ,12-Apr-24,5,1,INE343G01021,5
BHEL,Bharat Heavy Electricals Limited,EQ,11-Nov-03,2,1,INE257A01026,2
BIKAJI,Bikaji Foods International Limited,EQ,16-Nov-22,1,1,INE00E101023,1
BIL,Bhartiya International Limited,EQ,12-Apr-00,10,1,INE828A01016,10
BIOCON,Biocon Limited,EQ,07-Apr-04,5,1,INE376G01013,5
BIRLACORPN,Birla Corporation Limited,EQ,12-Apr-95,10,1,INE340A01012,10
BIRLAMONEY,Aditya Birla Money Limited,EQ,07-Feb-08,1,1,INE865C01022,1
BIRLANU,BirlaNu Limited,EQ,26-Apr-95,10,1,INE557A01011,10
BIRLAPREC,Birla Precision Technologies Limited,EQ,20-Apr-26,2,1,INE372E01025,2
BLACKBUCK,BLACKBUCK LIMITED,EQ,22-Nov-24,1,1,INE0UIZ01018,1
BLEL,Behari Lal Engineering Limited,EQ,19-Aug-26,10,1,INE1EEM01017,10
BLKASHYAP,B. L. Kashyap and Sons Limited,EQ,17-Mar-06,1,1,INE350H01032,1
BLS,BLS International Services Limited,EQ,14-Jun-16,1,1,INE153T01027,1
BLSE,BLS E-Services Limited,EQ,06-Feb-24,10,1,INE0NLT01010,10
BLUECHIP,Blue Chip India Limited,EQ,12-Mar-97,2,1,INE657B01025,2
BLUECLOUDS,Blue Cloud Softech Solutions Limited,EQ,17-Aug-26,1,1,INE373T01047,1
BLUEDART,Blue Dart Express Limited,EQ,12-Dec-02,10,1,INE233B01017,10
BLUEJET,Blue Jet Healthcare Limited,EQ,01-Nov-23,2,1,INE0KBH01020,2
BLUESTARCO,Blue Star Limited,EQ,15-Jun-00,2,1,INE472A01039,2
BLUESTONE,BlueStone Jewellery and Lifestyle Limited,EQ,19-Aug-25,1,1,INE304W01038,1
BLUSPRING,Bluspring Enterprises Limited,EQ,11-Jun-25,10,1,INE0U4101014,10
BOMDYEING,Bombay Dyeing & Mfg Company Limited,EQ,26-Apr-95,2,1,INE032A01023,2
BORANA,Borana Weaves Limited,EQ,27-May-25,10,1,INE16SF01016,10
BOROLTD,Borosil Limited,EQ,22-Jul-20,1,1,INE02PY01013,1
BORORENEW,BOROSIL RENEWABLES LIMITED,EQ,25-May-18,1,1,INE666D01022,1
BOROSCI,Borosil Scientific Limited,EQ,07-Jun-24,1,1,INE02L001032,1
BOSCH-HCIL,BOSCH HOME COMFORT INDIA LIMITED,EQ,03-Jan-00,10,1,INE782A01015,10
BOSCHLTD,Bosch Limited,EQ,12-May-03,10,1,INE323A01026,10
BPCL,Bharat Petroleum Corporation Limited,EQ,13-Sep-95,10,1,INE029A01011,10
BRIGADE,Brigade Enterprises Limited,EQ,31-Dec-07,10,1,INE791I01019,10
BRIGHOTEL,Brigade Hotel Ventures Limited,EQ,31-Jul-25,10,1,INE03NU01014,10
BRITANNIA,Britannia Industries Limited,EQ,05-Nov-98,1,1,INE216A01030,1
BSE,BSE Limited,EQ,03-Feb-17,2,1,INE118H01025,2
BSOFT,BIRLASOFT LIMITED,EQ,24-Nov-99,2,1,INE836A01035,2
BUILDPRO,Shankara Buildpro Limited,EQ,09-Jan-26,10,1,INE24OJ01011,10
BUTTERFLY,Butterfly Gandhimathi Appliances Limited,EQ,28-Apr-14,10,1,INE295F01017,10
CALSOFT,California Software Company Limited,EQ,28-Jun-00,10,1,INE526B01014,10
CAMLINFINE,Camlin Fine Sciences Limited,EQ,20-Jan-15,1,1,INE052I01032,1
CAMPUS,Campus Activewear Limited,EQ,09-May-22,5,1,INE278Y01022,5
CAMS,Computer Age Management Services Limited,EQ,07-May-21,2,1,INE596I01020,2
CANBK,Canara Bank,EQ,23-Dec-02,2,1,INE476A01022,2
CANFINHOME,Can Fin Homes Limited,EQ,10-May-95,2,1,INE477A01020,2
CANHLIFE,Canara HSBC Life Insurance Company Limited,EQ,17-Oct-25,10,1,INE01TY01017,10
CANTABIL,Cantabil Retail India Limited,EQ,12-Oct-10,2,1,INE068L01024,2
CAPACITE,Capacit'e Infraprojects Limited,EQ,25-Sep-17,10,1,INE264T01014,10
CAPILLARY,Capillary Technologies India Limited,EQ,21-Nov-25,2,1,INE0ILV01024,2
CAPITALSFB,Capital Small Finance Bank Limited,EQ,14-Feb-24,10,1,INE646H01017,10
CAPLIPOINT,Caplin Point Laboratories Limited,EQ,23-Jun-14,2,1,INE475E01026,2
CARBORUNIV,Carborundum Universal Limited,EQ,03-Apr-96,1,1,INE120A01034,1
CARERATING,CARE Ratings Limited,EQ,26-Dec-12,10,1,INE752H01013,10
CARRARO,Carraro India Limited,EQ,30-Dec-24,10,1,INE0V7W01012,10
CARTRADE,Cartrade Tech Limited,EQ,20-Aug-21,10,1,INE290S01011,10
CARYSIL,CARYSIL LIMITED,EQ,14-Jan-21,2,1,INE482D01024,2
CASTROLIND,Castrol India Limited,EQ,14-Mar-14,5,1,INE172A01027,5
CCAVENUE,AvenuesAI Limited,EQ,04-Apr-16,1,1,INE483S01020,1
CCL,CCL Products (India) Limited,EQ,07-Jun-04,2,1,INE421D01022,2
CDSL,Central Depository Services (India) Limited,EQ,30-Jun-17,10,1,INE736A01011,10
CEATLTD,CEAT Limited,EQ,01-Feb-08,10,1,INE482A01020,10
CEIGALL,Ceigall India Limited,EQ,08-Aug-24,5,1,INE0AG901020,5
CEINSYS,Ceinsys Tech Limited,EQ,19-Feb-26,10,1,INE016Q01014,10
CELLO,Cello World Limited,EQ,06-Nov-23,5,1,INE0LMW01024,5
CEMPRO,Cemindia Projects Limited,EQ,10-Feb-99,1,1,INE686A01026,1
CENTENKA,Century Enka Limited,EQ,10-May-95,10,1,INE485A01015,10
CENTEXT,Century Extrusions Limited,EQ,20-Jul-04,1,1,INE281A01026,1
CENTRALBK,Central Bank of India,EQ,21-Aug-07,10,1,INE483A01010,10
CENTRUM,Centrum Capital Limited,EQ,04-Apr-18,1,1,INE660C01027,1
CENTUM,Centum Electronics Limited,EQ,05-Oct-07,10,1,INE320B01020,10
CENTURYPLY,Century Plyboards (India) Limited,EQ,23-Mar-06,1,1,INE348B01021,1
CERA,Cera Sanitaryware Limited,EQ,02-Nov-07,5,1,INE739E01017,5
CESC,CESC Limited,EQ,08-Feb-95,1,1,INE486A01021,1
CEWATER,Concord Enviro Systems Limited,EQ,27-Dec-24,5,1,INE037Z01029,5
CGCL,Capri Global Capital Limited,EQ,29-Oct-10,1,1,INE180C01042,1
CGPOWER,CG Power and Industrial Solutions Limited,EQ,01-Mar-95,2,1,INE067A01029,2
CHALET,Chalet Hotels Limited,EQ,07-Feb-19,10,1,INE427F01016,10
CHAMBLFERT,Chambal Fertilizers & Chemicals Limited,EQ,14-Jun-95,10,1,INE085A01013,10
CHEMPLASTS,Chemplast Sanmar Limited,EQ,24-Aug-21,5,1,INE488A01050,5
CHENNPETRO,Chennai Petroleum Corporation Limited,EQ,07-Jun-00,10,1,INE178A01016,10
CHOICEIN,Choice International Limited,EQ,08-Apr-22,10,1,INE102B01014,10
CHOLAFIN,Cholamandalam Investment and Finance Company Limited,EQ,15-May-96,2,1,INE121A01024,2
CHOLAHLDNG,Cholamandalam Financial Holdings Limited,EQ,25-Sep-17,1,1,INE149A01033,1
CIEINDIA,CIE Automotive India Limited,EQ,30-Aug-07,10,1,INE536H01010,10
CIPLA,Cipla Limited,EQ,08-Feb-95,2,1,INE059A01026,2
CLEAN,Clean Science and Technology Limited,EQ,19-Jul-21,1,1,INE227W01023,1
CLEANMAX,Clean Max Enviro Energy Solutions Limited,EQ,02-Mar-26,1,1,INE647U01026,1
CLSEL,Chaman Lal Setia Exports Limited,EQ,12-May-21,2,1,INE419D01026,2
CMLL,Caliber Mining and Logistics Limited,EQ,24-Jul-26,10,1,INE11XY01018,10
CMPDI,Central Mine Planning & Design Institute Limited,EQ,30-Mar-26,2,1,INE05HV01027,2
CMRGREEN,CMR Green Technologies Limited,EQ,10-Jun-26,2,1,INE00WV01027,2
CMSINFO,CMS Info Systems Limited,EQ,31-Dec-21,10,1,INE925R01014,10
CNL,Creative Newtech Limited,EQ,05-Aug-19,10,1,INE985W01018,10
COALINDIA,Coal India Limited,EQ,04-Nov-10,10,1,INE522F01014,10
COASTCORP,Coastal Corporation Limited,EQ,08-Oct-21,2,1,INE377E01024,2
COCHINSHIP,Cochin Shipyard Limited,EQ,11-Aug-17,5,1,INE704P01025,5
COCKERILL,John Cockerill India Limited,EQ,20-Apr-26,10,1,INE515A01019,10
COFORGE,Coforge Limited,EQ,30-Aug-04,2,1,INE591G01025,2
COHANCE,Cohance Lifesciences Limited,EQ,09-Mar-20,1,1,INE03QK01018,1
COLPAL,Colgate Palmolive (India) Limited,EQ,17-Dec-07,1,1,INE259A01022,1
COMSYN,Commercial Syn Bags Limited,EQ,23-Jan-24,10,1,INE073V01015,10
CONCOR,Container Corporation of India Limited,EQ,07-May-97,5,1,INE111A01025,5
CONCORDBIO,Concord Biotech Limited,EQ,18-Aug-23,1,1,INE338H01029,1
CONFIPET,Confidence Petroleum India Limited,EQ,13-Jun-19,1,1,INE552D01024,1
CONTROLPR,Control Print Limited,EQ,24-Jun-16,10,1,INE663B01015,10
CORDELIA,Waterways Leisure Tourism Limited,EQ,01-Jul-26,10,1,INE0LZF01013,10
COROMANDEL,Coromandel International Limited,EQ,31-May-95,1,1,INE169A01031,1
CORONA,CORONA Remedies Limited,EQ,15-Dec-25,10,1,INE02ZQ01018,10
COSMOFIRST,COSMO FIRST LIMITED,EQ,25-May-95,10,1,INE757A01017,10
CPCAP,CP Capital Limited,EQ,06-Oct-10,10,1,INE521J01018,10
CPL,Captain Polyplast Limited,EQ,23-Jul-26,2,1,INE536P01021,2
CPPLUS,Aditya Infotech Limited,EQ,05-Aug-25,1,1,INE819V01029,1
CRAFTSMAN,Craftsman Automation Limited,EQ,25-Mar-21,5,1,INE00LO01017,5
CRAMC,Canara Robeco Asset Management Company Limited,EQ,16-Oct-25,10,1,INE218I01013,10
CREDITACC,CREDITACCESS GRAMEEN LIMITED,EQ,23-Aug-18,10,1,INE741K01010,10
CRISIL,Crisil Limited,EQ,28-Jun-95,1,1,INE007A01025,1
CRIZAC,Crizac Limited,EQ,09-Jul-25,2,1,INE0S4R01014,2
CROMPTON,Crompton Greaves Consumer Electricals Limited,EQ,13-May-16,2,1,INE299U01018,2
CSBBANK,CSB Bank Limited,EQ,04-Dec-19,10,1,INE679A01013,10
CSLFINANCE,CSL Finance Limited,EQ,21-Jul-22,10,1,INE718F01018,10
CSM,CSM Technologies Limited,EQ,02-Jul-26,10,1,INE0ZK601013,10
CUB,City Union Bank Limited,EQ,25-Aug-98,1,1,INE491A01021,1
CUMMINSIND,Cummins India Limited,EQ,29-Mar-95,2,1,INE298A01020,2
CUPID,Cupid Limited,EQ,16-Sep-16,1,1,INE509F01029,1
CYIENT,Cyient Limited,EQ,30-Sep-98,5,1,INE136B01020,5
CYIENTDLM,Cyient DLM Limited,EQ,10-Jul-23,10,1,INE055S01018,10
DABUR,Dabur India Limited,EQ,28-Apr-99,1,1,INE016A01026,1
DALBHARAT,Dalmia Bharat Limited,EQ,22-Jan-19,2,1,INE00R701025,2
DALMIASUG,Dalmia Bharat Sugar and Industries Limited,EQ,17-Jan-96,2,1,INE495A01022,2
DAMCAPITAL,Dam Capital Advisors Limited,EQ,27-Dec-24,2,1,INE284H01025,2
DATAMATICS,Datamatics Global Services Limited,EQ,07-May-04,5,1,INE365B01017,5
DATAPATTNS,Data Patterns (India) Limited,EQ,24-Dec-21,2,1,INE0IX101010,2
DAVANGERE,Davangere Sugar Company Limited,EQ,25-Jan-24,1,1,INE179G01029,1
DBCORP,D.B.Corp Limited,EQ,06-Jan-10,10,1,INE950I01011,10
DBL,Dilip Buildcon Limited,EQ,11-Aug-16,10,1,INE917M01012,10
DBOL,Dhampur Bio Organics Limited,EQ,08-Sep-22,10,1,INE0I3401014,10
DBREALTY,Valor Estate Limited,EQ,24-Feb-10,10,1,INE879I01012,10
DCAL,Dishman Carbogen Amcis Limited,EQ,21-Sep-17,2,1,INE385W01011,2
DCBBANK,DCB Bank Limited,EQ,27-Oct-06,10,1,INE503A01015,10
DCI,Dc Infotech And Communication Limited,EQ,19-Oct-22,10,1,INE0A1101019,10
DCMSHRIRAM,DCM Shriram Limited,EQ,12-Apr-95,2,1,INE499A01024,2
DCMSRIND,DCM Shriram Industries Limited,EQ,24-Dec-21,2,1,INE843D01027,2
DCW,DCW Limited,EQ,25-May-95,2,1,INE500A01029,2
DCXINDIA,DCX Systems Limited,EQ,11-Nov-22,2,1,INE0KL801015,2
DDEVPLSTIK,Ddev Plastiks Industries Limited,EQ,15-Jan-25,1,1,INE0HR601026,1
DECCANCE,Deccan Cements Limited,EQ,02-Aug-07,5,1,INE583C01021,5
DECNGOLD,Deccan Gold Mines Limited,EQ,20-Apr-26,1,1,INE945F01025,1
DEEDEV,DEE Development Engineers Limited,EQ,26-Jun-24,10,1,INE841L01016,10
DEEPAKFERT,Deepak Fertilizers and Petrochemicals Corporation Limited,EQ,17-Jan-03,10,1,INE501A01019,10
DEEPAKNTR,Deepak Nitrite Limited,EQ,29-Sep-10,2,1,INE288B01029,2
DEEPINDS,Deep Industries Limited,EQ,27-Apr-21,5,1,INE0FHS01024,5
DELHIVERY,Delhivery Limited,EQ,24-May-22,1,1,INE148O01028,1
DELTACORP,Delta Corp Limited,EQ,02-Nov-07,1,1,INE124G01033,1
DEN,Den Networks Limited,EQ,24-Nov-09,10,1,INE947J01015,10
DENTA,Denta Water and Infra Solutions Limited,EQ,29-Jan-25,10,1,INE0R4L01018,10
DEVYANI,Devyani International Limited,EQ,16-Aug-21,1,1,INE872J01023,1
DHABRIYA,Dhabriya Polywood Limited,EQ,17-Aug-26,10,1,INE260R01016,10
DHAMPURSUG,Dhampur Sugar Mills Limited,EQ,29-Mar-95,10,1,INE041A01016,10
DHANBANK,Dhanlaxmi Bank Limited,EQ,01-Apr-04,10,1,INE680A01011,10
DHANUKA,Dhanuka Agritech Limited,EQ,29-Jun-11,2,1,INE435G01025,2
DHARMAJ,Dharmaj Crop Guard Limited,EQ,08-Dec-22,10,1,INE00OQ01016,10
DHOOTTRANS,Dhoot Transmission Limited,EQ,17-Aug-26,2,1,INE01NH01023,2
DIAMONDYD,Prataap Snacks Limited,EQ,05-Oct-17,5,1,INE393P01035,5
DICIND,DIC India Limited,EQ,30-Aug-95,10,1,INE303A01010,10
DIFFNKG,Diffusion Engineers Limited,EQ,04-Oct-24,10,1,INE184O01015,10
DIGITIDE,Digitide Solutions Limited,EQ,11-Jun-25,10,1,INE0U4701011,10
DIVGIITTS,Divgi Torqtransfer Systems Limited,EQ,14-Mar-23,5,1,INE753U01022,5
DIVISLAB,Divi's Laboratories Limited,EQ,12-Mar-03,2,1,INE361B01024,2
DIXON,Dixon Technologies (India) Limited,EQ,18-Sep-17,2,1,INE935N01020,2
DJML,DJ Mediaprint & Logistics Limited,EQ,05-Dec-22,10,1,INE0B1K01014,10
DLF,DLF Limited,EQ,05-Jul-07,2,1,INE271C01023,2
DLINKINDIA,D-Link (India) Limited,EQ,18-Dec-09,2,1,INE250K01012,2
DMART,Avenue Supermarts Limited,EQ,21-Mar-17,10,1,INE192R01011,10
DMCC,DMCC SPECIALITY CHEMICALS LIMITED,EQ,01-Dec-21,10,1,INE505A01010,10
DODLA,Dodla Dairy Limited,EQ,28-Jun-21,10,1,INE021O01019,10
DOLATALGO,Dolat Algotech Limited,EQ,12-Jan-24,1,1,INE966A01022,1
DOLLAR,Dollar Industries Limited,EQ,21-Apr-17,2,1,INE325C01035,2
DOLPHIN,Dolphin Offshore Enterprises (India) Limited,EQ,21-Aug-23,1,1,INE920A01037,1
DOMS,DOMS Industries Limited,EQ,20-Dec-23,10,1,INE321T01012,10
DPABHUSHAN,D. P. Abhushan Limited,EQ,03-Nov-20,10,1,INE266Y01019,10
DREDGECORP,Dredging Corporation of India Limited,EQ,15-Jan-04,10,1,INE506A01018,10
DRREDDY,Dr. Reddy's Laboratories Limited,EQ,30-May-03,1,1,INE089A01031,1
DSSL,Dynacons Systems & Solutions Limited,EQ,01-Dec-11,10,1,INE417B01040,10
DVL,Dhunseri Ventures Limited,EQ,11-Jan-08,10,1,INE477B01010,10
DWARKESH,Dwarikesh Sugar Industries Limited,EQ,31-Dec-04,1,1,INE366A01041,1
DYCL,Dynamic Cables Limited,EQ,27-Jul-22,10,1,INE600Y01019,10
DYNAMATECH,Dynamatic Technologies Limited,EQ,14-Sep-06,10,1,INE221B01012,10
EASEMYTRIP,Easy Trip Planners Limited,EQ,19-Mar-21,1,1,INE07O001026,1
EBGNG,GNG Electronics Limited,EQ,30-Jul-25,2,1,INE18JU01028,2
ECLERX,eClerx Services Limited,EQ,31-Dec-07,10,1,INE738I01010,10
EDELWEISS,Edelweiss Financial Services Limited,EQ,12-Dec-07,1,1,INE532F01054,1
EFCIL,EFC (I) Limited,EQ,20-Aug-25,2,1,INE886D01026,2
EICHERMOT,Eicher Motors Limited,EQ,07-Sep-04,1,1,INE066A01021,1
EIDPARRY,EID Parry India Limited,EQ,10-May-95,1,1,INE126A01031,1
EIEL,Enviro Infra Engineers Limited,EQ,29-Nov-24,10,1,INE0LLY01014,10
EIHAHOTELS,EIH Associated Hotels Limited,EQ,08-Apr-08,10,1,INE276C01014,10
EIHOTEL,EIH Limited,EQ,08-Feb-95,2,1,INE230A01023,2
EIMCOELECO,Eimco Elecon (India) Limited,EQ,17-Apr-96,10,1,INE158B01016,10
EKC,Everest Kanto Cylinder Limited,EQ,15-Dec-05,2,1,INE184H01027,2
ELECON,Elecon Engineering Company Limited,EQ,29-Sep-06,1,1,INE205B01031,1
ELECTCAST,Electrosteel Castings Limited,EQ,20-Jun-03,1,1,INE086A01029,1
ELECTHERM,Electrotherm (India) Limited,EQ,20-Aug-07,10,1,INE822G01016,10
ELGIEQUIP,Elgi Equipments Limited,EQ,22-Nov-95,1,1,INE285A01027,1
ELGIRUBCO,Elgi Rubber Company Limited,EQ,10-Aug-11,1,1,INE819L01012,1
ELIN,Elin Electronics Limited,EQ,30-Dec-22,5,1,INE050401020,5
ELITECON,Elitecon International Limited,EQ,20-Apr-26,1,1,INE669R01026,1
ELLEN,Ellenbarrie Industrial Gases Limited,EQ,01-Jul-25,2,1,INE236E01022,2
ELPROINTL,Elpro International Limited,EQ,20-Apr-26,1,1,INE579B01039,1
EMAMILTD,Emami Limited,EQ,03-Aug-06,1,1,INE548C01032,1
EMBDL,Embassy Developments Limited,EQ,23-Mar-07,2,1,INE069I01010,2
EMCURE,Emcure Pharmaceuticals Limited,EQ,10-Jul-24,10,1,INE168P01015,10
EMIL,Electronics Mart India Limited,EQ,17-Oct-22,10,1,INE02YR01019,10
EMKAY,Emkay Global Financial Services Limited,EQ,28-Apr-06,10,1,INE296H01011,10
EMMVEE,Emmvee Photovoltaic Power Limited,EQ,18-Nov-25,2,1,INE1C6T01020,2
EMPIND,Empire Industries Limited,EQ,17-Aug-26,10,1,INE515H01014,10
EMPOWER,Empower India Limited,EQ,20-Apr-26,1,1,INE507F01023,1
EMSLIMITED,EMS Limited,EQ,21-Sep-23,10,1,INE0OV601013,10
EMUDHRA,eMudhra Limited,EQ,01-Jun-22,5,1,INE01QM01018,5
ENDURANCE,Endurance Technologies Limited,EQ,19-Oct-16,10,1,INE913H01037,10
ENGINERSIN,Engineers India Limited,EQ,20-Aug-97,5,1,INE510A01028,5
ENRIN,Siemens Energy India Limited,EQ,19-Jun-25,2,1,INE1NPP01017,2
ENTERO,Entero Healthcare Solutions Limited,EQ,16-Feb-24,10,1,INE010601016,10
EPACK,EPACK Durable Limited,EQ,30-Jan-24,10,1,INE0G5901015,10
EPACKPEB,EPack Prefab Technologies Limited,EQ,01-Oct-25,2,1,INE0MLS01022,2
EPIGRAL,Epigral Limited,EQ,18-Aug-21,10,1,INE071N01016,10
EPL,EPL Limited,EQ,11-Feb-02,2,1,INE255A01020,2
EQUITASBNK,Equitas Small Finance Bank Limited,EQ,02-Nov-20,10,1,INE063P01018,10
ERIS,Eris Lifesciences Limited,EQ,29-Jun-17,1,1,INE406M01024,1
ESABINDIA,Esab India Limited,EQ,01-Nov-95,10,1,INE284A01012,10
ESCORTS,Escorts Kubota Limited,EQ,01-Mar-95,10,1,INE042A01014,10
ESTER,Ester Industries Limited,EQ,20-Jun-11,5,1,INE778B01029,5
ETERNAL,ETERNAL LIMITED,EQ,23-Jul-21,1,1,INE758T01015,1
ETHOSLTD,Ethos Limited,EQ,30-May-22,10,1,INE04TZ01018,10
EUREKAFORB,Eureka Forbes Limited,EQ,11-Sep-24,10,1,INE0KCE01017,10
EUROPRATIK,Euro Pratik Sales Limited,EQ,23-Sep-25,1,1,INE198501012,1
EVEREADY,Eveready Industries India Limited,EQ,27-Apr-05,5,1,INE128A01029,5
EXCELINDUS,Excel Industries Limited,EQ,16-Jun-04,5,1,INE369A01029,5
EXCELSOFT,Excelsoft Technologies Limited,EQ,26-Nov-25,10,1,INE606N01019,10
EXICOM,Exicom Tele-Systems Limited,EQ,05-Mar-24,10,1,INE777F01014,10
EXIDEIND,Exide Industries Limited,EQ,17-Jun-03,1,1,INE302A01020,1
EXPLEOSOL,Expleo Solutions Limited,EQ,26-Oct-09,10,1,INE201K01015,10
FABTECH,Fabtech Technologies Limited,EQ,07-Oct-25,10,1,INE0HF201011,10
FACT,Fertilizers and Chemicals Travancore Limited,EQ,12-Apr-95,10,1,INE188A01015,10
FAZE3Q,Faze Three Limited,EQ,18-Nov-22,10,1,INE963C01033,10
FCL,Fineotex Chemical Limited,EQ,15-Jan-15,1,1,INE045J01034,1
FDC,FDC Limited,EQ,07-Aug-97,1,1,INE258B01022,1
FEDDERSHOL,Fedders Holding Limited,EQ,20-Apr-26,1,1,INE417D01020,1
FEDERALBNK,The Federal Bank  Limited,EQ,08-Feb-95,2,1,INE171A01029,2
FEDFINA,Fedbank Financial Services Limited,EQ,30-Nov-23,10,1,INE007N01010,10
FERMENTA,Fermenta Biotech Limited,EQ,04-Aug-26,5,1,INE225B01021,5
FIEMIND,Fiem Industries Limited,EQ,19-Oct-06,10,1,INE737H01014,10
FILATEX,Filatex India Limited,EQ,29-Aug-11,1,1,INE816B01035,1
FINCABLES,Finolex Cables Limited,EQ,15-Feb-95,2,1,INE235A01022,2
FINEORG,Fine Organic Industries Limited,EQ,02-Jul-18,5,1,INE686Y01026,5
FINKURVE,Finkurve Financial Services Limited,EQ,01-Oct-25,1,1,INE734I01027,1
FINOPB,Fino Payments Bank Limited,EQ,12-Nov-21,10,1,INE02NC01014,10
FINPIPE,Finolex Industries Limited,EQ,08-Feb-95,2,1,INE183A01024,2
FIRSTCRY,Brainbees Solutions Limited,EQ,13-Aug-24,2,1,INE02RE01045,2
FISCHER,Fischer Medical Ventures Limited,EQ,10-Jul-25,1,1,INE771F01041,1
FIVESTAR,Five-Star Business Finance Limited,EQ,21-Nov-22,1,1,INE128S01021,1
FLAIR,Flair Writing Industries Limited,EQ,01-Dec-23,5,1,INE00Y201027,5
FLUOROCHEM,Gujarat Fluorochemicals Limited,EQ,16-Oct-19,1,1,INE09N301011,1
FMGOETZE,Federal-Mogul Goetze (India) Limited.,EQ,08-Feb-95,10,1,INE529A01010,10
FOODSIN,Foods & Inns Limited,EQ,16-Nov-21,1,1,INE976E01023,1
FORCEMOT,FORCE MOTORS LTD,EQ,14-Feb-24,10,1,INE451A01017,10
FORTIS,Fortis Healthcare Limited,EQ,09-May-07,10,1,INE061F01013,10
FOSECOIND,Foseco India Limited,EQ,05-May-03,10,1,INE519A01011,10
FRACTAL,Fractal Analytics Limited,EQ,16-Feb-26,1,1,INE212S01015,1
FREDUN,Fredun Pharmaceuticals Limited,EQ,17-Aug-26,10,1,INE194R01017,10
FRONTSP,Frontier Springs Limited,EQ,20-Apr-26,10,1,INE572D01014,10
FSL,Firstsource Solutions Limited,EQ,22-Feb-07,10,1,INE684F01012,10
FUSION,Fusion Finance Limited,EQ,15-Nov-22,10,1,INE139R01012,10
GABRIEL,Gabriel India Limited,EQ,20-Apr-05,1,1,INE524A01029,1
GAEL,Gujarat Ambuja Exports Limited,EQ,11-Oct-00,1,1,INE036B01030,1
GAIL,GAIL (India) Limited,EQ,02-Apr-97,10,1,INE129A01019,10
GALAPREC,Gala Precision Engineering Limited,EQ,09-Sep-24,10,1,INE0RE001014,10
GALAXYSURF,Galaxy Surfactants Limited,EQ,08-Feb-18,10,1,INE600K01018,10
GALLANTT,Gallantt Ispat Limited,EQ,04-Apr-06,10,1,INE297H01019,10
GANDHAR,Gandhar Oil Refinery (India) Limited,EQ,30-Nov-23,2,1,INE717W01049,2
GANDHITUBE,Gandhi Special Tubes Limited,EQ,31-Jan-07,5,1,INE524B01027,5
GANECOS,Ganesha Ecosphere Limited,EQ,09-Mar-15,10,1,INE845D01014,10
GANESHCP,Ganesh Consumer Products Limited,EQ,29-Sep-25,10,1,INE652V01016,10
GANESHHOU,GANESH HOUSING LIMITED,EQ,02-Mar-07,10,1,INE460C01014,10
GARFIBRES,Garware Technical Fibres Limited,EQ,03-Apr-07,10,1,INE276A01018,10
GARUDA,Garuda Construction and Engineering Limited,EQ,15-Oct-24,5,1,INE0JVO01026,5
GATEWAY,Gateway Distriparks Limited,EQ,22-Mar-22,10,1,INE079J01017,10
GCSL,Gretex Corporate Services Limited,EQ,04-Sep-25,10,1,INE199P01028,10
GEEKAYWIRE,Geekay Wires Limited,EQ,06-Mar-20,1,1,INE669X01032,1
GEMAROMA,Gem Aromatics Limited,EQ,26-Aug-25,2,1,INE06XZ01023,2
GENCON,Generic Engineering Construction and Projects Limited,EQ,16-Feb-21,5,1,INE854S01022,5
GENESYS,Genesys International Corporation Limited,EQ,23-Jan-03,5,1,INE727B01026,5
GENUSPOWER,Genus Power Infrastructures Limited,EQ,08-Jul-05,1,1,INE955D01029,1
GEOJITFSL,Geojit Financial Services Limited,EQ,01-Jul-05,1,1,INE007B01023,1
GESHIP,The Great Eastern Shipping Company Limited,EQ,27-Nov-06,10,1,INE017A01032,10
GFLLIMITED,GFL Limited,EQ,25-May-95,1,1,INE538A01037,1
GHCL,GHCL Limited,EQ,31-Jul-03,10,1,INE539A01019,10
GHCLTEXTIL,GHCL Textiles Limited,EQ,12-Jun-23,2,1,INE0PA801013,2
GICHSGFIN,GIC Housing Finance Limited,EQ,08-May-96,10,1,INE289B01019,10
GICL,Globe International Carriers Limited,EQ,18-Feb-26,5,1,INE947T01022,5
GICRE,General Insurance Corporation of India,EQ,25-Oct-17,5,1,INE481Y01014,5
GILLETTE,Gillette India Limited,EQ,30-Jul-03,10,1,INE322A01010,10
GIPCL,Gujarat Industries Power Company Limited,EQ,08-Feb-95,10,1,INE162A01010,10
GKENERGY,GK Energy Limited,EQ,26-Sep-25,2,1,INE1AG301022,2
GKSL,Gujarat Kidney And Super Speciality Limited,EQ,30-Dec-25,2,1,INE0V0W01025,2
GLAND,Gland Pharma Limited,EQ,20-Nov-20,1,1,INE068V01023,1
GLAXO,GlaxoSmithKline Pharmaceuticals Limited,EQ,15-Dec-00,10,1,INE159A01016,10
GLENMARK,Glenmark Pharmaceuticals Limited,EQ,07-Feb-00,1,1,INE935A01035,1
GLOBAL,Global Education Limited,EQ,07-Dec-20,2,1,INE291W01037,2
GLOBUSSPR,Globus Spirits Limited,EQ,23-Sep-09,10,1,INE615I01010,10
GMBREW,GM Breweries Limited,EQ,23-Aug-95,10,1,INE075D01018,10
GMDCLTD,Gujarat Mineral Development Corporation Limited,EQ,17-Dec-97,2,1,INE131A01031,2
GMMPFAUDLR,GMM Pfaudler Limited,EQ,05-Mar-18,2,1,INE541A01023,2
GMRAIRPORT,GMR AIRPORTS LIMITED,EQ,21-Aug-06,1,1,INE776C01039,1
GMRP&UI,GMR Power and Urban Infra Limited,EQ,23-Mar-22,5,1,INE0CU601026,5
GNA,GNA Axles Limited,EQ,26-Sep-16,10,1,INE934S01014,10
GNFC,Gujarat Narmada Valley Fertilizers and Chemicals Limited,EQ,17-May-95,10,1,INE113A01013,10
GNRL,Gujarat Natural Resources Limited,EQ,20-Apr-26,10,1,INE207H01018,10
GOACARBON,Goa Carbon Limited,EQ,05-Jun-07,10,1,INE426D01013,10
GOCLCORP,GOCL Corporation Limited,EQ,26-Jun-14,2,1,INE077F01035,2
GOCOLORS,Go Fashion (India) Limited,EQ,30-Nov-21,10,1,INE0BJS01011,10
GODAVARIB,Godavari Biorefineries Limited,EQ,30-Oct-24,10,1,INE497S01012,10
GODFRYPHLP,Godfrey Phillips India Limited,EQ,24-Jul-96,2,1,INE260B01028,2
GODIGIT,Go Digit General Insurance Limited,EQ,23-May-24,10,1,INE03JT01014,10
GODREJAGRO,Godrej Agrovet Limited,EQ,16-Oct-17,10,1,INE850D01014,10
GODREJCP,Godrej Consumer Products Limited,EQ,20-Jun-01,1,1,INE102D01028,1
GODREJIND,Godrej Industries Limited,EQ,25-Feb-03,1,1,INE233A01035,1
GODREJPROP,Godrej Properties Limited,EQ,05-Jan-10,5,1,INE484J01027,5
GOKEX,Gokaldas Exports Limited,EQ,27-Apr-05,5,1,INE887G01027,5
GOKUL,Gokul Refoils and Solvent Limited,EQ,04-Jun-08,2,1,INE020J01029,2
GOKULAGRO,Gokul Agro Resources Limited,EQ,11-Mar-16,1,1,INE314T01033,1
GOLDIAM,Goldiam International Limited,EQ,29-Aug-05,2,1,INE025B01025,2
GOODLUCK,Goodluck India Limited,EQ,08-Jan-15,2,1,INE127I01024,2
GOODYEAR,Goodyear India Limited,EQ,20-Apr-26,10,1,INE533A01012,10
GOPAL,Gopal Snacks Limited,EQ,14-Mar-24,1,1,INE0L9R01028,1
GPIL,Godawari Power And Ispat limited,EQ,25-Apr-06,1,1,INE177H01039,1
GPPL,Gujarat Pipavav Port Limited,EQ,09-Sep-10,10,1,INE517F01014,10
GPTHEALTH,GPT Healthcare Limited,EQ,29-Feb-24,10,1,INE486R01017,10
GPTINFRA,GPT Infraprojects Limited,EQ,11-Jul-16,10,1,INE390G01014,10
GRANULES,Granules India Limited,EQ,20-Jun-05,1,1,INE101D01020,1
GRAPHITE,Graphite India Limited,EQ,07-Feb-03,2,1,INE371A01025,2
GRASIM,Grasim Industries Limited,EQ,10-May-95,2,1,INE047A01021,2
GRAUWEIL,Grauer & Weil India Limited,EQ,20-Apr-26,1,1,INE266D01021,1
GRAVITA,Gravita India Limited,EQ,16-Nov-10,2,1,INE024L01027,2
GREAVESCOT,Greaves Cotton Limited,EQ,09-Sep-04,2,1,INE224A01026,2
GREENLAM,Greenlam Industries Limited,EQ,02-Mar-15,1,1,INE544R01021,1
GREENPANEL,Greenpanel Industries Limited,EQ,23-Oct-19,1,1,INE08ZM01014,1
GREENPLY,Greenply Industries Limited,EQ,06-Mar-96,1,1,INE461C01038,1
GREENPOWER,Orient Green Power Company Limited,EQ,08-Oct-10,10,1,INE999K01014,10
GRINDWELL,Grindwell Norton Limited,EQ,11-Sep-06,5,1,INE536A01023,5
GRINFRA,G R Infraprojects Limited,EQ,19-Jul-21,5,1,INE201P01022,5
GRMOVER,GRM Overseas Limited,EQ,07-Sep-22,2,1,INE192H01020,2
GROWW,Billionbrains Garage Ventures Limited,EQ,12-Nov-25,2,1,INE0HOQ01053,2
GRSE,Garden Reach Shipbuilders & Engineers Limited,EQ,10-Oct-18,10,1,INE382Z01011,10
GRWRHITECH,Garware Hi-Tech Films Limited,EQ,03-Feb-22,10,1,INE291A01017,10
GSFC,Gujarat State Fertilizers & Chemicals Limited,EQ,06-Sep-95,2,1,INE026A01025,2
GSPCROP,GSP Crop Science Limited,EQ,24-Mar-26,10,1,INE713R01022,10
GTLINFRA,GTL Infrastructure Limited,EQ,09-Nov-06,10,1,INE221H01019,10
GUFICBIO,Gufic Biosciences Limited,EQ,19-Oct-04,1,1,INE742B01025,1
GUJALKALI,Gujarat Alkalies and Chemicals Limited,EQ,07-Aug-97,10,1,INE186A01019,10
GUJENERGY,GUJARAT ENERGY LIMITED,EQ,15-Sep-15,2,1,INE844O01030,2
GUJTHEM,Gujarat Themis Biosyn Limited,EQ,25-Feb-25,1,1,INE942C01045,1
GULFOILLUB,Gulf Oil Lubricants India Limited,EQ,31-Jul-14,2,1,INE635Q01029,2
GULPOLY,Gulshan Polyols Limited,EQ,28-Jan-15,1,1,INE255D01024,1
GVPIL,GE Power India Limited,EQ,19-Apr-00,10,1,INE878A01011,10
GVT&D,GE Vernova T&D India Limited,EQ,30-Jun-08,2,1,INE200A01026,2
GYFTR,Gyftr Limited,EQ,10-Jul-26,10,1,INE724A01017,10
HAL,Hindustan Aeronautics Limited,EQ,28-Mar-18,5,1,INE066F01020,5
HALDER,Halder Venture Limited,EQ,19-Jan-26,10,1,INE115S01010,10
HAPPSTMNDS,Happiest Minds Technologies Limited,EQ,17-Sep-20,2,1,INE419U01012,2
HAPPYFORGE,Happy Forgings Limited,EQ,27-Dec-23,2,1,INE330T01021,2
HARIOMPIPE,Hariom Pipe Industries Limited,EQ,13-Apr-22,10,1,INE00EV01017,10
HARSHA,Harsha Engineers International Limited,EQ,26-Sep-22,10,1,INE0JUS01029,10
HATHWAY,Hathway Cable & Datacom Limited,EQ,25-Feb-10,2,1,INE982F01036,2
HATSUN,Hatsun Agro Product Limited,EQ,20-Jun-14,1,1,INE473B01035,1
HAVELLS,Havells India Limited,EQ,21-Mar-01,1,1,INE176B01034,1
HAZOOR,Hazoor Multi Projects Limited,EQ,17-Aug-26,1,1,INE550F01049,1
HBLENGINE,HBL Engineering Limited,EQ,04-Jan-07,1,1,INE292B01021,1
HCC,Hindustan Construction Company Limited,EQ,01-Apr-03,1,1,INE549A01026,1
HCG,Healthcare Global Enterprises Limited,EQ,30-Mar-16,10,1,INE075I01017,10
HCL-INSYS,HCL Infosystems Limited,EQ,01-Jan-97,2,1,INE236A01020,2
HCLTECH,HCL Technologies Limited,EQ,06-Jan-00,2,1,INE860A01027,2
HDBFS,HDB Financial Services Limited,EQ,02-Jul-25,10,1,INE756I01012,10
HDFCAMC,HDFC Asset Management Company Limited,EQ,06-Aug-18,5,1,INE127D01025,5
HDFCBANK,HDFC Bank Limited,EQ,08-Nov-95,1,1,INE040A01034,1
HDFCLIFE,HDFC Life Insurance Company Limited,EQ,17-Nov-17,10,1,INE795G01014,10
HEG,HEG Limited,EQ,10-May-95,2,1,INE545A01024,2
HEIDELBERG,HeidelbergCement India Limited,EQ,15-Mar-95,10,1,INE578A01017,10
HEMIPROP,Hemisphere Properties India Limited,EQ,22-Oct-20,10,1,INE0AJG01018,10
HERANBA,Heranba Industries Limited,EQ,05-Mar-21,10,1,INE694N01015,10
HERITGFOOD,Heritage Foods Limited,EQ,27-Nov-96,5,1,INE978A01027,5
HEROMOTOCO,Hero MotoCorp Limited,EQ,11-Apr-03,2,1,INE158A01026,2
HESTERBIO,Hester Biosciences Limited,EQ,13-Mar-15,10,1,INE782E01017,10
HEXT,Hexaware Technologies Limited,EQ,19-Feb-25,1,1,INE093A01041,1
HFCL,HFCL Limited,EQ,09-Mar-11,1,1,INE548A01028,1
HGINFRA,H.G. Infra Engineering Limited,EQ,09-Mar-18,10,1,INE926X01010,10
HGS,Hinduja Global Solutions Limited,EQ,19-Jun-07,10,1,INE170I01016,10
HIKAL,Hikal Limited,EQ,14-Feb-01,2,1,INE475B01022,2
HIMATSEIDE,Himatsingka Seide Limited,EQ,08-Feb-95,5,1,INE049A01027,5
HINDADH,Hindustan Adhesives Limited,EQ,17-Aug-26,10,1,INE074C01013,10
HINDALCO,Hindalco Industries Limited,EQ,08-Jan-97,1,1,INE038A01020,1
HINDCOPPER,Hindustan Copper Limited,EQ,15-Sep-10,5,1,INE531E01026,5
HINDOILEXP,Hindustan Oil Exploration Company Limited,EQ,23-Sep-03,10,1,INE345A01011,10
HINDPETRO,Hindustan Petroleum Corporation Limited,EQ,17-Jun-98,10,1,INE094A01015,10
HINDUNILVR,Hindustan Unilever Limited,EQ,06-Jul-95,1,1,INE030A01027,1
HINDWAREAP,Hindware Home Innovation Limited,EQ,26-Dec-19,2,1,INE05AN01011,2
HINDZINC,Hindustan Zinc Limited,EQ,21-Nov-06,2,1,INE267A01025,2
HIRECT,Hirect Limited,EQ,26-Dec-06,2,1,INE835D01023,2
HITECH,Hi-Tech Pipes Limited,EQ,07-May-18,1,1,INE106T01025,1
HLEGLAS,HLE Glascoat Limited,EQ,09-Feb-23,2,1,INE461D01028,2
HMAAGRO,HMA Agro Industries Limited,EQ,04-Jul-23,1,1,INE0ECP01024,1
HNDFDS,Hindustan Foods Limited,EQ,06-Jun-23,2,1,INE254N01026,2
HOMEFIRST,Home First Finance Company India Limited,EQ,03-Feb-21,2,1,INE481N01025,2
HONASA,Honasa Consumer Limited,EQ,07-Nov-23,10,1,INE0J5401028,10
HPL,HPL Electric & Power Limited,EQ,04-Oct-16,10,1,INE495S01016,10
HSCL,Himadri Speciality Chemical Limited,EQ,02-Mar-07,1,1,INE019C01026,1
HTMEDIA,HT Media Limited,EQ,01-Sep-05,2,1,INE501G01024,2
HUBTOWN,Hubtown Limited,EQ,07-Feb-07,10,1,INE703H01016,10
HUDCO,Housing & Urban Development Corporation Limited,EQ,19-May-17,10,1,INE031A01017,10
HUHTAMAKI,Huhtamaki India Limited,EQ,01-Oct-04,2,1,INE275B01026,2
HYUNDAI,Hyundai Motor India Limited,EQ,22-Oct-24,10,1,INE0V6F01027,10
IBULLSLTD,Indiabulls Limited,EQ,18-Aug-11,2,1,INE126M01010,2
ICEMAKE,Ice Make Refrigeration Limited,EQ,12-Oct-20,10,1,INE520Y01019,10
ICICIAMC,ICICI Prudential Asset Management Company Limited,EQ,19-Dec-25,1,1,INE346A01027,1
ICICIBANK,ICICI Bank Limited,EQ,17-Sep-97,2,1,INE090A01021,2
ICICIGI,ICICI Lombard General Insurance Company Limited,EQ,27-Sep-17,10,1,INE765G01017,10
ICICIPRULI,ICICI Prudential Life Insurance Company Limited,EQ,29-Sep-16,10,1,INE726G01019,10
ICIL,Indo Count Industries Limited,EQ,12-Sep-05,2,1,INE483B01026,2
ICRA,ICRA Limited,EQ,13-Apr-07,10,1,INE725G01011,10
IDBI,IDBI Bank Limited,EQ,20-Sep-95,10,1,INE008A01015,10
IDEA,Vodafone Idea Limited,EQ,09-Mar-07,10,1,INE669E01016,10
IDEAFORGE,Ideaforge Technology Limited,EQ,07-Jul-23,10,1,INE349Y01013,10
IDFCFIRSTB,IDFC First Bank Limited,EQ,06-Nov-15,10,1,INE092T01019,10
IEX,Indian Energy Exchange Limited,EQ,23-Oct-17,1,1,INE022Q01020,1
IFBIND,IFB Industries Limited,EQ,29-Mar-95,10,1,INE559A01017,10
IFCI,IFCI Limited,EQ,26-Apr-95,10,1,INE039A01010,10
IFGLEXPOR,IFGL Refractories Limited,EQ,14-Nov-17,10,1,INE133Y01011,10
IGARASHI,Igarashi Motors India Limited,EQ,09-Oct-03,10,1,INE188B01013,10
IGCL,Indogulf Cropsciences Limited,EQ,03-Jul-25,10,1,INE05J901018,10
IGIL,International Gemological Institute Limited,EQ,20-Dec-24,2,1,INE0Q9301021,2
IGL,Indraprastha Gas Limited,EQ,26-Dec-03,2,1,INE203G01027,2
IGPL,IG Petrochemicals Limited,EQ,29-Jan-07,10,1,INE204A01010,10
IIFL,IIFL Finance Limited,EQ,17-May-05,2,1,INE530B01024,2
IIFLCAPS,IIFL Capital Services Limited,EQ,20-Sep-19,2,1,INE489L01022,2
IITL,Industrial Investment Trust Limited,EQ,17-Aug-10,10,1,INE886A01014,10
IKIO,IKIO Technologies Limited,EQ,16-Jun-23,10,1,INE0LOJ01019,10
IKS,Inventurus Knowledge Solutions Limited,EQ,19-Dec-24,1,1,INE115Q01022,1
IMAGICAA,Imagicaaworld Entertainment Limited,EQ,06-Apr-15,10,1,INE172N01012,10
IMFA,Indian Metals & Ferro Alloys Limited,EQ,23-Jul-10,10,1,INE919H01018,10
INA,Insolation Energy Limited,EQ,09-Mar-26,1,1,INE0LGX01024,1
INDGN,Indegene Limited,EQ,13-May-24,2,1,INE065X01017,2
INDHOTEL,The Indian Hotels Company Limited,EQ,03-Jul-96,1,1,INE053A01029,1
INDIACEM,The India Cements Limited,EQ,31-May-00,10,1,INE383A01012,10
INDIAGLYCO,India Glycols Limited,EQ,01-Jul-05,5,1,INE560A01023,5
INDIAMART,Indiamart Intermesh Limited,EQ,04-Jul-19,10,1,INE933S01016,10
INDIANB,Indian Bank,EQ,01-Mar-07,10,1,INE562A01011,10
INDIANHUME,Indian Hume Pipe Company Limited,EQ,30-Aug-95,2,1,INE323C01030,2
INDIASHLTR,India Shelter Finance Corporation Limited,EQ,20-Dec-23,5,1,INE922K01024,5
INDIGO,InterGlobe Aviation Limited,EQ,10-Nov-15,10,1,INE646L01027,10
INDIGOPNTS,Indigo Paints Limited,EQ,02-Feb-21,10,1,INE09VQ01012,10
INDIQUBE,Indiqube Spaces Limited,EQ,30-Jul-25,1,1,INE06ST01018,1
INDNIPPON,India Nippon Electricals Limited,EQ,07-May-97,5,1,INE092B01025,5
INDOBORAX,Indo Borax & Chemicals Limited,EQ,29-Mar-22,1,1,INE803D01021,1
INDOCO,Indoco Remedies Limited,EQ,14-Jan-05,2,1,INE873D01024,2
INDOFARM,Indo Farm Equipment Limited,EQ,07-Jan-25,10,1,INE622H01018,10
INDOMIM,INDO-MIM Limited,EQ,30-Jul-26,1,1,INE084101034,1
INDORAMA,Indo Rama Synthetics (India) Limited,EQ,20-Jun-03,10,1,INE156A01020,10
INDOSTAR,IndoStar Capital Finance Limited,EQ,21-May-18,10,1,INE896L01010,10
INDOTECH,Indo Tech Transformers Limited,EQ,16-Mar-06,10,1,INE332H01014,10
INDOTHAI,Indo Thai Securities Limited,EQ,02-Nov-11,1,1,INE337M01021,1
INDRAMEDCO,Indraprastha Medical Corporation Limited,EQ,17-Apr-97,10,1,INE681B01017,10
INDSWFTLAB,Ind-Swift Laboratories Limited,EQ,02-Jul-97,10,1,INE915B01019,10
INDUSINDBK,IndusInd Bank Limited,EQ,28-Jan-98,10,1,INE095A01012,10
INDUSTOWER,Indus Towers Limited,EQ,28-Dec-12,10,1,INE121J01017,10
INFOBEAN,InfoBeans Technologies Limited,EQ,15-Jul-19,10,1,INE344S01016,10
INFY,Infosys Limited,EQ,08-Feb-95,5,1,INE009A01021,5
INGERRAND,Ingersoll Rand (India) Limited,EQ,15-Apr-99,10,1,INE177A01018,10
INNOVACAP,Innova Captab Limited,EQ,29-Dec-23,10,1,INE0DUT01020,10
INNOVISION,Innovision Limited,EQ,23-Mar-26,10,1,INE0ADB01012,10
INOXGREEN,Inox Green Energy Services Limited,EQ,23-Nov-22,10,1,INE510W01014,10
INOXINDIA,INOX India Limited,EQ,21-Dec-23,2,1,INE616N01034,2
INOXWIND,Inox Wind Limited,EQ,09-Apr-15,10,1,INE066P01011,10
INSECTICID,Insecticides (India) Limited,EQ,30-May-07,10,1,INE070I01018,10
INTELLECT,Intellect Design Arena Limited,EQ,18-Dec-14,5,1,INE306R01017,5
INTERARCH,Interarch Building Solutions Limited,EQ,26-Aug-24,10,1,INE00M901018,10
IOB,Indian Overseas Bank,EQ,07-Dec-00,10,1,INE565A01014,10
IOC,Indian Oil Corporation Limited,EQ,24-Jul-96,10,1,INE242A01010,10
IOLCP,IOL Chemicals and Pharmaceuticals Limited,EQ,08-Nov-10,2,1,INE485C01029,2
IONEXCHANG,ION Exchange (India) Limited,EQ,22-Feb-22,1,1,INE570A01022,1
IPCALAB,IPCA Laboratories Limited,EQ,08-Feb-95,1,1,INE571A01038,1
IPL,India Pesticides Limited,EQ,05-Jul-21,1,1,INE0D6701023,1
IRB,IRB Infrastructure Developers Limited,EQ,25-Feb-08,1,1,INE821I01022,1
IRCON,Ircon International Limited,EQ,28-Sep-18,2,1,INE962Y01021,2
IRCTC,Indian Railway Catering And Tourism Corporation Limited,EQ,14-Oct-19,2,1,INE335Y01020,2
IREDA,Indian Renewable Energy Development Agency Limited,EQ,29-Nov-23,10,1,INE202E01016,10
IRFC,Indian Railway Finance Corporation Limited,EQ,29-Jan-21,10,1,INE053F01010,10
IRIS,IRIS RegTech Solutions Limited,EQ,08-Nov-21,10,1,INE864K01010,10
IRISDOREME,Iris Clothings Limited,EQ,22-Feb-21,2,1,INE01GN01025,2
IRMENERGY,IRM Energy Limited,EQ,26-Oct-23,10,1,INE07U701015,10
ISFT,Intrasoft Technologies Limited,EQ,12-Apr-10,10,1,INE566K01011,10
ISGEC,Isgec Heavy Engineering Limited,EQ,05-May-21,1,1,INE858B01029,1
ITC,ITC Limited,EQ,23-Aug-95,1,1,INE154A01025,1
ITCHOTELS,ITC Hotels Limited,EQ,29-Jan-25,1,1,INE379A01028,1
ITDC,India Tourism Development Corporation Limited,EQ,30-Dec-16,10,1,INE353K01014,10
ITI,ITI Limited,EQ,15-Sep-03,10,1,INE248A01017,10
IVALUE,Ivalue Infosolutions Limited,EQ,25-Sep-25,2,1,INE056801025,2
IXIGO,Le Travenues Technology Limited,EQ,18-Jun-24,1,1,INE0HV901016,1
IZMO,IZMO Limited,EQ,05-Feb-07,10,1,INE848A01014,10
J&KBANK,The Jammu & Kashmir Bank Limited,EQ,22-Jul-98,1,1,INE168A01041,1
JAGRAN,Jagran Prakashan Limited,EQ,22-Feb-06,2,1,INE199G01027,2
JAGSNPHARM,Jagsonpal Pharmaceuticals Limited,EQ,01-Mar-00,2,1,INE048B01035,2
JAIBALAJI,Jai Balaji Industries Limited,EQ,09-Dec-03,2,1,INE091G01026,2
JAICORPLTD,Jai Corp Limited,EQ,26-Nov-97,1,1,INE070D01027,1
JAINREC,Jain Resource Recycling Limited,EQ,01-Oct-25,2,1,INE0YD401026,2
JAMNAAUTO,Jamna Auto Industries Limited,EQ,10-Dec-10,1,1,INE039C01032,1
JARO,Jaro Institute of Technology Management and Research Limited,EQ,30-Sep-25,10,1,INE00YJ01010,10
JASH,Jash Engineering Limited,EQ,30-Oct-19,2,1,INE039O01029,2
JAYAGROGN,Jayant Agro Organics Limited,EQ,17-Apr-96,5,1,INE785A01026,5
JAYBARMARU,Jay Bharat Maruti Limited,EQ,03-Jan-96,2,1,INE571B01036,2
JAYKAY,Jaykay Enterprises Limited,EQ,03-Dec-25,1,1,INE903A01025,1
JAYNECOIND,Jayaswal Neco Industries Limited,EQ,10-May-95,10,1,INE854B01010,10
JAYSREETEA,Jayshree Tea & Industries Limited,EQ,15-Feb-95,5,1,INE364A01020,5
JBMA,JBM Auto Limited,EQ,17-Dec-04,1,1,INE927D01051,1
JETFREIGHT,Jet Freight Logistics Limited,EQ,21-Dec-21,5,1,INE982V01025,5
JGCHEM,J.G.Chemicals Limited,EQ,13-Mar-24,10,1,INE0MB501011,10
JINDALPHOT,Jindal Photo Limited,EQ,07-Apr-05,10,1,INE796G01012,10
JINDALPOLY,Jindal Poly Films Limited,EQ,21-Jan-02,10,1,INE197D01010,10
JINDALSAW,Jindal Saw Limited,EQ,29-Apr-03,1,1,INE324A01032,1
JINDALSTEL,JINDAL STEEL LIMITED,EQ,29-Dec-99,1,1,INE749A01030,1
JINDRILL,Jindal Drilling And Industries Limited,EQ,22-Dec-06,5,1,INE742C01031,5
JINDWORLD,Jindal Worldwide Limited,EQ,25-Nov-10,1,1,INE247D01039,1
JIOFIN,Jio Financial Services Limited,EQ,21-Aug-23,10,1,INE758E01017,10
JISLJALEQS,Jain Irrigation Systems Limited,EQ,13-Aug-01,2,1,INE175A01038,2
JITFINFRA,JITF Infralogistics Limited,EQ,27-Feb-17,2,1,INE863T01013,2
JKCEMENT,JK Cement Limited,EQ,14-Mar-06,10,1,INE823G01014,10
JKIL,J.Kumar Infraprojects Limited,EQ,12-Feb-08,5,1,INE576I01022,5
JKLAKSHMI,JK Lakshmi Cement Limited,EQ,19-Jun-06,5,1,INE786A01032,5
JKPAPER,JK Paper Limited,EQ,16-Jun-05,10,1,INE789E01012,10
JKTYRE,JK Tyre & Industries Limited,EQ,19-Mar-07,2,1,INE573A01042,2
JLHL,Jupiter Life Line Hospitals Limited,EQ,18-Sep-23,2,1,INE682M01020,2
JMFINANCIL,JM Financial Limited,EQ,10-Oct-06,1,1,INE780C01023,1
JNKINDIA,JNK India Limited,EQ,30-Apr-24,2,1,INE0OAF01028,2
JNPR,Juniper Green Energy Limited,EQ,06-Aug-26,10,1,INE05C901015,10
JPOLYINVST,Jindal Poly Investment and Finance Company Limited,EQ,11-Nov-13,10,1,INE147P01019,10
JPPOWER,Jaiprakash Power Ventures Limited,EQ,18-Apr-05,10,1,INE351F01018,10
JSFB,Jana Small Finance Bank Limited,EQ,14-Feb-24,10,1,INE953L01027,10
JSL,Jindal Stainless Limited,EQ,17-Nov-03,2,1,INE220G01021,2
JSLL,Jeena Sikho Lifecare Limited,EQ,11-Aug-25,2,1,INE0J5801029,2
JSWCEMENT,JSW Cement Limited,EQ,14-Aug-25,10,1,INE718I01012,10
JSWDULUX,JSW Dulux Limited,EQ,28-Jun-01,10,1,INE133A01011,10
JSWENERGY,JSW Energy Limited,EQ,04-Jan-10,10,1,INE121E01018,10
JSWINFRA,JSW Infrastructure Limited,EQ,03-Oct-23,2,1,INE880J01026,2
JSWSTEEL,JSW Steel Limited,EQ,23-Mar-05,1,1,INE019A01038,1
JTEKTINDIA,Jtekt India Limited,EQ,12-Jan-04,1,1,INE643A01035,1
JTLIND,JTL INDUSTRIES LIMITED,EQ,12-Jun-23,1,1,INE391J01032,1
JUBLCPL,Jubilant Agri and Consumer Products Limited,EQ,14-Feb-25,10,1,INE03CC01015,10
JUBLFOOD,Jubilant Foodworks Limited,EQ,08-Feb-10,2,1,INE797F01020,2
JUBLINGREA,Jubilant Ingrevia Limited,EQ,19-Mar-21,1,1,INE0BY001018,1
JUBLPHARMA,Jubilant Pharmova Limited,EQ,16-Jun-03,1,1,INE700A01033,1
JUNIPER,Juniper Hotels Limited,EQ,28-Feb-24,10,1,INE696F01016,10
JUSTDIAL,Just Dial Limited,EQ,05-Jun-13,10,1,INE599M01018,10
JWL,Jupiter Wagons Limited,EQ,18-Oct-10,10,1,INE209L01016,10
JYOTHYLAB,Jyothy Labs Limited,EQ,19-Dec-07,1,1,INE668F01031,1
JYOTICNC,Jyoti CNC Automation Limited,EQ,16-Jan-24,2,1,INE980O01024,2
JYOTIRES,Jyoti Resins & Adhesives Limited,EQ,17-Aug-26,10,1,INE577D01013,10
JYOTISTRUC,Jyoti Structures Limited,EQ,19-Jul-95,2,1,INE197A01024,2
KABRAEXTRU,Kabra Extrusion Technik Limited,EQ,06-Sep-95,5,1,INE900B01029,5
KAJARIACER,Kajaria Ceramics Limited,EQ,01-Jun-04,1,1,INE217B01036,1
KALAMANDIR,Sai Silks (Kalamandir) Limited,EQ,27-Sep-23,2,1,INE438K01021,2
KALPATARU,Kalpataru Limited,EQ,01-Jul-25,10,1,INE227J01012,10
KALYANIFRG,Kalyani Forge Limited,EQ,20-Dec-07,10,1,INE314G01014,10
KALYANKJIL,Kalyan Jewellers India Limited,EQ,26-Mar-21,10,1,INE303R01014,10
KAMATHOTEL,Kamat Hotels (I) Limited,EQ,29-May-96,10,1,INE967C01018,10
KANSAINER,Kansai Nerolac Paints Limited,EQ,15-Sep-03,1,1,INE531A01024,1
KAPSTON,Kapston Services Limited,EQ,27-May-20,5,1,INE542Z01028,5
KARURVYSYA,Karur Vysya Bank Limited,EQ,26-Jul-00,2,1,INE036D01028,2
KAVDEFENCE,Kavveri Defence & Wireless Technologies Limited,EQ,29-Jan-08,10,1,INE641C01019,10
KAYA,Kaya Limited,EQ,14-Aug-15,10,1,INE587G01015,10
KAYNES,Kaynes Technology India Limited,EQ,22-Nov-22,10,1,INE918Z01012,10
KCP,KCP Limited,EQ,09-Apr-97,1,1,INE805C01028,1
KDDL,KDDL Limited,EQ,23-Mar-16,10,1,INE291D01011,10
KEC,KEC International Limited,EQ,10-Mar-06,2,1,INE389H01022,2
KECL,Kirloskar Electric Company Limited,EQ,09-Mar-10,10,1,INE134B01017,10
KEI,KEI Industries Limited,EQ,23-Mar-06,2,1,INE878B01027,2
KELLTONTEC,Kellton Tech Solutions Limited,EQ,02-Mar-16,1,1,INE164B01030,1
KENNAMET,Kennametal India Limited,EQ,20-Apr-26,10,1,INE717A01029,10
KERNEX,Kernex Microsystems (India) Limited,EQ,20-Dec-05,10,1,INE202H01019,10
KFINTECH,Kfin Technologies Limited,EQ,29-Dec-22,10,1,INE138Y01010,10
KHAICHEM,Khaitan Chemicals & Fertilizers Limited,EQ,30-Oct-20,1,1,INE745B01028,1
KIMS,Krishna Institute of Medical Sciences Limited,EQ,28-Jun-21,2,1,INE967H01025,2
KINGFA,Kingfa Science & Technology (India) Limited,EQ,15-Nov-16,10,1,INE473D01015,10
KIOCL,KIOCL Limited,EQ,29-Nov-16,10,1,INE880L01014,10
KIRIINDUS,Kiri Industries Limited,EQ,22-Apr-08,10,1,INE415I01015,10
KIRLFER,Kirloskar Ferrous Industries Limited,EQ,20-Apr-26,5,1,INE884B01025,5
KIRLOSBROS,Kirloskar Brothers Limited,EQ,20-Apr-10,2,1,INE732A01036,2
KIRLOSENG,Kirloskar Oil Engines Limited,EQ,24-Dec-10,2,1,INE146L01010,2
KIRLOSIND,Kirloskar Industries Limited,EQ,24-Jun-10,10,1,INE250A01039,10
KIRLPNU,Kirloskar Pneumatic Company Limited,EQ,26-Apr-23,1,1,INE811A01038,1
KISSHT,OnEMI Technology Solutions Limited,EQ,08-May-26,1,1,INE12F801023,1
KITEX,Kitex Garments Limited,EQ,25-Sep-12,1,1,INE602G01020,1
KKCL,Kewal Kiran Clothing Limited,EQ,13-Apr-06,10,1,INE401H01017,10
KLBRENG-B,Kilburn Engineering Limited,EQ,20-Apr-26,10,1,INE338F01015,10
KMCSHIL,K M C Speciality Hospitals (India) Limited,EQ,17-Aug-26,1,1,INE879K01018,1
KMEW,Knowledge Marine & Engineering Works Limited,EQ,14-Nov-24,5,1,INE0CJD01029,5
KMSUGAR,K.M.Sugar Mills Limited,EQ,31-May-07,2,1,INE157H01023,2
KNACK,Knack Packaging Limited,EQ,08-Jul-26,10,1,INE17QZ01016,10
KNRCON,KNR Constructions Limited,EQ,18-Feb-08,2,1,INE634I01029,2
KOHINOOR,Kohinoor Foods Limited,EQ,20-Oct-99,10,1,INE080B01012,10
KOLTEPATIL,Kolte - Patil Developers Limited,EQ,13-Dec-07,10,1,INE094I01018,10
KOTAKBANK,Kotak Mahindra Bank Limited,EQ,20-Dec-95,1,1,INE237A01036,1
KOTARISUG,Kothari Sugars And Chemicals Limited,EQ,13-Dec-04,10,1,INE419A01022,10
KOTHARIPET,Kothari Petrochemicals Limited,EQ,02-Nov-96,10,1,INE720A01015,10
KOTIC,Kothari Industrial Corporation Limited,EQ,20-Apr-26,5,1,INE972A01020,5
KPEL,K.P. Energy Limited,EQ,14-Nov-24,5,1,INE127T01021,5
KPIGREEN,KPI Green Energy Limited,EQ,27-Jul-21,5,1,INE542W01025,5
KPIL,Kalpataru Projects International Limited,EQ,15-Dec-00,2,1,INE220B01022,2
KPITTECH,KPIT Technologies Limited,EQ,22-Apr-19,10,1,INE04I401011,10
KPL,Kwality Pharmaceuticals Limited,EQ,20-Apr-26,10,1,INE552U01010,10
KPRMILL,K.P.R. Mill Limited,EQ,28-Aug-07,1,1,INE930H01031,1
KRBL,KRBL Limited,EQ,21-Jan-02,1,1,INE001B01026,1
KRISHANA,Krishana Phoschem Limited,EQ,22-Aug-19,2,1,INE506W01020,2
KRISHIVAL,Krishival Foods Limited,EQ,20-Jun-25,10,1,INE0GGO01015,10
KRISHNADEF,Krishna Defence And Allied Industries Limited,EQ,30-Dec-25,10,1,INE0J5601015,10
KRN,KRN Heat Exchanger and Refrigeration Limited,EQ,03-Oct-24,10,1,INE0Q3J01015,10
KRONOX,Kronox Lab Sciences Limited,EQ,10-Jun-24,10,1,INE0ATZ01017,10
KROSS,Kross Limited,EQ,16-Sep-24,5,1,INE0O6601022,5
KRSNAA,Krsnaa Diagnostics Limited,EQ,16-Aug-21,5,1,INE08LI01020,5
KRYSTAL,Krystal Integrated Services Limited,EQ,21-Mar-24,10,1,INE0QN801017,10
KSB,Ksb Limited,EQ,08-Feb-95,2,1,INE999A01023,2
KSCL,Kaveri Seed Company Limited,EQ,04-Oct-07,2,1,INE455I01029,2
KSE,KSE Limited,EQ,17-Aug-26,1,1,INE953E01022,1
KSHINTL,KSH International Limited,EQ,23-Dec-25,5,1,INE987S01020,5
KSL,Kalyani Steels Limited,EQ,19-May-10,5,1,INE907A01026,5
KSOLVES,Ksolves India Limited,EQ,23-Sep-22,5,1,INE0D6I01023,5
KTKBANK,The Karnataka Bank Limited,EQ,10-May-00,10,1,INE614B01018,10
KUANTUM,Kuantum Papers Limited,EQ,23-Oct-19,1,1,INE529I01021,1
KUSUMGAR,Kusumgar Limited,EQ,15-Jul-26,1,1,INE0ISX01025,1
KWIL,Kwality Wall's (India) Limited,EQ,16-Feb-26,1,1,INE2KCE01013,1
LALPATHLAB,Dr. Lal Path Labs Ltd.,EQ,23-Dec-15,10,1,INE600L01024,10
LANCORHOL,Lancor Holdings Limited,EQ,12-Mar-24,2,1,INE572G01025,2
LANDMARK,Landmark Cars Limited,EQ,23-Dec-22,5,1,INE559R01029,5
LAOPALA,La Opala RG Limited,EQ,16-Mar-07,2,1,INE059D01020,2
LASA,Lasa Supergenerics Limited,EQ,21-Sep-17,10,1,INE670X01014,10
LASERPOWER,Laser Power & Infra Limited,EQ,16-Jul-26,5,1,INE17IR01028,5
LATENTVIEW,Latent View Analytics Limited,EQ,23-Nov-21,1,1,INE0I7C01011,1
LAURUSLABS,Laurus Labs Limited,EQ,19-Dec-16,2,1,INE947Q01028,2
LAXMIDENTL,Laxmi Dental Limited,EQ,20-Jan-25,2,1,INE0WO601020,2
LAXMIINDIA,Laxmi India Finance Limited,EQ,05-Aug-25,5,1,INE06WU01026,5
LCL,Lohia Corp Limited,EQ,30-Jul-26,1,1,INE0QJW01029,1
LEAPIND,LEAP India Limited,EQ,14-Aug-26,1,1,INE00GO01025,1
LEMERITE,Le Merite Exports Limited,EQ,12-Dec-25,2,1,INE0G1L01025,2
LEMONTREE,Lemon Tree Hotels Limited,EQ,09-Apr-18,10,1,INE970X01018,10
LENSKART,Lenskart Solutions Limited,EQ,10-Nov-25,2,1,INE956O01016,2
LGBBROSLTD,LG Balakrishnan & Bros Limited,EQ,30-Mar-10,10,1,INE337A01034,10
LGEINDIA,LG Electronics India Limited,EQ,14-Oct-25,10,1,INE324D01010,10
LIBERTSHOE,Liberty Shoes Limited,EQ,27-Sep-95,10,1,INE557B01019,10
LICHSGFIN,LIC Housing Finance Limited,EQ,29-Jul-98,2,1,INE115A01026,2
LICI,Life Insurance Corporation Of India,EQ,17-May-22,10,1,INE0J1Y01017,10
LIKHITHA,Likhitha Infrastructure Limited,EQ,15-Oct-20,5,1,INE060901027,5
LINCOLN,Lincoln Pharmaceuticals Limited,EQ,17-Dec-15,10,1,INE405C01035,10
LINDEINDIA,Linde India Limited,EQ,16-Jun-99,10,1,INE473A01011,10
LLOYDSENGG,LLOYDS ENGINEERING WORKS LIMITED,EQ,18-Jul-16,1,1,INE093R01011,1
LLOYDSENT,Lloyds Enterprises Limited,EQ,17-Oct-24,1,1,INE080I01025,1
LLOYDSME,Lloyds Metals And Energy Limited,EQ,17-Jul-23,1,1,INE281B01032,1
LMW,LMW Limited,EQ,29-Mar-95,10,1,INE269B01029,10
LODHA,Lodha Developers Limited,EQ,19-Apr-21,10,1,INE670K01029,10
LT,Larsen & Toubro Limited,EQ,23-Jun-04,2,1,INE018A01030,2
LTF,L&T Finance Limited,EQ,12-Aug-11,10,1,INE498L01015,10
LTFOODS,LT Foods Limited,EQ,18-Dec-06,1,1,INE818H01020,1
LTM,LTM Limited,EQ,21-Jul-16,1,1,INE214T01019,1
LTTS,L&T Technology Services Limited,EQ,23-Sep-16,2,1,INE010V01017,2
LUMAXIND,Lumax Industries Limited,EQ,06-Sep-95,10,1,INE162B01018,10
LUMAXTECH,Lumax Auto Technologies Limited,EQ,16-Jan-07,2,1,INE872H01027,2
LUPIN,Lupin Limited,EQ,10-Sep-01,2,1,INE326A01037,2
LUXIND,Lux Industries Limited,EQ,30-Nov-15,2,1,INE150G01020,2
LXCHEM,Laxmi Organic Industries Limited,EQ,25-Mar-21,2,1,INE576O01020,2
M&M,Mahindra & Mahindra Limited,EQ,03-Jan-96,5,1,INE101A01026,5
M&MFIN,Mahindra & Mahindra Financial Services Limited,EQ,17-Mar-06,2,1,INE774D01024,2
MAANALU,Maan Aluminium Limited,EQ,22-Oct-07,5,1,INE215I01027,5
MACPOWER,Macpower CNC Machines Limited,EQ,19-Aug-20,10,1,INE155Z01011,10
MAFATIND,Mafatlal Industries Limited,EQ,20-Apr-26,2,1,INE270B01035,2
MAGADSUGAR,Magadh Sugar & Energy Limited,EQ,28-Jul-17,10,1,INE347W01011,10
MAHABANK,Bank of Maharashtra,EQ,12-Apr-04,10,1,INE457A01014,10
MAHLIFE,Mahindra Lifespace Developers Limited,EQ,10-May-00,10,1,INE813A01018,10
MAHLOG,Mahindra Logistics Limited,EQ,10-Nov-17,10,1,INE766P01016,10
MAHSEAMLES,Maharashtra Seamless Limited,EQ,25-Aug-04,5,1,INE271B01025,5
MAITHANALL,Maithan Alloys Limited,EQ,05-Jul-11,10,1,INE683C01011,10
MAMATA,Mamata Machinery Limited,EQ,27-Dec-24,10,1,INE0TO701015,10
MANAKCOAT,Manaksia Coated Metals & Industries Limited,EQ,30-Mar-15,1,1,INE830Q01018,1
MANAKSTEEL,Manaksia Steels Limited,EQ,30-Mar-15,1,1,INE824Q01011,1
MANALIPETC,Manali Petrochemicals Limited,EQ,06-Dec-06,5,1,INE201A01024,5
MANAPPURAM,Manappuram Finance Limited,EQ,01-Dec-14,2,1,INE522D01027,2
MANBA,Manba Finance Limited,EQ,30-Sep-24,10,1,INE939X01013,10
MANBRO,Manbro Industries Limited,EQ,17-Aug-26,1,1,INE348N01042,1
MANCREDIT,Mangal Credit and Fincorp Limited,EQ,16-Aug-24,10,1,INE545L01039,10
MANGLMCEM,Mangalam Cement Limited,EQ,03-Jan-96,10,1,INE347A01017,10
MANINDS,Man Industries (India) Limited,EQ,24-Jun-05,5,1,INE993A01026,5
MANINFRA,Man Infraconstruction Limited,EQ,11-Mar-10,2,1,INE949H01023,2
MANIPALHOS,Manipal Health Enterprises Limited,EQ,05-Aug-26,2,1,INE459N01021,2
MANKIND,Mankind Pharma Limited,EQ,09-May-23,1,1,INE634S01028,1
MANOMAY,Manomay Tex India Limited,EQ,18-Jan-23,10,1,INE784W01015,10
MANORAMA,Manorama Industries Limited,EQ,01-Jul-22,2,1,INE00VM01036,2
MANYAVAR,Vedant Fashions Limited,EQ,16-Feb-22,1,1,INE825V01034,1
MAPMYINDIA,C.E. Info Systems Limited,EQ,21-Dec-21,2,1,INE0BV301023,2
MARATHON,Marathon Nextgen Realty Limited,EQ,29-Sep-16,5,1,INE182D01020,5
MARICO,Marico Limited,EQ,01-May-96,1,1,INE196A01026,1
MARINE,Marine Electricals (India) Limited,EQ,02-Dec-20,2,1,INE01JE01028,2
MARKOLINES,Markolines Pavement Technologies Limited,EQ,14-Oct-25,10,1,INE0FW001016,10
MARKSANS,Marksans Pharma Limited,EQ,21-Jan-02,1,1,INE750C01026,1
MARSONS,Marsons Limited,EQ,13-Mar-26,1,1,INE415B01044,1
MARUTI,Maruti Suzuki India Limited,EQ,09-Jul-03,5,1,INE585B01010,5
MASFIN,MAS Financial Services Limited,EQ,18-Oct-17,10,1,INE348L01012,10
MASTEK,Mastek Limited,EQ,10-May-95,5,1,INE759A01021,5
MASTERTR,Master Trust Limited,EQ,12-Nov-24,1,1,INE677D01037,1
MATRIMONY,Matrimony.Com Limited,EQ,21-Sep-17,5,1,INE866R01028,5
MAWANASUG,Mawana Sugars Limited,EQ,20-Mar-09,10,1,INE636A01039,10
MAXESTATES,Max Estates Limited,EQ,30-Oct-23,10,1,INE03EI01018,10
MAXHEALTH,Max Healthcare Institute Limited,EQ,21-Aug-20,10,1,INE027H01010,10
MAXIND,Max India Limited,EQ,28-Aug-20,10,1,INE0CG601016,10
MAYURUNIQ,Mayur Uniquoters Ltd,EQ,25-Sep-12,5,1,INE040D01038,5
MAZDOCK,Mazagon Dock Shipbuilders Limited,EQ,12-Oct-20,5,1,INE249Z01020,5
MBAPL,Madhya Bharat Agro Products Limited,EQ,22-Aug-19,2,1,INE900L01028,2
MBEL,M & B Engineering Limited,EQ,06-Aug-25,10,1,INE08N601015,10
MCCHRLS-B,Mac Charles India Limited,EQ,20-Apr-26,10,1,INE435D01014,10
MCLEODRUSS,Mcleod Russel India Limited,EQ,29-Jul-05,5,1,INE942G01012,5
MCLOUD,Magellanic Cloud Limited,EQ,07-Feb-25,2,1,INE613C01026,2
MCX,Multi Commodity Exchange of India Limited,EQ,09-Mar-12,2,1,INE745G01043,2
MEDANTA,Global Health Limited,EQ,16-Nov-22,2,1,INE474Q01031,2
MEDIASSIST,Medi Assist Healthcare Services Limited,EQ,23-Jan-24,5,1,INE456Z01021,5
MEDICAMEQ,Medicamen Biotech Limited,EQ,27-Oct-21,10,1,INE646B01010,10
MEDICO,Medico Remedies Limited,EQ,26-May-22,2,1,INE630Y01024,2
MEDPLUS,Medplus Health Services Limited,EQ,23-Dec-21,2,1,INE804L01022,2
MEESHO,Meesho Limited,EQ,10-Dec-25,1,1,INE0VDM01015,1
MEGASTAR,Megastar Foods Limited,EQ,16-Feb-22,10,1,INE00EM01016,10
MEIL,Mangal Electrical Industries Limited,EQ,28-Aug-25,10,1,INE0PKD01011,10
MENNPIS,Menon Pistons Limited,EQ,20-Apr-26,1,1,INE650G01029,1
MERCURYEV,Mercury Ev-Tech Limited,EQ,02-Jun-26,1,1,INE763M01028,1
METROBRAND,Metro Brands Limited,EQ,22-Dec-21,5,1,INE317I01021,5
METROPOLIS,Metropolis Healthcare Limited,EQ,15-Apr-19,2,1,INE112L01020,2
MFSL,Max Financial Services Limited,EQ,17-May-00,2,1,INE180A01020,2
MGL,Mahanagar Gas Limited,EQ,01-Jul-16,10,1,INE002S01010,10
MHRIL,Mahindra Holidays & Resorts India Limited,EQ,16-Jul-09,10,1,INE998I01010,10
MIDHANI,Mishra Dhatu Nigam Limited,EQ,04-Apr-18,10,1,INE099Z01011,10
MIDWESTLTD,Midwest Limited,EQ,24-Oct-25,5,1,INE0XAD01024,5
MIIL,Meghna Infracon Infrastructure Limited,EQ,17-Aug-26,10,1,INE898Q01015,10
MILKYMIST,Milky Mist Dairy Food Limited,EQ,18-Aug-26,2,1,INE00IT01020,2
MINDACORP,Minda Corporation Limited,EQ,16-Oct-14,2,1,INE842C01021,2
MINDTECK,Mindteck (India) Limited,EQ,02-Aug-16,10,1,INE110B01017,10
MIRZAINT,Mirza International Limited,EQ,28-Apr-99,2,1,INE771A01026,2
MMFL,MM Forgings Limited,EQ,20-Dec-06,10,1,INE227C01017,10
MMP,MMP Industries Limited,EQ,09-Jan-20,10,1,INE511Y01018,10
MMTC,MMTC Limited,EQ,09-Apr-12,1,1,INE123F01029,1
MOBIKWIK,One Mobikwik Systems Limited,EQ,18-Dec-24,2,1,INE0HLU01028,2
MODIS,Modis Navnirman Limited,EQ,14-Nov-25,10,1,INE0L0L01012,10
MOIL,MOIL Limited,EQ,15-Dec-10,10,1,INE490G01020,10
MOL,Meghmani Organics Limited,EQ,18-Aug-21,1,1,INE0CT101020,1
MOLBIO,Molbio Diagnostics Limited,EQ,17-Aug-26,1,1,INE869T01028,1
MOLDTKPAC,Mold-Tek Packaging Limited,EQ,23-Feb-15,5,1,INE893J01029,5
MONARCH,Monarch Networth Capital Limited,EQ,06-Jan-22,10,1,INE903D01011,10
MONTECARLO,Monte Carlo Fashions Limited,EQ,19-Dec-14,10,1,INE950M01013,10
MOREPENLAB,Morepen Laboratories Limited,EQ,24-Nov-99,2,1,INE083A01026,2
MOSCHIP,Moschip Technologies Limited,EQ,05-Feb-25,2,1,INE935B01025,2
MOTHERSON,Samvardhana Motherson International Limited,EQ,14-Aug-96,1,1,INE775A01035,1
MOTILALOFS,Motilal Oswal Financial Services Limited,EQ,11-Sep-07,1,1,INE338I01027,1
MOTISONS,Motisons Jewellers Limited,EQ,26-Dec-23,1,1,INE0FRK01020,1
MPHASIS,MphasiS Limited,EQ,04-Jun-04,10,1,INE356A01018,10
MPSLTD,MPS Limited,EQ,21-Jan-02,10,1,INE943D01017,10
MRPL,Mangalore Refinery and Petrochemicals Limited,EQ,07-Jan-05,10,1,INE103A01014,10
MSPL,MSP Steel & Power Limited,EQ,18-Jul-05,10,1,INE752G01015,10
MSTCLTD,Mstc Limited,EQ,29-Mar-19,10,1,INE255X01014,10
MSUMI,Motherson Sumi Wiring India Limited,EQ,28-Mar-22,1,1,INE0FS801015,1
MTNL,Mahanagar Telephone Nigam Limited,EQ,17-Feb-99,10,1,INE153A01019,10
MUFIN,Mufin Green Finance Limited,EQ,06-Nov-23,1,1,INE08KJ01020,1
MUFTI,Credo Brands Marketing Limited,EQ,27-Dec-23,2,1,INE220Q01020,2
MUKANDLTD,Mukand Limited,EQ,23-Feb-04,10,1,INE304A01026,10
MUKKA,Mukka Proteins Limited,EQ,07-Mar-24,1,1,INE0CG401037,1
MUNJALAU,Munjal Auto Industries Limited,EQ,19-Jul-06,2,1,INE672B01032,2
MUNJALSHOW,Munjal Showa Limited,EQ,12-May-03,2,1,INE577A01027,2
MUTHOOTFIN,Muthoot Finance Limited,EQ,06-May-11,10,1,INE414G01012,10
MUTHOOTMF,Muthoot Microfin Limited,EQ,26-Dec-23,10,1,INE046W01019,10
MVELECTRO,MV Electrosystems Limited,EQ,06-Aug-26,5,1,INE0OWZ01020,5
MVGJL,Manoj Vaibhav Gems N Jewellers Limited,EQ,03-Oct-23,10,1,INE0KNT01012,10
MWL,Mangalam Worldwide Limited,EQ,18-Sep-25,1,1,INE0JYY01029,1
MYSORPETRO,Mysore Petro Chemicals Limited,EQ,17-Aug-26,10,1,INE741A01011,10
NACLIND,NACL Industries Limited,EQ,07-Apr-17,1,1,INE295D01020,1
NAHARINDUS,Nahar Industrial Enterprises Limited,EQ,15-Dec-05,10,1,INE289A01011,10
NAHARSPING,Nahar Spinning Mills Limited,EQ,23-Mar-07,5,1,INE290A01027,5
NAM-INDIA,Nippon Life India Asset Management Limited,EQ,06-Nov-17,10,1,INE298J01013,10
NATCAPSUQ,Natural Capsules Limited,EQ,14-Feb-25,10,1,INE936B01015,10
NATCOPHARM,Natco Pharma Limited,EQ,27-Dec-95,2,1,INE987B01026,2
NATIONALUM,National Aluminium Company Limited,EQ,28-Apr-99,5,1,INE139A01034,5
NATIONSTD,National Standard (India) Limited,EQ,20-Apr-26,10,1,INE166R01015,10
NAUKRI,Info Edge (India) Limited,EQ,21-Nov-06,2,1,INE663F01032,2
NAVA,NAVA LIMITED,EQ,03-Apr-96,1,1,INE725A01030,1
NAVINFLUOR,Navin Fluorine International Limited,EQ,01-Jun-07,2,1,INE048G01026,2
NAVKARCORP,Navkar Corporation Limited,EQ,09-Sep-15,10,1,INE278M01019,10
NAVNETEDUL,Navneet Education Limited,EQ,08-Feb-95,2,1,INE060A01024,2
NAZARA,Nazara Technologies Limited,EQ,30-Mar-21,2,1,INE418L01047,2
NBCC,NBCC (India) Limited,EQ,12-Apr-12,1,1,INE095N01031,1
NCC,NCC Limited,EQ,14-Oct-03,2,1,INE868B01028,2
NCLIND,NCL Industries Limited,EQ,03-Apr-07,10,1,INE732C01016,10
NDRAUTO,Ndr Auto Components Limited,EQ,30-Jul-20,10,1,INE07OG01012,10
NDTV,New Delhi Television Limited,EQ,19-May-04,4,1,INE155G01029,4
NELCAST,Nelcast Limited,EQ,27-Jun-07,2,1,INE189I01024,2
NELCO,NELCO Limited,EQ,28-May-03,10,1,INE045B01015,10
NEOGEN,Neogen Chemicals Limited,EQ,08-May-19,10,1,INE136S01016,10
NEPHROPLUS,Nephrocare Health Services Limited,EQ,17-Dec-25,2,1,INE428V01029,2
NESCO,Nesco Limited,EQ,08-Apr-08,2,1,INE317F01035,2
NESTLEIND,Nestle India Limited,EQ,01-Aug-23,1,1,INE239A01024,1
NETWEB,Netweb Technologies India Limited,EQ,27-Jul-23,2,1,INE0NT901020,2
NETWORK18,Network18 Media & Investments Limited,EQ,02-Feb-07,5,1,INE870H01013,5
NEULANDLAB,Neuland Laboratories Limited,EQ,13-Oct-08,10,1,INE794A01010,10
NEWGEN,Newgen Software Technologies Limited,EQ,29-Jan-18,10,1,INE619B01017,10
NFL,National Fertilizers Limited,EQ,28-Dec-06,10,1,INE870D01012,10
NGLFINE,NGL Fine-Chem Limited,EQ,08-Jul-22,5,1,INE887E01022,5
NH,Narayana Hrudayalaya Ltd.,EQ,06-Jan-16,10,1,INE410P01011,10
NHPC,NHPC Limited,EQ,01-Sep-09,10,1,INE848E01016,10
NIACL,The New India Assurance Company Limited,EQ,13-Nov-17,5,1,INE470Y01017,5
NIBE,NIBE Limited,EQ,07-Feb-25,10,1,INE149O01018,10
NIITLTD,NIIT Limited,EQ,16-Aug-04,2,1,INE161A01038,2
NIITMTS,NIIT Learning Systems Limited,EQ,08-Aug-23,2,1,INE342G01023,2
NILE,Nile Limited,EQ,20-Apr-26,10,1,INE445D01013,10
NILKAMAL,Nilkamal Limited,EQ,01-Nov-95,10,1,INE310A01015,10
NIMBSPROJ,Nimbus Projects Limited,EQ,06-Apr-26,10,1,INE875B01015,10
NIRLON,Nirlon Limited,EQ,20-Apr-26,10,1,INE910A01012,10
NITCO,Nitco Limited,EQ,21-Mar-06,10,1,INE858F01012,10
NITINSPIN,Nitin Spinners Limited,EQ,02-Feb-06,10,1,INE229H01012,10
NITTAGELA,Nitta Gelatin India Limited,EQ,20-Apr-26,10,1,INE265B01019,10
NIVABUPA,Niva Bupa Health Insurance Company Limited,EQ,14-Nov-24,10,1,INE995S01015,10
NLCINDIA,NLC India Limited,EQ,23-Aug-00,10,1,INE589A01014,10
NMDC,NMDC Limited,EQ,03-Mar-08,1,1,INE584A01023,1
NOCIL,NOCIL Limited,EQ,17-Jan-96,10,1,INE163A01018,10
NORTHARC,Northern Arc Capital Limited,EQ,24-Sep-24,10,1,INE850M01015,10
NOVARTIND,Novartis India Limited,EQ,20-Apr-26,5,1,INE234A01025,5
NPST,Network People Services Technologies Limited,EQ,30-Apr-25,10,1,INE0FFK01017,10
NRAIL,N R Agarwal Industries Limited,EQ,05-Apr-17,10,1,INE740D01017,10
NRBBEARING,NRB Bearing Limited,EQ,08-Mar-00,2,1,INE349A01021,2
NSLNISP,NMDC Steel Limited,EQ,20-Feb-23,10,1,INE0NNS01018,10
NTPC,NTPC Limited,EQ,05-Nov-04,10,1,INE733E01010,10
NTPCGREEN,NTPC Green Energy Limited,EQ,27-Nov-24,10,1,INE0ONG01011,10
NUCLEUS,Nucleus Software Exports Limited,EQ,19-Dec-02,10,1,INE096B01018,10
NUVAMA,Nuvama Wealth Management Limited,EQ,26-Sep-23,2,1,INE531F01023,2
NUVOCO,Nuvoco Vistas Corporation Limited,EQ,23-Aug-21,10,1,INE118D01016,10
NYKAA,FSN E-Commerce Ventures Limited,EQ,10-Nov-21,1,1,INE388Y01029,1
OAL,Oriental Aromatics Limited,EQ,11-Jul-19,5,1,INE959C01023,5
OBEROIRLTY,Oberoi Realty Limited,EQ,20-Oct-10,10,1,INE093I01010,10
OFSS,Oracle Financial Services Software Limited,EQ,28-Jun-02,5,1,INE881D01027,5
OIL,Oil India Limited,EQ,30-Sep-09,10,1,INE274J01014,10
OLAELEC,Ola Electric Mobility Limited,EQ,09-Aug-24,10,1,INE0LXG01040,10
OLECTRA,Olectra Greentech Limited,EQ,20-Mar-02,4,1,INE260D01016,4
OMAXAUTO,Omax Autos Limited,EQ,20-Feb-03,10,1,INE090B01011,10
OMAXE,Omaxe Limited,EQ,09-Aug-07,10,1,INE800H01010,10
OMINFRAL,OM INFRA LIMITED,EQ,17-Jun-11,1,1,INE239D01028,1
OMNI,Omnitech Engineering Limited,EQ,05-Mar-26,5,1,INE0UH301010,5
OMPOWER,Om Power Transmission Limited,EQ,17-Apr-26,10,1,INE25E901019,10
ONEGLOBAL,One Global Service Provider Limited,EQ,17-Aug-26,10,1,INE670O01013,10
ONEPOINT,One Point One Solutions Limited,EQ,09-May-19,2,1,INE840Y01029,2
ONESOURCE,Onesource Specialty Pharma Limited,EQ,24-Jan-25,1,1,INE013P01021,1
ONGC,Oil & Natural Gas Corporation Limited,EQ,19-Jul-95,5,1,INE213A01029,5
ONIDA,Onida Electronics Limited,EQ,24-May-04,1,1,INE831A01028,1
ONIXSOLAR,Onix Solar Energy Limited,EQ,17-Aug-26,10,1,INE173M01012,10
ONWARDTEC,Onward Technologies Limited,EQ,07-Mar-01,10,1,INE229A01017,10
OPTIEMUS,Optiemus Infracom Limited,EQ,08-Aug-17,10,1,INE350C01017,10
ORCHPHARMA,Orchid Pharma Limited,EQ,02-Nov-20,10,1,INE191A01027,10
ORIENTBELL,Orient Bell Limited,EQ,14-Feb-07,10,1,INE607D01018,10
ORIENTCEM,Orient Cement Limited,EQ,12-Jul-13,1,1,INE876N01018,1
ORIENTELEC,Orient Electric Limited,EQ,14-May-18,1,1,INE142Z01019,1
ORIENTHOT,Oriental Hotels Limited,EQ,27-Aug-98,1,1,INE750A01020,1
ORIENTPPR,Orient Paper & Industries Limited,EQ,29-Mar-95,1,1,INE592A01026,1
ORIENTTECH,Orient Technologies Limited,EQ,28-Aug-24,10,1,INE0PPK01015,10
ORIRAIL,Oriental Rail Infrastructure Limited,EQ,17-Aug-26,1,1,INE457G01029,1
ORISSAMINE,The Orissa Minerals Development Company Limited,EQ,29-Sep-10,1,1,INE725E01024,1
ORKLAINDIA,Orkla India Limited,EQ,06-Nov-25,1,1,INE16NZ01023,1
OSWALPUMPS,Oswal Pumps Limited,EQ,20-Jun-25,1,1,INE0BYP01024,1
PACEDIGITK,Pace Digitek Limited,EQ,06-Oct-25,2,1,INE0S3G01027,2
PAGEIND,Page Industries Limited,EQ,16-Mar-07,10,1,INE761H01022,10
PAISALO,Paisalo Digital Limited,EQ,17-Oct-11,1,1,INE420C01059,1
PAKKA,PAKKA LIMITED,EQ,11-Jul-23,10,1,INE551D01018,10
PANACEABIO,Panacea Biotec Limited,EQ,17-Apr-96,1,1,INE922B01023,1
PANAMAPET,Panama Petrochem Limited,EQ,30-Sep-11,2,1,INE305C01029,2
PANORAMA,Panorama Studios International Limited,EQ,17-Aug-26,2,1,INE258R01028,2
PANSARI,Pansari Developers Limited,EQ,18-Oct-21,10,1,INE697V01011,10
PAR,Par Drugs And Chemicals Limited,EQ,16-Sep-21,10,1,INE04LG01015,10
PARACABLES,Paramount Communications Limited,EQ,03-Jan-07,2,1,INE074B01023,2
PARADEEP,Paradeep Phosphates Limited,EQ,27-May-22,10,1,INE088F01024,10
PARAGMILK,Parag Milk Foods Limited,EQ,19-May-16,10,1,INE883N01014,10
PARAS,Paras Defence and Space Technologies Limited,EQ,01-Oct-21,5,1,INE045601023,5
PARKHOSPS,Park Medi World Limited,EQ,17-Dec-25,2,1,INE119201023,2
PARKHOTELS,Apeejay Surrendra Park Hotels Limited,EQ,12-Feb-24,1,1,INE988S01028,1
PASHUPATI,Pashupati Cotspin Limited,EQ,17-Jul-25,1,1,INE124Y01028,1
PATANJALI,Patanjali Foods Limited,EQ,24-Jan-20,2,1,INE619A01035,2
PATELENG,Patel Engineering Limited,EQ,24-Feb-05,1,1,INE244B01030,1
PATELRMART,Patel Retail Limited,EQ,26-Aug-25,10,1,INE0R8B01010,10
PAUSHAKLTD,Paushak Limited,EQ,01-Dec-25,5,1,INE111F01024,5
PAYTM,One 97 Communications Limited,EQ,18-Nov-21,1,1,INE982J01020,1
PCBL,PCBL Chemical Limited,EQ,29-Mar-95,1,1,INE602A01031,1
PCJEWELLER,PC Jeweller Limited,EQ,27-Dec-12,1,1,INE785M01021,1
PDMJEPAPER,Pudumjee Paper Products Limited,EQ,30-Mar-16,1,1,INE865T01018,1
PDSL,PDS Limited,EQ,21-Oct-14,2,1,INE111Q01021,2
PENIND,Pennar Industries Limited,EQ,25-Nov-10,5,1,INE932A01024,5
PERSISTENT,Persistent Systems Limited,EQ,06-Apr-10,5,1,INE262H01021,5
PETRONET,Petronet LNG Limited,EQ,26-Mar-04,10,1,INE347G01014,10
PFC,Power Finance Corporation Limited,EQ,23-Feb-07,10,1,INE134E01011,10
PFIZER,Pfizer Limited,EQ,28-Apr-99,10,1,INE182A01018,10
PFOCUS,Prime Focus Limited,EQ,20-Jun-06,1,1,INE367G01038,1
PFS,PTC India Financial Services Limited,EQ,30-Mar-11,10,1,INE560K01014,10
PGEL,PG Electroplast Limited,EQ,26-Sep-11,1,1,INE457L01029,1
PGHH,Procter & Gamble Hygiene and Health Care Limited,EQ,07-Jul-04,10,1,INE179A01014,10
PGHL,Procter & Gamble Health Limited,EQ,24-Apr-96,10,1,INE199A01012,10
PGIL,Pearl Global Industries Limited,EQ,15-Feb-07,5,1,INE940H01022,5
PHOENIXLTD,The Phoenix Mills Limited,EQ,23-Apr-07,2,1,INE211B01039,2
PICCADIL,Piccadily Agro Industries Limited,EQ,02-Jul-25,10,1,INE546C01010,10
PIDILITIND,Pidilite Industries Limited,EQ,29-Mar-95,1,1,INE318A01026,1
PIGL,Power & Instrumentation (Gujarat) Limited,EQ,17-May-23,10,1,INE557Z01018,10
PIIND,PI Industries Limited,EQ,15-Jun-11,1,1,INE603J01030,1
PINELABS,Pine Labs Limited,EQ,14-Nov-25,1,1,INE15B701018,1
PIRAMALFIN,Piramal Finance Limited,EQ,07-Nov-25,2,1,INE202B01038,2
PITTIENG,Pitti Engineering Limited,EQ,02-Feb-07,5,1,INE450D01021,5
PIXTRANS,Pix Transmissions Limited,EQ,28-Apr-22,10,1,INE751B01018,10
PLASTIBLEN,Plastiblends India Limited,EQ,28-Dec-06,5,1,INE083C01022,5
PLATIND,Platinum Industries Limited,EQ,05-Mar-24,10,1,INE0PT501018,10
PNB,Punjab National Bank,EQ,24-Apr-02,2,1,INE160A01022,2
PNBGILTS,PNB Gilts Limited,EQ,18-Sep-00,10,1,INE859A01011,10
PNBHOUSING,PNB Housing Finance Limited,EQ,07-Nov-16,10,1,INE572E01012,10
PNCINFRA,PNC Infratech Limited,EQ,26-May-15,2,1,INE195J01029,2
PNGJL,P N Gadgil Jewellers Limited,EQ,17-Sep-24,10,1,INE953R01016,10
PNGSREVA,PNGS Reva Diamond Jewellery Limited,EQ,04-Mar-26,10,1,INE1RDG01013,10
POCL,Pondy Oxides & Chemicals Limited,EQ,06-Mar-23,2,1,INE063E01061,2
POKARNA,Pokarna Limited,EQ,07-Jul-16,2,1,INE637C01025,2
POLICYBZR,PB Fintech Limited,EQ,15-Nov-21,2,1,INE417T01026,2
POLYCAB,Polycab India Limited,EQ,16-Apr-19,10,1,INE455K01017,10
POLYMED,Poly Medicure Limited,EQ,07-Dec-11,5,1,INE205C01021,5
POLYPLEX,Polyplex Corporation Limited,EQ,11-Apr-03,10,1,INE633B01018,10
PONNIERODE,Ponni Sugars (Erode) Limited,EQ,16-Apr-02,10,1,INE838E01017,10
POONAWALLA,Poonawalla Fincorp Limited,EQ,27-Apr-04,2,1,INE511C01022,2
POWERGRID,Power Grid Corporation of India Limited,EQ,05-Oct-07,10,1,INE752E01010,10
POWERICA,Powerica Limited,EQ,02-Apr-26,5,1,INE921L01032,5
POWERINDIA,Hitachi Energy India Limited,EQ,30-Mar-20,2,1,INE07Y701011,2
POWERMECH,Power Mech Projects Limited,EQ,26-Aug-15,10,1,INE211R01019,10
PPLPHARMA,Piramal Pharma Limited,EQ,19-Oct-22,10,1,INE0DK501011,10
PRABHA,Prabha Energy Limited,EQ,19-Mar-25,1,1,INE0I0M01023,1
PRAJIND,Praj Industries Limited,EQ,11-Oct-95,2,1,INE074A01025,2
PRAKASH,Prakash Industries Limited,EQ,10-May-95,10,1,INE603A01013,10
PRAVEG,Praveg Limited,EQ,20-Apr-26,10,1,INE722B01019,10
PRECAM,Precision Camshafts Limited,EQ,08-Feb-16,10,1,INE484I01029,10
PRECWIRE,Precision Wires India Limited,EQ,06-Sep-95,1,1,INE372C01037,1
PREMEXPLN,Premier Explosives Limited,EQ,17-Jun-16,2,1,INE863B01029,2
PREMIERENE,Premier Energies Limited,EQ,03-Sep-24,1,1,INE0BS701011,1
PREMIERPOL,Premier Polyfilm Limited,EQ,13-Dec-95,1,1,INE309M01020,1
PRESTIGE,Prestige Estates Projects Limited,EQ,27-Oct-10,10,1,INE811K01011,10
PRICOLLTD,Pricol Limited,EQ,10-Feb-17,1,1,INE726V01018,1
PRIMESECU,Prime Securities Limited,EQ,17-Jun-05,5,1,INE032B01021,5
PRINCEPIPE,Prince Pipes And Fittings Limited,EQ,30-Dec-19,10,1,INE689W01016,10
PRIVISCL,Privi Speciality Chemicals Limited,EQ,08-May-15,10,1,INE959A01019,10
PROSTARM,Prostarm Info Systems Limited,EQ,03-Jun-25,10,1,INE0BX301013,10
PROTEAN,Protean eGov Technologies Limited,EQ,06-Feb-25,10,1,INE004A01022,10
PROZONER,Prozone Realty Limited,EQ,12-Sep-12,2,1,INE195N01013,2
PRSMJOHNSN,Prism Johnson Limited,EQ,20-Aug-03,10,1,INE010A01011,10
PRUDENT,Prudent Corporate Advisory Services Limited,EQ,20-May-22,5,1,INE00F201020,5
PSB,Punjab & Sind Bank,EQ,30-Dec-10,10,1,INE608A01012,10
PSPPROJECT,PSP Projects Limited,EQ,29-May-17,10,1,INE488V01015,10
PTC,PTC India Limited,EQ,07-Apr-04,10,1,INE877F01012,10
PTCIL,PTC Industries Limited,EQ,09-Jun-23,10,1,INE596F01018,10
PUNJABCHEM,Punjab Chemicals & Crop Protection Limited,EQ,08-Mar-07,10,1,INE277B01014,10
PURVA,Puravankara Limited,EQ,30-Aug-07,5,1,INE323I01011,5
PVP,PVP Ventures Limited,EQ,03-Apr-96,10,1,INE362A01016,10
PVRINOX,PVR INOX Limited,EQ,04-Jan-06,10,1,INE191H01014,10
PVSL,Popular Vehicles and Services Limited,EQ,19-Mar-24,2,1,INE772T01024,2
PWL,Physicswallah Limited,EQ,18-Nov-25,1,1,INE0LP301011,1
PYRAMID,Pyramid Technoplast Limited,EQ,29-Aug-23,10,1,INE0MIS01010,10
QPOWER,Quality Power Electrical Equipments Limited,EQ,24-Feb-25,10,1,INE0SII01026,10
QUADFUTURE,Quadrant Future Tek Limited,EQ,14-Jan-25,10,1,INE0LRY01011,10
QUESS,Quess Corp Limited,EQ,12-Jul-16,10,1,INE615P01015,10
RACLGEAR,RACL Geartech Limited,EQ,27-Nov-24,10,1,INE704B01017,10
RADHIKAJWE,Radhika Jeweltech Limited,EQ,18-Jul-22,2,1,INE583V01021,2
RADIANTCMS,Radiant Cash Management Services Limited,EQ,04-Jan-23,1,1,INE855R01021,1
RADICO,Radico Khaitan Limited,EQ,18-Jun-03,2,1,INE944F01028,2
RAILTEL,Railtel Corporation Of India Limited,EQ,26-Feb-21,10,1,INE0DD101019,10
RAIN,Rain Industries Limited,EQ,03-Mar-08,2,1,INE855B01025,2
RAINBOW,Rainbow Childrens Medicare Limited,EQ,10-May-22,10,1,INE961O01016,10
RAJRATAN,Rajratan Global Wire Limited,EQ,22-May-20,2,1,INE451D01029,2
RALLIS,Rallis India Limited,EQ,01-Apr-99,1,1,INE613A01020,1
RAMBHAJO,Advit Jewels Limited,EQ,01-Jul-26,10,1,INE1SJO01012,10
RAMCOCEM,The Ramco Cements Limited,EQ,09-Apr-97,1,1,INE331A01037,1
RAMCOIND,Ramco Industries Limited,EQ,06-Nov-96,1,1,INE614A01028,1
RAMCOSYS,Ramco Systems Limited,EQ,12-Apr-00,10,1,INE246B01019,10
RAMKY,Ramky Infrastructure Limited,EQ,08-Oct-10,10,1,INE874I01013,10
RAMRAT,Ram Ratna Wires Limited,EQ,29-Jul-22,5,1,INE207E01023,5
RANEHOLDIN,Rane Holdings Limited,EQ,24-Sep-97,10,1,INE384A01010,10
RATEGAIN,Rategain Travel Technologies Limited,EQ,17-Dec-21,1,1,INE0CLI01024,1
RATNAMANI,Ratnamani Metals & Tubes Limited,EQ,09-May-06,2,1,INE703B01027,2
RATNAVEER,Ratnaveer Precision Engineering Limited,EQ,11-Sep-23,10,1,INE05CZ01011,10
RAYMOND,Raymond Limited,EQ,18-Oct-95,10,1,INE301A01014,10
RAYMONDLSL,Raymond Lifestyle Limited,EQ,05-Sep-24,2,1,INE02ID01020,2
RAYMONDREL,Raymond Realty Limited,EQ,01-Jul-25,10,1,INE1SY401010,10
RBA,Restaurant Brands Asia Limited,EQ,14-Dec-20,10,1,INE07T201019,10
RBLBANK,RBL Bank Limited,EQ,31-Aug-16,10,1,INE976G01028,10
RBZJEWEL,RBZ Jewellers Limited,EQ,27-Dec-23,10,1,INE0PEQ01016,10
RCF,Rashtriya Chemicals and Fertilizers Limited,EQ,07-Jan-98,10,1,INE027A01015,10
RECLTD,REC Limited,EQ,12-Mar-08,10,1,INE020B01018,10
REDINGTON,Redington Limited,EQ,15-Feb-07,2,1,INE891D01026,2
REDTAPE,Redtape Limited,EQ,11-Aug-23,2,1,INE0LXT01019,2
REFEX,Refex Industries Limited,EQ,03-Dec-09,2,1,INE056I01025,2
REGAAL,Regaal Resources Limited,EQ,20-Aug-25,5,1,INE0MHO01029,5
RELAXO,Relaxo Footwears Limited,EQ,17-Jun-11,1,1,INE131B01039,1
RELIABLE,Reliable Data Services Limited,EQ,10-Jul-24,10,1,INE375Y01018,10
RELIANCE,Reliance Industries Limited,EQ,29-Nov-95,10,1,INE002A01018,10
RELIGARE,Religare Enterprises Limited,EQ,21-Nov-07,10,1,INE621H01010,10
RELTD,Ravindra Energy Limited,EQ,30-Jul-24,10,1,INE206N01018,10
REMSONSIND,Remsons Industries Limited,EQ,31-Jan-96,2,1,INE474C01023,2
RENUKA,Shree Renuka Sugars Limited,EQ,31-Oct-05,1,1,INE087H01022,1
REPCOHOME,Repco Home Finance Limited,EQ,01-Apr-13,10,1,INE612J01015,10
REPRO,Repro India Limited,EQ,22-Dec-05,10,1,INE461B01014,10
RESPONIND,Responsive Industries Limited,EQ,29-Oct-10,1,1,INE688D01026,1
RGL,Renaissance Global Limited,EQ,12-Dec-07,2,1,INE722H01024,2
RHETAN,Rhetan TMT Limited,EQ,26-Sep-25,1,1,INE0KKN01029,1
RHIM,RHI MAGNESITA INDIA LIMITED,EQ,12-Mar-12,1,1,INE743M01012,1
RICOAUTO,Rico Auto Industries Limited,EQ,12-May-03,1,1,INE209B01025,1
RIIL,Reliance Industrial Infrastructure Limited,EQ,29-Nov-95,10,1,INE046A01015,10
RIR,RIR Power Electronics Limited,EQ,16-Jul-26,2,1,INE302D01024,2
RISHABH,Rishabh Instruments Limited,EQ,11-Sep-23,10,1,INE0N2P01017,10
RITCO,Ritco Logistics Limited,EQ,12-Apr-22,10,1,INE01EG01016,10
RITES,RITES Limited,EQ,02-Jul-18,10,1,INE320J01015,10
RKFORGE,Ramkrishna Forgings Limited,EQ,05-May-04,2,1,INE399G01023,2
RKSWAMY,R K Swamy Limited,EQ,12-Mar-24,5,1,INE0NQ801033,5
RMC,RMC Switchgears Limited,EQ,01-Apr-26,10,1,INE655V01019,10
RML,Rane (Madras) Limited,EQ,30-Aug-05,10,1,INE050H01012,10
ROHLTD,Royal Orchid Hotels Limited,EQ,06-Feb-06,10,1,INE283H01019,10
ROLEXRINGS,Rolex Rings Limited,EQ,09-Aug-21,1,1,INE645S01024,1
ROSSARI,Rossari Biotech Limited,EQ,23-Jul-20,2,1,INE02A801020,2
ROSSTECH,Rossell Techsys Limited,EQ,09-Dec-24,2,1,INE0OJW01016,2
ROTO,Roto Pumps Limited,EQ,21-Apr-22,1,1,INE535D01037,1
ROUTE,ROUTE MOBILE LIMITED,EQ,21-Sep-20,10,1,INE450U01017,10
RPEL,Raghav Productivity Enhancers Limited,EQ,08-Aug-24,10,1,INE912T01018,10
RPGLIFE,RPG Life Sciences Limited,EQ,10-Jun-08,8,1,INE105J01010,8
RPOWER,Reliance Power Limited,EQ,11-Feb-08,10,1,INE614G01033,10
RPPINFRA,R.P.P. Infra Projects Limited,EQ,06-Dec-10,10,1,INE324L01013,10
RPSGVENT,RPSG VENTURES LIMITED,EQ,25-Jan-19,10,1,INE425Y01011,10
RPTECH,Rashi Peripherals Limited,EQ,14-Feb-24,5,1,INE0J1F01024,5
RRKABEL,R R Kabel Limited,EQ,20-Sep-23,5,1,INE777K01022,5
RSL,Rajputana Stainless Limited,EQ,19-Mar-26,10,1,INE313L01016,10
RSYSTEMS,R Systems International Limited,EQ,26-Apr-06,1,1,INE411H01032,1
RTNINDIA,RattanIndia Enterprises Limited,EQ,30-Jul-12,2,1,INE834M01019,2
RTNPOWER,RattanIndia Power Limited,EQ,30-Oct-09,10,1,INE399K01017,10
RUBICON,Rubicon Research Limited,EQ,16-Oct-25,1,1,INE506V01022,1
RUCHIRA,Ruchira Papers Limited,EQ,20-Dec-06,10,1,INE803H01014,10
RUPA,Rupa & Company Limited,EQ,07-Dec-11,1,1,INE895B01021,1
RUSHIL,Rushil Decor Limited,EQ,07-Jul-11,1,1,INE573K01025,1
RUSTOMJEE,Keystone Realtors Limited,EQ,24-Nov-22,10,1,INE263M01029,10
RVNL,Rail Vikas Nigam Limited,EQ,11-Apr-19,10,1,INE415G01027,10
SAATVIKGL,Saatvik Green Energy Limited,EQ,26-Sep-25,2,1,INE13B501022,2
SAFARI,Safari Industries (India) Limited,EQ,12-Sep-19,2,1,INE429E01023,2
SAGCEM,Sagar Cements Limited,EQ,29-Jan-07,2,1,INE229C01021,2
SAGILITY,SAGILITY LIMITED,EQ,12-Nov-24,10,1,INE0W2G01015,10
SAHYADRI,Sahyadri Industries Limited,EQ,06-Apr-23,10,1,INE280H01015,10
SAIL,Steel Authority of India Limited,EQ,06-Jul-95,10,1,INE114A01011,10
SAILIFE,Sai Life Sciences Limited,EQ,18-Dec-24,1,1,INE570L01029,1
SAIPARENT,Sai Parenterals Limited,EQ,02-Apr-26,5,1,INE0H9F01037,5
SAKAR,Sakar Healthcare Limited,EQ,11-Apr-19,10,1,INE732S01012,10
SAKSOFT,Saksoft Limited,EQ,09-May-05,1,1,INE667G01023,1
SALASAR,Salasar Techno Engineering Limited,EQ,25-Jul-17,1,1,INE170V01027,1
SALSTEEL,S.A.L. Steel Limited,EQ,24-Nov-04,10,1,INE658G01014,10
SALZERELEC,Salzer Electronics Limited,EQ,02-Dec-15,10,1,INE457F01013,10
SAMBHV,Sambhv Steel Tubes Limited,EQ,02-Jul-25,10,1,INE12NJ01018,10
SAMHI,Samhi Hotels Limited,EQ,22-Sep-23,1,1,INE08U801020,1
SAMMAANCAP,Sammaan Capital Limited,EQ,23-Jul-13,2,1,INE148I01020,2
SANATHAN,Sanathan Textiles Limited,EQ,27-Dec-24,10,1,INE0JPD01013,10
SANDHAR,Sandhar Technologies Limited,EQ,02-Apr-18,10,1,INE278H01035,10
SANDUMA,Sandur Manganese & Iron Ores Limited,EQ,07-Sep-23,10,1,INE149K01016,10
SANGAMIND,Sangam (India) Limited,EQ,17-Jul-96,10,1,INE495C01010,10
SANGHVIMOV,Sanghvi Movers Limited,EQ,24-Jan-07,1,1,INE989A01032,1
SANOFI,Sanofi India Limited,EQ,19-May-03,10,1,INE058A01010,10
SANOFICONR,Sanofi Consumer Healthcare India Limited,EQ,13-Sep-24,10,1,INE0UOS01011,10
SANSERA,Sansera Engineering Limited,EQ,24-Sep-21,2,1,INE953O01021,2
SANSTAR,Sanstar Limited,EQ,26-Jul-24,2,1,INE08NE01025,2
SAPPHIRE,Sapphire Foods India Limited,EQ,18-Nov-21,2,1,INE806T01020,2
SARDAEN,Sarda Energy & Minerals Limited,EQ,03-Dec-09,1,1,INE385C01021,1
SAREGAMA,Saregama India Limited,EQ,30-Jul-97,1,1,INE979A01025,1
SARLAPOLY,Sarla Performance Fibers Limited,EQ,19-Jan-07,1,1,INE453D01025,1
SASKEN,Sasken Technologies Limited,EQ,09-Sep-05,10,1,INE231F01020,10
SATIA,Satia Industries Limited,EQ,17-Jul-19,1,1,INE170E01023,1
SATIN,Satin Creditcare Network Limited,EQ,26-Aug-15,10,1,INE836B01017,10
SAURASHCEM,Saurashtra Cement Limited,EQ,27-Feb-24,10,1,INE626A01014,10
SBC,SBC Exports Limited,EQ,23-Nov-21,1,1,INE04AK01028,1
SBCL,Shivalik Bimetal Controls Limited,EQ,24-Jun-21,2,1,INE386D01027,2
SBFC,SBFC Finance Limited,EQ,16-Aug-23,10,1,INE423Y01016,10
SBICARD,SBI Cards and Payment Services Limited,EQ,16-Mar-20,10,1,INE018E01016,10
SBIFUNDS,SBI Funds Management Limited,EQ,21-Jul-26,1,1,INE640G01020,1
SBILIFE,SBI Life Insurance Company Limited,EQ,03-Oct-17,10,1,INE123W01016,10
SBIN,State Bank of India,EQ,01-Mar-95,1,1,INE062A01020,1
SCHAEFFLER,Schaeffler India Limited,EQ,29-Nov-00,2,1,INE513A01022,2
SCHNEIDER,Schneider Electric Infrastructure Limited,EQ,20-Mar-12,2,1,INE839M01018,2
SCI,Shipping Corporation Of India Limited,EQ,13-Aug-97,10,1,INE109A01011,10
SCILAL,Shipping Corporation of India Land and Assets Limited,EQ,19-Mar-24,10,1,INE0PB301013,10
SCODATUBES,Scoda Tubes Limited,EQ,04-Jun-25,10,1,INE090501011,10
SCPL,Sheetal Cool Products Limited,EQ,22-Nov-22,10,1,INE501Y01019,10
SDBL,Som Distilleries & Breweries Limited,EQ,18-Mar-14,2,1,INE480C01038,2
SEAMECLTD,Seamec Limited,EQ,28-Jun-95,10,1,INE497B01018,10
SEDEMAC,SEDEMAC Mechatronics Limited,EQ,11-Mar-26,10,1,INE00XB01019,10
SEIL,Shanti Educational Initiatives Limited,EQ,20-Apr-26,1,1,INE440T01028,1
SEJALLTD,Sejal Glass Limited,EQ,13-Dec-21,10,1,INE955I01044,10
SELMC,SEL Manufacturing Company Limited,EQ,26-Oct-21,10,1,INE105I01020,10
SENCO,Senco Gold Limited,EQ,14-Jul-23,5,1,INE602W01027,5
SENORES,Senores Pharmaceuticals Limited,EQ,30-Dec-24,10,1,INE0RB801010,10
SEPC,SEPC Limited,EQ,20-Feb-08,10,1,INE964H01014,10
SERVOTECH,Servotech Renewable Power System Limited,EQ,02-Sep-21,1,1,INE782X01033,1
SESHAPAPER,Seshasayee Paper and Boards Limited,EQ,29-Mar-95,2,1,INE630A01024,2
SETL,Standard Engineering Technology Limited,EQ,13-Jan-25,10,1,INE0M4D01010,10
SFL,Sheela Foam Limited,EQ,09-Dec-16,5,1,INE916U01025,5
SGFIN,SG Finserve Limited,EQ,05-Aug-25,10,1,INE618R01015,10
SGIL,Synergy Green Industries Limited,EQ,28-Jul-21,10,1,INE00QT01015,10
SGMART,SG Mart Limited,EQ,12-Sep-25,1,1,INE385F01024,1
SGRL,Shree Ganesh Remedies Limited,EQ,17-Aug-26,10,1,INE414Y01015,10
SHADOWFAX,Shadowfax Technologies Limited,EQ,28-Jan-26,10,1,INE12UN01015,10
SHAHALLOYS,Shah Alloys Limited,EQ,16-Jun-05,10,1,INE640C01011,10
SHAILY,Shaily Engineering Plastics Limited,EQ,04-Apr-22,2,1,INE151G01028,2
SHAKTIPUMP,Shakti Pumps (India) Limited,EQ,29-Jan-15,10,1,INE908D01010,10
SHALBY,Shalby Limited,EQ,15-Dec-17,10,1,INE597J01018,10
SHANKARA,Shankara Building Products Limited,EQ,05-Apr-17,10,1,INE274V01019,10
SHANTIGEAR,Shanthi Gears Limited,EQ,17-Jan-96,1,1,INE631A01022,1
SHANTIGOLD,Shanti Gold International Limited,EQ,01-Aug-25,10,1,INE06ZD01017,10
SHARDACROP,Sharda Cropchem Limited,EQ,23-Sep-14,10,1,INE221J01015,10
SHARDAMOTR,Sharda Motor Industries Limited,EQ,03-Sep-15,2,1,INE597I01028,2
SHAREINDIA,Share India Securities Limited,EQ,21-Sep-20,2,1,INE932X01026,2
SHILCTECH,Shilchar Technologies Limited,EQ,24-Nov-25,10,1,INE024F01011,10
SHILPAMED,Shilpa Medicare Limited,EQ,03-Dec-09,1,1,INE790G01031,1
SHINDL,Sharat Industries Limited,EQ,20-Apr-26,10,1,INE220Z01013,10
SHIPROCKET,Shiprocket Limited,EQ,19-Aug-26,10,1,INE0FOO01011,10
SHIVAUM,Shiv Aum Steels Limited,EQ,14-Nov-25,10,1,INE719F01016,10
SHK,S H Kelkar and Company Limited,EQ,16-Nov-15,10,1,INE500L01026,10
SHOPERSTOP,Shoppers Stop Limited,EQ,23-May-05,5,1,INE498B01024,5
SHREDIGCEM,Shree Digvijay Cement Co.Ltd,EQ,28-Jan-20,10,1,INE232A01011,10
SHREECEM,SHREE CEMENT LIMITED,EQ,26-Apr-95,10,1,INE070A01015,10
SHREEJISPG,Shreeji Shipping Global Limited,EQ,26-Aug-25,10,1,INE1B6101010,10
SHREEPUSHK,Shree Pushkar Chemicals & Fertilisers Limited,EQ,10-Sep-15,10,1,INE712K01011,10
SHRINGARMS,Shringar House of Mangalsutra Limited,EQ,17-Sep-25,10,1,INE1B3L01017,10
SHRIPISTON,SPR Auto Technologies Limited,EQ,02-Jun-16,10,1,INE526E01018,10
SHRIRAMFIN,Shriram Finance Limited,EQ,11-Dec-96,2,1,INE721A01047,2
SHRIRAMPPS,Shriram Properties Limited,EQ,20-Dec-21,10,1,INE217L01019,10
SHUKRAPHAR,Shukra Pharmaceuticals Limited,EQ,14-Aug-26,1,1,INE551C01044,1
SHYAMMETL,Shyam Metalics and Energy Limited,EQ,24-Jun-21,10,1,INE810G01011,10
SIEMENS,Siemens Limited,EQ,06-Sep-95,2,1,INE003A01024,2
SIGACHI,Sigachi Industries Limited,EQ,15-Nov-21,1,1,INE0D0K01022,1
SIGMA,Sigma Solve Limited,EQ,09-Jun-23,1,1,INE0A0S01028,1
SIGMAADV,SIGMA ADVANCED SYSTEMS LIMITED,EQ,19-Jul-07,10,1,INE933B01012,10
SIGNATURE,Signatureglobal (India) Limited,EQ,27-Sep-23,1,1,INE903U01023,1
SIGNPOST,Signpost India Limited,EQ,14-Feb-24,2,1,INE0KGZ01021,2
SIKA,Sika Interplant Systems Limited,EQ,20-Apr-26,2,1,INE438E01032,2
SILGO,Silgo Retail Limited,EQ,03-Mar-21,10,1,INE01II01013,10
SILLYMONKS,Silly Monks Entertainment Limited,EQ,08-Jul-20,10,1,INE203Y01012,10
SILVERTUC,Silver Touch Technologies Limited,EQ,12-May-22,2,1,INE625X01026,2
SIMPLEXINF,Simplex Infrastructures Limited,EQ,09-Mar-04,2,1,INE059B01024,2
SINDHUTRAD,Sindhu Trade Links Limited,EQ,20-Jun-23,1,1,INE325D01025,1
SINGERIND,Singer India Limited,EQ,19-Mar-26,2,1,INE638A01035,2
SIRCA,Sirca Paints India Limited,EQ,22-Jul-19,10,1,INE792Z01011,10
SIS,SIS LIMITED,EQ,10-Aug-17,5,1,INE285J01028,5
SIYSIL,Siyaram Silk Mills Limited,EQ,29-Jan-07,2,1,INE076B01028,2
SJS,S.J.S. Enterprises Limited,EQ,15-Nov-21,10,1,INE284S01014,10
SJVN,SJVN Limited,EQ,20-May-10,10,1,INE002L01015,10
SKFINDIA,SKF India Limited,EQ,27-Jan-99,10,1,INE640A01023,10
SKFINDUS,SKF India (Industrial) Limited,EQ,05-Dec-25,10,1,INE2J8701016,10
SKIPPER,Skipper Limited,EQ,27-May-15,1,1,INE439E01022,1
SKMEGGPROD,SKM Egg Products Export (India) Limited,EQ,14-Mar-97,5,1,INE411D01023,5
SKYGOLD,SKY GOLD AND DIAMONDS LIMITED,EQ,06-Jan-23,10,1,INE01IU01018,10
SMARTWORKS,Smartworks Coworking Spaces Limited,EQ,17-Jul-25,10,1,INE0NAZ01010,10
SMCGLOBAL,SMC Global Securities Limited,EQ,24-Feb-21,2,1,INE103C01036,2
SMLMAH,SML Mahindra Limited,EQ,29-Aug-03,10,1,INE294B01019,10
SMSPHARMA,SMS Pharmaceuticals Limited,EQ,28-Feb-07,1,1,INE812G01025,1
SNOWMAN,Snowman Logistics Limited,EQ,12-Sep-14,10,1,INE734N01019,10
SOBHA,Sobha Limited,EQ,20-Dec-06,10,1,INE671H01015,10
SOLARA,Solara Active Pharma Sciences Limited,EQ,27-Jun-18,10,1,INE624Z01016,10
SOLARINDS,Solar Industries India Limited,EQ,03-Apr-06,2,1,INE343H01029,2
SOLARWORLD,Solarworld Energy Solutions Limited,EQ,30-Sep-25,5,1,INE0TY101024,5
SOLEX,Solex Energy Limited,EQ,08-Oct-25,10,1,INE880Y01017,10
SOMANYCERA,Somany Ceramics Limited,EQ,22-Nov-95,2,1,INE355A01028,2
SONACOMS,Sona BLW Precision Forgings Limited,EQ,24-Jun-21,10,1,INE073K01018,10
SONAMLTD,SONAM LIMITED,EQ,07-Apr-22,5,1,INE00LM01029,5
SONATSOFTW,Sonata Software Limited,EQ,28-Jul-99,1,1,INE269A01021,1
SOTL,Savita Oil Technologies Limited,EQ,28-Jun-95,2,1,INE035D01020,2
SOUTHBANK,The South Indian Bank Limited,EQ,08-Dec-98,1,1,INE683A01023,1
SOUTHWEST,South West Pinnacle Exploration Limited,EQ,18-Apr-19,10,1,INE980Y01015,10
SPAL,S. P. Apparels Limited,EQ,12-Aug-16,10,1,INE212I01016,10
SPANDANA,Spandana Sphoorty Financial Limited,EQ,19-Aug-19,10,1,INE572J01011,10
SPARC,Sun Pharma Advanced Research Company Limited,EQ,18-Jul-07,1,1,INE232I01014,1
SPELS,SPEL Semiconductor Limited,EQ,17-Aug-26,10,1,INE252A01019,10
SPIC,Southern Petrochemicals Industries Corporation  Limited,EQ,10-Jan-96,10,1,INE147A01011,10
SPLPETRO,Supreme Petrochem Limited,EQ,24-May-22,2,1,INE663A01033,2
SPMLINFRA,SPML Infra Limited,EQ,14-Feb-96,2,1,INE937A01023,2
SPORTKING,Sportking India Limited,EQ,24-Aug-22,1,1,INE885H01029,1
SREEL,Sreeleathers Limited,EQ,01-Jan-14,10,1,INE099F01013,10
SRF,SRF Limited,EQ,18-Aug-03,10,1,INE647A01010,10
SRHHYPOLTD,Sree Rayalaseema Hi-Strength Hypo Limited,EQ,08-May-07,10,1,INE917H01012,10
SRM,SRM Contractors Limited,EQ,03-Apr-24,10,1,INE0R6Z01013,10
SSWL,Steel Strips Wheels Limited,EQ,06-Jun-05,1,1,INE802C01033,1
STANLEY,Stanley Lifestyles Limited,EQ,28-Jun-24,2,1,INE01A001028,2
STAR,Strides Pharma Science Limited,EQ,02-Feb-00,10,1,INE939A01011,10
STARCEMENT,Star Cement Limited,EQ,16-Jun-17,1,1,INE460H01021,1
STARHEALTH,Star Health and Allied Insurance Company Limited,EQ,10-Dec-21,10,1,INE575P01011,10
STEELCAS,Steelcast Limited,EQ,23-Nov-21,1,1,INE124E01038,1
STEELXIND,STEEL EXCHANGE INDIA LIMITED,EQ,20-Jul-17,1,1,INE503B01021,1
STLNETWORK,STL Networks Limited,EQ,04-Sep-25,2,1,INE1VXE01018,2
STOVEKRAFT,Stove Kraft Limited,EQ,05-Feb-21,10,1,INE00IN01015,10
STUDDS,Studds Accessories Limited,EQ,07-Nov-25,5,1,INE00Q601028,5
STYL,Seshaasai Technologies Limited,EQ,30-Sep-25,10,1,INE04VU01023,10
STYLAMIND,Stylam Industries Limited,EQ,02-Aug-21,5,1,INE239C01020,5
STYLEBAAZA,Baazar Style Retail Limited,EQ,06-Sep-24,5,1,INE01FR01028,5
STYRENIX,Styrenix Performance Materials Limited,EQ,29-Mar-95,10,1,INE189B01011,10
SUBEXLTD,Subex Limited,EQ,05-Nov-20,5,1,INE754A01055,5
SUBROS,Subros Limited,EQ,13-Jul-05,2,1,INE287B01021,2
SUDARSCHEM,Sudarshan Chemical Industries Limited,EQ,25-May-95,2,1,INE659A01023,2
SUDEEPPHRM,Sudeep Pharma Limited,EQ,28-Nov-25,1,1,INE0QPI01025,1
SULA,Sula Vineyards Limited,EQ,22-Dec-22,2,1,INE142Q01026,2
SUMICHEM,Sumitomo Chemical India Limited,EQ,27-Jan-20,10,1,INE258G01013,10
SUNCLAY,Sundaram Clayton Limited,EQ,29-Dec-23,5,1,INE0Q3R01026,5
SUNDARMFIN,Sundaram Finance Limited,EQ,07-Jan-98,10,1,INE660A01013,10
SUNDRMFAST,Sundram Fasteners Limited,EQ,07-Jun-00,1,1,INE387A01021,1
SUNDROP,Sundrop Brands Limited,EQ,06-Dec-02,10,1,INE209A01019,10
SUNFLAG,Sunflag Iron And Steel Company Limited,EQ,29-Sep-05,10,1,INE947A01014,10
SUNPHARMA,Sun Pharmaceutical Industries Limited,EQ,08-Feb-95,1,1,INE044A01036,1
SUNTECK,Sunteck Realty Limited,EQ,13-Nov-09,1,1,INE805D01034,1
SUNTV,Sun TV Network Limited,EQ,24-Apr-06,5,1,INE424H01027,5
SUPRAJIT,Suprajit Engineering Limited,EQ,18-Feb-05,1,1,INE399C01030,1
SUPREMEIND,Supreme Industries Limited,EQ,19-Jul-95,2,1,INE195A01028,2
SUPREMEINF,Supreme Infrastructure India Limited,EQ,18-Oct-07,10,1,INE550H01011,10
SUPRIYA,Supriya Lifescience Limited,EQ,28-Dec-21,2,1,INE07RO01027,2
SURAJEST,Suraj Estate Developers Limited,EQ,26-Dec-23,5,1,INE843S01025,5
SURAKSHA,Suraksha Diagnostic Limited,EQ,06-Dec-24,2,1,INE877V01027,2
SURYAROSNI,Surya Roshni Limited,EQ,10-May-95,5,1,INE335A01020,5
SURYODAY,Suryoday Small Finance Bank Limited,EQ,26-Mar-21,10,1,INE428Q01011,10
SUVEN,Suven Life Sciences Limited,EQ,23-Oct-03,1,1,INE495B01038,1
SUYOG,Suyog Telematics Limited,EQ,20-Aug-24,10,1,INE442P01014,10
SUZLON,Suzlon Energy Limited,EQ,19-Oct-05,2,1,INE040H01021,2
SWANCORP,SWAN CORP LIMITED,EQ,29-May-12,1,1,INE665A01038,1
SWARAJ,Swaraj Suiting Limited,EQ,13-Aug-26,10,1,INE0GMR01016,10
SWARAJENG,Swaraj Engines Limited,EQ,06-Dec-95,10,1,INE277A01016,10
SWELECTES,Swelect Energy Systems Limited,EQ,09-May-06,10,1,INE409B01013,10
SWIGGY,Swiggy Limited,EQ,13-Nov-24,1,1,INE00H001014,1
SWSOLAR,Sterling and Wilson Renewable Energy Limited,EQ,20-Aug-19,1,1,INE00M201021,1
SYMPHONY,Symphony Limited,EQ,15-Jun-11,2,1,INE225D01027,2
SYNCOMF,Syncom Formulations (India) Limited,EQ,18-Nov-22,1,1,INE312C01025,1
SYNGENE,Syngene International Limited,EQ,11-Aug-15,10,1,INE398R01022,10
SYRMA,Syrma SGS Technology Limited,EQ,26-Aug-22,10,1,INE0DYJ01015,10
TAALTECH,Taal Tech Limited,EQ,20-Apr-26,10,1,INE524T01011,10
TAJGVK,Taj GVK Hotels & Resorts Limited,EQ,20-Dec-00,2,1,INE586B01026,2
TAKE,TAKE Limited,EQ,27-Aug-07,1,1,INE142I01023,1
TALBROAUTO,Talbros Automotive Components Limited,EQ,29-Sep-06,2,1,INE187D01029,2
TANLA,Tanla Platforms Limited,EQ,05-Jan-07,1,1,INE483C01032,1
TARACHAND,Tara Chand InfraLogistic Solutions Limited,EQ,16-Apr-24,2,1,INE555Z01020,2
TARC,TARC Limited,EQ,18-Dec-20,2,1,INE0EK901012,2
TARIL,Transformers And Rectifiers (India) Limited,EQ,28-Dec-07,1,1,INE763I01026,1
TARSONS,Tarsons Products Limited,EQ,26-Nov-21,2,1,INE144Z01023,2
TASTYBITE,Tasty Bite Eatables Limited,EQ,23-Mar-17,10,1,INE488B01017,10
TATACAP,Tata Capital Limited,EQ,13-Oct-25,10,1,INE976I01016,10
TATACHEM,Tata Chemicals Limited,EQ,01-Apr-99,10,1,INE092A01019,10
TATACOMM,Tata Communications Limited,EQ,12-Apr-95,10,1,INE151A01013,10
TATACONSUM,TATA CONSUMER PRODUCTS LIMITED,EQ,18-Nov-98,1,1,INE192A01025,1
TATAELXSI,Tata Elxsi Limited,EQ,17-Sep-03,10,1,INE670A01012,10
TATAINVEST,Tata Investment Corporation Limited,EQ,24-Jun-98,1,1,INE672A01026,1
TATAPOWER,Tata Power Company Limited,EQ,03-Apr-96,1,1,INE245A01021,1
TATASTEEL,Tata Steel Limited,EQ,18-Nov-98,1,1,INE081A01020,1
TATATECH,Tata Technologies Limited,EQ,30-Nov-23,2,1,INE142M01025,2
TATVA,Tatva Chintan Pharma Chem Limited,EQ,29-Jul-21,10,1,INE0GK401011,10
TBOTEK,TBO Tek Limited,EQ,15-May-24,1,1,INE673O01025,1
TBZ,Tribhovandas Bhimji Zaveri Limited,EQ,09-May-12,10,1,INE760L01018,10
TCC,TCC Concept Limited,EQ,25-Feb-26,10,1,INE887D01016,10
TCI,Transport Corporation of India Limited,EQ,21-Jan-02,2,1,INE688A01022,2
TCIEXP,TCI Express Limited,EQ,15-Dec-16,2,1,INE586V01016,2
TCPLPACK,TCPL Packaging Limited,EQ,17-Oct-17,10,1,INE822C01015,10
TCS,Tata Consultancy Services Limited,EQ,25-Aug-04,1,1,INE467B01029,1
TDPOWERSYS,TD Power Systems Limited,EQ,08-Sep-11,2,1,INE419M01027,2
TEAMLEASE,Teamlease Services Limited,EQ,12-Feb-16,10,1,INE985S01024,10
TECHM,Tech Mahindra Limited,EQ,28-Aug-06,5,1,INE669C01036,5
TECHNOCRAF,Technocraft Ventures Limited,EQ,14-Aug-26,10,1,INE1D0W01018,10
TECHNOE,Techno Electric & Engineering Company Limited,EQ,04-Dec-18,2,1,INE285K01026,2
TEGA,Tega Industries Limited,EQ,13-Dec-21,10,1,INE011K01018,10
TEJASNET,Tejas Networks Limited,EQ,27-Jun-17,10,1,INE010J01012,10
TEMBO,Tembo Global Industries Limited,EQ,23-Apr-21,1,1,INE869Y01028,1
TENNIND,Tenneco Clean Air India Limited,EQ,19-Nov-25,10,1,INE19RI01016,10
TERASOFT,Tera Software Limited,EQ,29-Dec-16,10,1,INE482B01010,10
TEXINFRA,Texmaco Infrastructure & Holdings Limited,EQ,09-Sep-04,1,1,INE435C01024,1
TEXMOPIPES,Texmo Pipes and Products Limited,EQ,10-Mar-10,10,1,INE141K01013,10
TEXRAIL,Texmaco Rail & Engineering Limited,EQ,03-Mar-11,1,1,INE621L01012,1
TFCILTD,Tourism Finance Corporation of India Limited,EQ,26-Jul-00,2,1,INE305A01023,2
TGVSL,TGV Sraac Limited,EQ,17-Aug-26,10,1,INE284B01028,10
THANGAMAYL,Thangamayil Jewellery Limited,EQ,19-Feb-10,10,1,INE085J01014,10
THEJO,Thejo Engineering Limited,EQ,10-Oct-23,10,1,INE121N01019,10
THELEELA,Leela Palaces Hotels & Resorts Limited,EQ,02-Jun-25,10,1,INE0AQ201015,10
THEMISMED,Themis Medicare Limited,EQ,02-Apr-07,1,1,INE083B01024,1
THERMAX,Thermax Limited,EQ,30-Aug-95,2,1,INE152A01029,2
THOMASCOOK,Thomas Cook  (India)  Limited,EQ,07-Jun-00,1,1,INE332A01027,1
THOMASCOTT,Thomas Scott (India) Limited,EQ,30-Jan-12,10,1,INE480M01011,10
THYROCARE,Thyrocare Technologies Limited,EQ,09-May-16,10,1,INE594H01019,10
TI,Tilaknagar Industries Limited,EQ,16-Jul-10,10,1,INE133E01013,10
TIIL,Technocraft Industries (India) Limited,EQ,12-Feb-07,10,1,INE545H01011,10
TIINDIA,Tube Investments of India Limited,EQ,02-Nov-17,1,1,INE974X01010,1
TIMETECHNO,Time Technoplast Limited,EQ,13-Jun-07,1,1,INE508G01029,1
TIMEX,Timex Group India Limited,EQ,20-Apr-26,1,1,INE064A01026,1
TIMKEN,Timken India Limited,EQ,06-Feb-07,10,1,INE325A01013,10
TINNARUBR,Tinna Rubber and Infrastructure Limited,EQ,17-Apr-25,10,1,INE015C01016,10
TIPSFILMS,Tips Films Limited,EQ,06-Oct-22,10,1,INE0LQS01015,10
TIPSMUSIC,Tips Music Limited,EQ,10-Nov-00,1,1,INE716B01029,1
TIRUMALCHM,Thirumalai Chemicals Limited,EQ,14-May-03,1,1,INE338A01024,1
TITAGARH,TITAGARH RAIL SYSTEMS LIMITED,EQ,21-Apr-08,2,1,INE615H01020,2
TITAN,Titan Company Limited,EQ,24-Sep-04,1,1,INE280A01028,1
TMB,Tamilnad Mercantile Bank Limited,EQ,15-Sep-22,10,1,INE668A01016,10
TMCV,Tata Motors Limited,EQ,12-Nov-25,2,1,INE1TAE01010,2
TMPV,Tata Motors Passenger Vehicles Limited,EQ,22-Jul-98,2,1,INE155A01022,2
TNPETRO,Tamilnadu PetroProducts Limited,EQ,27-Oct-99,10,1,INE148A01019,10
TNPL,Tamil Nadu Newsprint & Papers Limited,EQ,14-Feb-96,10,1,INE107A01015,10
TORNTPHARM,Torrent Pharmaceuticals Limited,EQ,25-Nov-02,5,1,INE685A01028,5
TORNTPOWER,Torrent Power Limited,EQ,28-Nov-06,10,1,INE813H01021,10
TPLPLASTEH,TPL Plastech Limited,EQ,20-May-15,2,1,INE413G01022,2
TRANSRAILL,Transrail Lighting Limited,EQ,27-Dec-24,2,1,INE454P01035,2
TRAVELFOOD,Travel Food Services Limited,EQ,14-Jul-25,1,1,INE103V01028,1
TRENT,Trent Limited,EQ,07-Jun-04,1,1,INE849A01020,1
TRF,TRF Limited,EQ,26-Mar-10,10,1,INE391D01019,10
TRIDENT,Trident Limited,EQ,21-Feb-01,1,1,INE064C01022,1
TRITURBINE,Triveni Turbine Limited,EQ,28-Oct-11,1,1,INE152M01016,1
TRIVENI,Triveni Engineering & Industries Limited,EQ,13-Dec-05,1,1,INE256C01024,1
TRUALT,TruAlt Bioenergy Limited,EQ,03-Oct-25,10,1,INE0MWH01014,10
TSFINV,TSF INVESTMENTS LIMITED,EQ,26-Mar-18,5,1,INE202Z01029,5
TTKHLTCARE,TTK Healthcare Limited,EQ,02-Dec-15,10,1,INE910C01018,10
TTKPRESTIG,TTK Prestige Limited,EQ,22-Dec-99,1,1,INE690A01028,1
TTML,Tata Teleservices (Maharashtra) Limited,EQ,20-Oct-00,10,1,INE517B01013,10
TURTLEMINT,Turtlemint Fintech Solutions Limited,EQ,29-Jun-26,1,1,INE0OC301013,1
TVSELECT,TVS Electronics Limited,EQ,26-Dec-03,10,1,INE236G01019,10
TVSHLTD,TVS Holdings Limited,EQ,23-Oct-12,5,1,INE105A01035,5
TVSMOTOR,TVS Motor Company Limited,EQ,02-Aug-00,1,1,INE494B01023,1
TVSSCS,TVS Supply Chain Solutions Limited,EQ,23-Aug-23,1,1,INE395N01027,1
TVSSRICHAK,TVS Srichakra Limited,EQ,13-Feb-07,10,1,INE421C01016,10
UBL,United Breweries Limited,EQ,28-Jul-08,1,1,INE686F01025,1
UCOBANK,UCO Bank,EQ,09-Oct-03,10,1,INE691A01018,10
UDAYJEW,Uday Jewellery Industries Limited,EQ,17-Aug-26,10,1,INE551B01012,10
UDS,Updater Services Limited,EQ,04-Oct-23,10,1,INE851I01011,10
UEL,Ujaas Energy Limited,EQ,16-Apr-24,1,1,INE899L01030,1
UFLEX,UFLEX Limited,EQ,23-Aug-95,10,1,INE516A01017,10
UGARSUGAR,The Ugar Sugar Works Limited,EQ,23-Aug-10,1,1,INE071E01023,1
UGROCAP,Ugro Capital Limited,EQ,11-Aug-21,10,1,INE583D01011,10
UJJIVANSFB,Ujjivan Small Finance Bank Limited,EQ,12-Dec-19,10,1,INE551W01018,10
ULTRACEMCO,UltraTech Cement Limited,EQ,24-Aug-04,10,1,INE481G01011,10
ULTRAMAR,Ultramarine & Pigments Limited,EQ,20-Apr-26,2,1,INE405A01021,2
UMIYA-MRO,UMIYA BUILDCON LIMITED,EQ,01-Nov-00,5,1,INE398B01018,5
UNICHEMLAB,Unichem Laboratories Limited,EQ,07-Feb-01,2,1,INE351A01035,2
UNIECOM,Unicommerce Esolutions Limited,EQ,13-Aug-24,1,1,INE00U401027,1
UNIMECH,Unimech Aerospace and Manufacturing Limited,EQ,31-Dec-24,5,1,INE0U3I01011,5
UNIONBANK,Union Bank of India,EQ,24-Sep-02,10,1,INE692A01016,10
UNIPARTS,Uniparts India Limited,EQ,12-Dec-22,10,1,INE244O01017,10
UNITDSPR,United Spirits Limited,EQ,27-Sep-01,2,1,INE854D01024,2
UNITECH,Unitech Limited,EQ,08-Sep-99,2,1,INE694A01020,2
UNIVCABLES,Universal Cables Limited,EQ,17-May-95,10,1,INE279A01012,10
UNOMINDA,UNO Minda Limited,EQ,02-Feb-07,2,1,INE405E01023,2
UPL,UPL Limited,EQ,23-Jan-04,2,1,INE628A01036,2
URBANCO,Urban Company Limited,EQ,17-Sep-25,1,1,INE0CAZ01013,1
URJA,Urja Global Limited,EQ,28-Mar-17,1,1,INE550C01020,1
USHAMART,Usha Martin Limited,EQ,11-Oct-00,1,1,INE228A01035,1
UTIAMC,UTI Asset Management Company Limited,EQ,12-Oct-20,10,1,INE094J01016,10
UTKARSHBNK,Utkarsh Small Finance Bank Limited,EQ,21-Jul-23,10,1,INE735W01017,10
UTLSOLAR,Fujiyama Power Systems Limited,EQ,20-Nov-25,1,1,INE12UR01024,1
UTTAMSUGAR,Uttam Sugar Mills Limited,EQ,10-Apr-06,10,1,INE786F01031,10
V2RETAIL,V2 Retail Limited,EQ,04-Jul-07,1,1,INE945H01021,1
VADILALIND,Vadilal Industries Limited,EQ,15-Jun-11,10,1,INE694D01016,10
VAIBHAVGBL,Vaibhav Global Limited,EQ,05-Apr-04,2,1,INE884A01027,2
VALIANTLAB,Valiant Laboratories Limited,EQ,06-Oct-23,10,1,INE0JWS01017,10
VAML,Vedanta Aluminium Metal Limited,EQ,15-Jun-26,1,1,INE1CDF01017,1
VARROC,Varroc Engineering Limited,EQ,06-Jul-18,1,1,INE665L01035,1
VASCONEQ,Vascon Engineers Limited,EQ,15-Feb-10,10,1,INE893I01013,10
VBL,Varun Beverages Limited,EQ,08-Nov-16,2,1,INE200M01039,2
VEDL,Vedanta Limited,EQ,13-May-98,1,1,INE205A01025,1
VEDPOWER,Vedanta Power Limited,EQ,15-Jun-26,10,1,INE694L01019,10
VEEDOL,Veedol Corporation Limited,EQ,16-Jan-07,2,1,INE484C01030,2
VENKEYS,Venky's (India) Limited,EQ,28-Jul-03,10,1,INE398A01010,10
VENTIVE,Ventive Hospitality Limited,EQ,30-Dec-24,1,1,INE781S01027,1
VENUSPIPES,Venus Pipes & Tubes Limited,EQ,24-May-22,10,1,INE0JA001018,10
VERANDA,Veranda Learning Solutions Limited,EQ,11-Apr-22,10,1,INE0IQ001011,10
VESUVIUS,Vesuvius India Limited,EQ,04-Oct-02,1,1,INE386A01023,1
VGL,VARVEE GLOBAL LIMITED,EQ,21-Nov-06,5,1,INE273D01027,5
VGUARD,V-Guard Industries Limited,EQ,13-Mar-08,1,1,INE951I01027,1
VIDHIING,Vidhi Specialty Food Ingredients Limited,EQ,02-Mar-16,1,1,INE632C01026,1
VIDYAWIRES,Vidya Wires Limited,EQ,10-Dec-25,1,1,INE14UN01029,1
VIJAYA,Vijaya Diagnostic Centre Limited,EQ,14-Sep-21,1,1,INE043W01024,1
VIKRAMSOLR,Vikram Solar Limited,EQ,26-Aug-25,10,1,INE078V01014,10
VIKRAN,Vikran Engineering Limited,EQ,03-Sep-25,1,1,INE01R501028,1
VIMTALABS,Vimta Labs Limited,EQ,15-Dec-05,2,1,INE579C01029,2
VINATIORGA,Vinati Organics Limited,EQ,28-Jul-09,1,1,INE410B01037,1
VINCOFE,Vintage Coffee And Beverages Limited,EQ,18-Oct-24,10,1,INE498Q01014,10
VINDHYATEL,Vindhya Telelinks Limited,EQ,08-Feb-95,10,1,INE707A01012,10
VIPIND,VIP Industries Limited,EQ,02-Mar-05,2,1,INE054A01027,2
VIRAT,Virat Industries Limited,EQ,17-Aug-26,10,1,INE467D01017,10
VISAKAIND,Visaka Industries Limited,EQ,28-Aug-96,2,1,INE392A01021,2
VISHAL,Vishal Fabrics Limited,EQ,17-Aug-26,5,1,INE755Q01025,5
VISHNU,Vishnu Chemicals Limited,EQ,05-Mar-15,2,1,INE270I01022,2
VISL,Vedanta Iron and Steel Limited,EQ,15-Jun-26,1,1,INE1CLE01013,1
VIYASH,Viyash Scientific Limited,EQ,10-Mar-16,2,1,INE807F01027,2
VMART,V-Mart Retail Limited,EQ,20-Feb-13,10,1,INE665J01013,10
VMM,Vishal Mega Mart Limited,EQ,18-Dec-24,10,1,INE01EA01019,10
VOEPL,Virtuoso Optoelectronics Limited,EQ,01-Jul-26,10,1,INE0I0T01010,10
VOGL,Vedanta Oil and Gas Limited,EQ,15-Jun-26,1,1,INE704J01044,1
VOLTAMP,Voltamp Transformers Limited,EQ,20-Sep-06,10,1,INE540H01012,10
VOLTAS,Voltas Limited,EQ,12-Apr-95,1,1,INE226A01021,1
VPRPL,Vishnu Prakash R Punglia Limited,EQ,05-Sep-23,10,1,INE0AE001013,10
VRAJ,Vraj Iron and Steel Limited,EQ,03-Jul-24,10,1,INE0S2V01010,10
VRLLOG,VRL Logistics Limited,EQ,30-Apr-15,10,1,INE366I01010,10
VSSL,Vardhman Special Steels Limited,EQ,17-May-12,10,1,INE050M01012,10
VSTIND,VST Industries Limited,EQ,05-Sep-03,10,1,INE710A01016,10
VSTTILLERS,V.S.T Tillers Tractors Limited,EQ,20-Jun-11,10,1,INE764D01017,10
VTL,Vardhman Textiles Limited,EQ,14-Jan-03,2,1,INE825A01020,2
WAAREEENER,Waaree Energies Limited,EQ,28-Oct-24,10,1,INE377N01017,10
WAAREEINDO,Indosolar Limited,EQ,29-Sep-10,10,1,INE866K01023,10
WAAREERTL,Waaree Renewable Technologies Limited,EQ,09-Apr-25,2,1,INE299N01021,2
WABAG,VA Tech Wabag Limited,EQ,13-Oct-10,2,1,INE956G01038,2
WAKEFIT,Wakefit Innovations Limited,EQ,15-Dec-25,1,1,INE0E7301029,1
WALCHANNAG,Walchandnagar Industries Limited,EQ,18-Sep-96,2,1,INE711A01022,2
WANBURY,Wanbury Limited,EQ,29-Jan-07,10,1,INE107F01022,10
WCIL,Western Carriers (India) Limited,EQ,24-Sep-24,5,1,INE0CJF01024,5
WEBELSOLAR,Websol Energy System Limited,EQ,15-May-07,1,1,INE855C01023,1
WEL,Wonder Electricals Limited,EQ,17-Jan-22,1,1,INE02WG01024,1
WELCORP,Welspun Corp Limited,EQ,24-May-05,5,1,INE191B01025,5
WELENT,Welspun Enterprises Limited,EQ,04-Nov-04,10,1,INE625G01013,10
WELSPLSOL,Welspun Specialty Solutions Limited,EQ,20-Apr-26,6,1,INE731F01037,6
WELSPUNLIV,Welspun Living Limited,EQ,04-Dec-03,1,1,INE192B01031,1
WENDT,Wendt (India) Limited,EQ,07-Aug-06,10,1,INE274C01019,10
WESTLIFE,WESTLIFE FOODWORLD LIMITED,EQ,05-Jun-23,2,1,INE274F01020,2
WEWORK,WeWork India Management Limited,EQ,10-Oct-25,10,1,INE085001019,10
WHEELS,Wheels India Limited,EQ,07-Apr-00,10,1,INE715A01015,10
WHIRLPOOL,Whirlpool of India Limited,EQ,06-Apr-10,10,1,INE716A01013,10
WINDLAS,Windlas Biotech Limited,EQ,16-Aug-21,5,1,INE0H5O01029,5
WINDMACHIN,Windsor Machines Limited,EQ,17-Aug-11,2,1,INE052A01021,2
WIPRO,Wipro Limited,EQ,08-Nov-95,2,1,INE075A01022,2
WOCKPHARMA,Wockhardt Limited,EQ,23-Feb-00,5,1,INE049B01025,5
WONDERLA,Wonderla Holidays Limited,EQ,09-May-14,10,1,INE066O01014,10
WPIL,WPIL Limited,EQ,20-Apr-26,1,1,INE765D01022,1
WSTCSTPAPR,West Coast Paper Mills Limited,EQ,17-Jan-01,2,1,INE976A01021,2
XCHANGING,Xchanging Solutions Limited,EQ,09-Mar-05,10,1,INE692G01013,10
XPROINDIA,Xpro India Limited,EQ,27-Apr-04,10,1,INE445C01015,10
XTRANET,Xtranet Technologies Limited,EQ,30-Jul-26,10,1,INE0NG701011,10
YASHO,Yasho Industries Limited,EQ,21-Aug-23,10,1,INE616Z01012,10
YATHARTH,Yatharth Hospital & Trauma Care Services Limited,EQ,07-Aug-23,10,1,INE0JO301016,10
YATRA,Yatra Online Limited,EQ,28-Sep-23,1,1,INE0JR601024,1
YESBANK,Yes Bank Limited,EQ,12-Jul-05,2,1,INE528G01035,2
YUKEN,Yuken India Limited,EQ,02-Sep-21,10,1,INE384C01016,10
ZAGGLE,Zaggle Prepaid Ocean Services Limited,EQ,22-Sep-23,1,1,INE07K301024,1
ZEEL,Zee Entertainment Enterprises Limited,EQ,09-Sep-98,1,1,INE256A01028,1
ZEEMEDIA,Zee Media Corporation Limited,EQ,10-Jan-07,1,1,INE966H01019,1
ZENSARTECH,Zensar Technologies Limited,EQ,09-Jul-03,2,1,INE520A01027,2
ZENTEC,Zen Technologies Limited,EQ,30-Mar-15,1,1,INE251B01027,1
ZFCVINDIA,ZF Commercial Vehicle Control Systems India Limited,EQ,01-Oct-08,5,1,INE342J01019,5
ZFSTEERING,ZF Steering Gear (India) Limited,EQ,20-Apr-26,10,1,INE116C01012,10
ZIMLAB,Zim Laboratories Limited,EQ,25-Nov-22,10,1,INE518E01015,10
ZOTA,Zota Health Care LImited,EQ,19-Aug-19,10,1,INE358U01012,10
ZUARI,Zuari Agro Chemicals Limited,EQ,27-Nov-12,10,1,INE840M01016,10
ZUARIIND,ZUARI INDUSTRIES LIMITED,EQ,12-Apr-95,10,1,INE217A01012,10
ZYDUSLIFE,Zydus Lifesciences Limited,EQ,18-Apr-00,1,1,INE010B01027,1
ZYDUSWELL,Zydus Wellness Limited,EQ,13-Nov-09,2,1,INE768C01028,2
