date,open,high,low,close,range,gap,completed_legs,total_distance,efficiency_ratio,day_type,leg_sequence
2021-06-17,15680.2999,15769.2999,15616.7,15681.0,152.59989999999925,0.0,16,748.2996000000021,0.20392888089209033,Multi_Wave_Oscillating,"[np.float64(-10.4), np.float64(51.7), np.float64(-20.6), np.float64(73.7), np.float64(-70.5), np.float64(22.6)]"
2021-06-18,15757.7,15761.5,15450.8999,15720.6,310.60009999999966,76.70000000000073,39,1875.1995999999963,0.16563575418851426,Multi_Wave_Oscillating,"[np.float64(-6.3), np.float64(20.2), np.float64(-70.7), np.float64(61.4), np.float64(-53.1), np.float64(20.8)]"
2021-06-21,15530.8999,15765.1,15505.6,15750.2999,259.5,-189.70010000000002,24,1013.4000999999971,0.2560686544238556,Multi_Wave_Oscillating,"[np.float64(-24.5), np.float64(79.0), np.float64(-21.9), np.float64(22.4), np.float64(-30.9), np.float64(36.3)]"
2021-06-22,15844.1,15895.7,15752.1,15765.8999,143.60000000000036,93.80010000000038,20,712.6999999999989,0.20148730181001906,Multi_Wave_Oscillating,"[np.float64(-10.6), np.float64(68.5), np.float64(-22.8), np.float64(37.6), np.float64(-53.7), np.float64(36.6)]"
2021-06-23,15858.7999,15862.8999,15673.8999,15694.8999,189.0,92.89999999999964,25,1061.3001000000022,0.1780834657416876,Multi_Wave_Oscillating,"[np.float64(-55.7), np.float64(43.8), np.float64(-41.5), np.float64(37.9), np.float64(-48.2), np.float64(28.4)]"
2021-06-24,15738.3999,15821.3999,15702.7,15794.5,118.69989999999962,43.5,20,711.6001999999971,0.1668070076427748,Multi_Wave_Oscillating,"[np.float64(-24.6), np.float64(33.6), np.float64(-20.6), np.float64(47.0), np.float64(-35.3), np.float64(34.4)]"
2021-06-25,15827.7999,15870.7999,15772.2999,15847.2,98.5,33.29989999999998,18,679.8004000000019,0.1448954722592098,Multi_Wave_Oscillating,"[np.float64(-23.6), np.float64(37.5), np.float64(-57.8), np.float64(53.9), np.float64(-54.2), np.float64(22.0)]"
2021-06-28,15915.6,15917.8999,15792.1,15824.7,125.79989999999998,68.39999999999964,19,662.4002000000019,0.18991525062945275,Multi_Wave_Oscillating,"[np.float64(-14.3), np.float64(23.9), np.float64(-38.9), np.float64(39.3), np.float64(-55.5), np.float64(23.7)]"
2021-06-29,15818.5,15835.8999,15724.0,15749.2999,111.89990000000034,-6.200000000000728,15,625.4999000000025,0.178896751222502,Multi_Wave_Oscillating,"[np.float64(-25.5), np.float64(42.3), np.float64(-29.0), np.float64(35.7), np.float64(-79.6), np.float64(20.6)]"
2021-06-30,15764.2999,15839.1,15708.7,15729.7999,130.39999999999964,15.0,10,424.60039999999935,0.307112287223469,Multi_Wave_Oscillating,"[np.float64(21.2), np.float64(-38.2), np.float64(63.4), np.float64(-21.0), np.float64(22.4), np.float64(-64.8)]"
2021-07-01,15754.6,15758.2,15667.0,15693.0,91.20000000000073,24.800100000000384,13,488.20020000000295,0.18680860843563804,Multi_Wave_Oscillating,"[np.float64(-33.7), np.float64(27.4), np.float64(-29.0), np.float64(35.7), np.float64(-40.5), np.float64(23.2)]"
2021-07-02,15708.3999,15738.2999,15635.8999,15729.5,102.39999999999964,15.399900000000343,13,513.0998999999974,0.19957127257284624,Multi_Wave_Oscillating,"[np.float64(-18.4), np.float64(21.9), np.float64(-40.0), np.float64(25.0), np.float64(-33.5), np.float64(38.9)]"
2021-07-05,15793.8999,15845.8999,15762.0,15841.8999,83.89990000000034,64.39990000000034,5,203.3003000000008,0.4126895041473132,Multi_Wave_Oscillating,"[np.float64(-9.6), np.float64(71.2), np.float64(-30.8), np.float64(32.6), np.float64(-24.1)]"
2021-07-06,15816.7,15914.2,15801.0,15815.5,113.20000000000073,-25.199899999999616,10,480.40040000000226,0.23563677299186303,Multi_Wave_Oscillating,"[np.float64(41.5), np.float64(-27.3), np.float64(61.5), np.float64(-35.3), np.float64(39.8), np.float64(-65.9)]"
2021-07-07,15816.5,15893.5,15779.7,15879.7,113.79999999999927,1.0,13,524.6998000000003,0.21688592219779615,Multi_Wave_Oscillating,"[np.float64(-13.0), np.float64(20.1), np.float64(-26.0), np.float64(71.2), np.float64(-55.3), np.float64(32.2)]"
2021-07-08,15853.6,15885.7,15682.8999,15728.0,202.80010000000038,-26.100000000000364,15,635.3008000000027,0.3192190219184354,Multi_Wave_Oscillating,"[np.float64(16.9), np.float64(-63.5), np.float64(23.1), np.float64(-66.5), np.float64(21.8), np.float64(-60.8)]"
2021-07-09,15684.3999,15730.7999,15632.7,15698.6,98.09989999999925,-43.60009999999966,16,705.6997999999985,0.13901080884534678,Multi_Wave_Oscillating,"[np.float64(-38.0), np.float64(33.0), np.float64(-32.9), np.float64(37.1), np.float64(-29.6), np.float64(51.0)]"
2021-07-12,15766.6,15789.1,15644.7,15689.3999,144.39999999999964,68.0,13,600.5002999999997,0.24046615796861334,Multi_Wave_Oscillating,"[np.float64(6.3), np.float64(-32.6), np.float64(34.5), np.float64(-32.1), np.float64(28.7), np.float64(-21.2)]"
2021-07-13,15792.2,15820.7999,15744.6,15808.3999,76.19989999999962,102.80010000000038,7,257.0000999999993,0.2964975500009526,Multi_Wave_Oscillating,"[np.float64(-15.3), np.float64(29.2), np.float64(-32.5), np.float64(67.6), np.float64(-24.5), np.float64(27.9)]"
2021-07-14,15802.0,15877.2999,15764.2,15845.7,113.09989999999925,-6.399900000000343,10,397.09969999999703,0.2848148714290142,Multi_Wave_Oscillating,"[np.float64(-13.6), np.float64(27.4), np.float64(-43.3), np.float64(24.1), np.float64(-28.2), np.float64(113.1)]"
2021-07-15,15868.7,15952.2999,15855.0,15919.2999,97.29989999999998,23.0,9,317.8003000000026,0.30616679719937073,Multi_Wave_Oscillating,"[np.float64(8.5), np.float64(-20.4), np.float64(35.9), np.float64(-20.3), np.float64(64.7), np.float64(-37.3)]"
2021-07-16,15961.7999,15962.2,15882.5,15922.3999,79.70000000000073,42.5,10,408.2997000000014,0.19519975155504757,Multi_Wave_Oscillating,"[np.float64(-14.3), np.float64(31.4), np.float64(-54.7), np.float64(40.9), np.float64(-23.8), np.float64(20.5)]"
2021-07-19,15754.2999,15836.8999,15707.5,15759.8999,129.39990000000034,-168.10000000000036,10,477.2999,0.2711081649084786,Multi_Wave_Oscillating,"[np.float64(6.2), np.float64(-22.8), np.float64(60.7), np.float64(-33.9), np.float64(37.5), np.float64(-28.1)]"
2021-07-20,15703.3999,15728.3999,15578.5,15622.3999,149.89990000000034,-56.5,25,931.4991999999966,0.16092327293464223,Multi_Wave_Oscillating,"[np.float64(6.2), np.float64(-47.1), np.float64(25.8), np.float64(-61.7), np.float64(24.3), np.float64(-27.3)]"
2021-07-22,15739.8999,15834.7999,15726.3999,15828.7,108.39999999999964,117.5,11,424.6995000000006,0.25523929272344204,Multi_Wave_Oscillating,"[np.float64(-12.1), np.float64(36.0), np.float64(-21.2), np.float64(58.5), np.float64(-24.2), np.float64(40.4)]"
2021-07-23,15845.7999,15899.7999,15768.2999,15849.7,131.5,17.099899999999252,15,721.6995000000006,0.18220880020008312,Multi_Wave_Oscillating,"[np.float64(27.5), np.float64(-108.1), np.float64(50.1), np.float64(-42.8), np.float64(73.2), np.float64(-21.4)]"
2021-07-26,15862.7999,15893.2999,15797.0,15820.3999,96.29989999999998,13.099899999999252,14,563.7994999999992,0.17080522419760946,Multi_Wave_Oscillating,"[np.float64(-16.3), np.float64(37.4), np.float64(-30.5), np.float64(73.2), np.float64(-46.0), np.float64(49.6)]"
2021-07-27,15860.2999,15881.5,15700.8999,15745.8999,180.60009999999966,39.899999999999636,12,589.7001999999993,0.30625748473546366,Multi_Wave_Oscillating,"[np.float64(6.4), np.float64(-27.4), np.float64(22.3), np.float64(-31.5), np.float64(33.7), np.float64(-51.2)]"
2021-07-28,15767.3999,15770.1,15513.3999,15713.8999,256.7001,21.5,19,978.9991999999947,0.26220664940277927,Multi_Wave_Oscillating,"[np.float64(-47.6), np.float64(30.2), np.float64(-60.1), np.float64(36.1), np.float64(-79.1), np.float64(21.6)]"
2021-07-29,15759.5,15817.2999,15737.7999,15783.1,79.5,45.60009999999966,15,516.6993000000002,0.1538612496668758,Multi_Wave_Oscillating,"[np.float64(12.5), np.float64(-38.8), np.float64(25.8), np.float64(-35.1), np.float64(44.5), np.float64(-35.2)]"
2021-07-30,15807.2,15862.7999,15744.7999,15774.8999,118.0,24.100000000000364,15,622.1006000000034,0.1896799327954343,Multi_Wave_Oscillating,"[np.float64(-39.3), np.float64(55.4), np.float64(-23.7), np.float64(23.7), np.float64(-33.8), np.float64(21.1)]"
2021-08-02,15872.6,15892.8999,15834.6,15887.7,58.29989999999998,97.70010000000002,7,268.2996000000003,0.21729402503768144,Multi_Wave_Oscillating,"[np.float64(-9.2), np.float64(37.2), np.float64(-26.3), np.float64(38.2), np.float64(-24.6), np.float64(30.8)]"
2021-08-03,15950.6,16146.8999,15914.2999,16126.2999,232.60000000000036,62.899999999999636,8,407.1001000000015,0.5713582482539294,Multi_Wave_Oscillating,"[np.float64(-16.1), np.float64(32.8), np.float64(-25.1), np.float64(122.8), np.float64(-20.0), np.float64(81.8)]"
2021-08-04,16191.2,16290.2,16176.1,16250.0996,114.10000000000036,64.90010000000075,17,660.0997000000007,0.1728526766486945,Multi_Wave_Oscillating,"[np.float64(29.5), np.float64(-21.3), np.float64(57.6), np.float64(-26.0), np.float64(22.0), np.float64(-47.2)]"
2021-08-05,16288.7999,16349.3999,16210.2999,16283.7998,139.10000000000036,38.700300000000425,18,740.4004999999997,0.1878712939821089,Multi_Wave_Oscillating,"[np.float64(-11.7), np.float64(23.9), np.float64(-82.0), np.float64(65.3), np.float64(-44.9), np.float64(21.3)]"
2021-08-06,16301.6,16336.7,16223.2999,16252.0,113.40010000000075,17.800199999999677,17,767.7004000000015,0.14771400405679158,Multi_Wave_Oscillating,"[np.float64(-16.5), np.float64(52.6), np.float64(-51.5), np.float64(39.3), np.float64(-27.0), np.float64(48.5)]"
2021-08-07,16238.2002,17886.8496,15580.2998,16946.75,2306.5498000000007,-13.799800000000687,91,34835.3526,0.06621290234909237,Multi_Wave_Oscillating,"[np.float64(0.0), np.float64(625.5), np.float64(-101.8), np.float64(103.8), np.float64(-22.3), np.float64(368.2)]"
2021-08-09,16284.7,16320.7,16179.0,16258.25,141.70000000000073,-662.0499999999993,15,647.1994999999988,0.21894330882517832,Multi_Wave_Oscillating,"[np.float64(17.7), np.float64(-29.7), np.float64(45.5), np.float64(-36.9), np.float64(29.0), np.float64(-41.6)]"
2021-08-10,16278.7,16359.2,16202.2,16268.9502,157.0,20.450000000000728,17,715.5996999999988,0.21939640276540118,Multi_Wave_Oscillating,"[np.float64(30.5), np.float64(-20.9), np.float64(23.4), np.float64(-21.9), np.float64(23.8), np.float64(-29.6)]"
2021-08-11,16326.6,16338.7,16162.5,16276.0,176.20000000000073,57.64980000000105,26,1068.7992999999951,0.16485789240318696,Multi_Wave_Oscillating,"[np.float64(-3.6), np.float64(23.1), np.float64(-24.8), np.float64(21.6), np.float64(-40.7), np.float64(36.8)]"
2021-08-12,16297.8999,16375.3999,16286.7999,16364.4004,88.60000000000036,21.899900000000343,12,394.3001000000004,0.22470194656303732,Multi_Wave_Oscillating,"[np.float64(10.9), np.float64(-42.9), np.float64(27.7), np.float64(-26.1), np.float64(51.9), np.float64(-21.9)]"
2021-08-13,16384.9,16543.5999,16376.2999,16517.0,167.3000000000011,20.49960000000101,9,392.99920000000566,0.425700612113202,Multi_Wave_Oscillating,"[np.float64(73.1), np.float64(-23.3), np.float64(45.1), np.float64(-20.6), np.float64(27.5), np.float64(-39.5)]"
2021-08-16,16518.7999,16589.4,16480.7,16546.6992,108.70000000000073,1.7999000000017986,20,746.3980000000047,0.14563275893022226,Multi_Wave_Oscillating,"[np.float64(-10.6), np.float64(51.5), np.float64(-29.2), np.float64(26.4), np.float64(-67.2), np.float64(37.3)]"
2021-08-17,16544.0,16628.5,16495.4,16611.1992,133.09999999999854,-2.6991999999991094,18,820.2996000000094,0.16225778971487614,Multi_Wave_Oscillating,"[np.float64(-9.2), np.float64(74.9), np.float64(-54.4), np.float64(50.2), np.float64(-91.7), np.float64(50.6)]"
2021-08-18,16681.2,16701.7999,16537.0999,16568.8496,164.70000000000073,70.00080000000162,19,729.8497999999963,0.2256628692643357,Multi_Wave_Oscillating,"[np.float64(-10.0), np.float64(31.1), np.float64(-36.9), np.float64(45.7), np.float64(-53.2), np.float64(22.3)]"
2021-08-20,16403.0,16509.5,16376.0,16415.6992,133.5,-165.84960000000137,35,1342.500300000007,0.0994413185605987,Multi_Wave_Oscillating,"[np.float64(32.1), np.float64(-29.4), np.float64(45.6), np.float64(-30.6), np.float64(56.0), np.float64(-26.4)]"
2021-08-21,16450.5,16450.5,16450.5,16450.5,0.0,34.80080000000089,0,0.0,0.0,Monotonic_Trend,[]
2021-08-23,16591.9,16592.5,16396.1992,16487.9004,196.3008000000009,141.40000000000146,32,1309.0012000000097,0.1499622765815642,Multi_Wave_Oscillating,"[np.float64(-14.1), np.float64(24.8), np.float64(-35.3), np.float64(22.8), np.float64(-26.6), np.float64(22.4)]"
2021-08-24,16540.7999,16647.0999,16495.2999,16614.3496,151.79999999999927,52.89950000000317,15,633.6000999999997,0.23958329552031218,Multi_Wave_Oscillating,"[np.float64(35.7), np.float64(-60.8), np.float64(21.0), np.float64(-32.9), np.float64(42.3), np.float64(-56.0)]"
2021-08-25,16658.0,16712.4,16617.5,16633.25,94.90000000000146,43.650399999998626,14,613.4005000000034,0.15471131829856827,Multi_Wave_Oscillating,"[np.float64(32.5), np.float64(-49.5), np.float64(48.3), np.float64(-32.2), np.float64(27.2), np.float64(-23.1)]"
2021-08-26,16627.2,16683.7,16603.4,16633.5,80.29999999999927,-6.049999999999272,13,499.30099999998856,0.16082483311669937,Multi_Wave_Oscillating,"[np.float64(5.3), np.float64(-31.0), np.float64(72.6), np.float64(-34.0), np.float64(25.9), np.float64(-34.8)]"
2021-08-27,16634.7,16722.0,16565.5999,16690.1504,156.40009999999893,1.2000000000007276,18,683.1007999999965,0.22895610720994578,Multi_Wave_Oscillating,"[np.float64(-25.4), np.float64(47.8), np.float64(-40.3), np.float64(20.8), np.float64(-70.8), np.float64(70.6)]"
2021-08-30,16765.0,16951.3008,16764.5,16938.3008,186.8008000000009,74.84960000000137,9,373.10030000000916,0.5006718032657608,Multi_Wave_Oscillating,"[np.float64(14.1), np.float64(-20.9), np.float64(34.5), np.float64(-22.0), np.float64(72.9), np.float64(-33.6)]"
2021-08-31,16951.2,17153.4,16915.7999,17130.3496,237.60009999999966,12.899199999999837,21,958.4003999999877,0.24791318951870503,Multi_Wave_Oscillating,"[np.float64(7.7), np.float64(-21.2), np.float64(42.0), np.float64(-74.2), np.float64(26.4), np.float64(-31.9)]"
2021-09-01,17188.7999,17225.7,17055.0,17059.4,170.70000000000073,58.450300000000425,26,1075.7005999999928,0.1586872778540812,Multi_Wave_Oscillating,"[np.float64(-19.8), np.float64(26.3), np.float64(-30.1), np.float64(46.2), np.float64(-36.0), np.float64(67.4)]"
2021-09-02,17095.9,17245.5,17059.7,17233.1504,185.79999999999927,36.5,12,517.399100000006,0.3591038329985443,Multi_Wave_Oscillating,"[np.float64(-28.1), np.float64(72.6), np.float64(-33.7), np.float64(31.1), np.float64(-21.5), np.float64(75.4)]"
2021-09-03,17258.3008,17340.0999,17212.2,17320.0996,127.89990000000034,25.150400000002264,21,929.5988000000143,0.13758612855352048,Multi_Wave_Oscillating,"[np.float64(22.9), np.float64(-57.4), np.float64(55.4), np.float64(-49.8), np.float64(21.5), np.float64(-51.4)]"
2021-09-06,17402.5999,17429.5,17345.5,17378.25,84.0,82.5002999999997,21,721.201599999993,0.1164722873604285,Multi_Wave_Oscillating,"[np.float64(14.8), np.float64(-34.8), np.float64(29.1), np.float64(-31.6), np.float64(45.6), np.float64(-31.1)]"
2021-09-07,17399.9004,17436.5,17287.0,17356.3008,149.5,21.650399999998626,21,989.3974999999955,0.1511020595867694,Multi_Wave_Oscillating,"[np.float64(23.2), np.float64(-80.5), np.float64(26.4), np.float64(-22.1), np.float64(44.1), np.float64(-100.7)]"
2021-09-08,17379.0,17381.9492,17254.2,17368.0508,127.74919999999838,22.69919999999911,23,977.755600000004,0.1306555544146184,Multi_Wave_Oscillating,"[np.float64(-9.5), np.float64(55.8), np.float64(-51.0), np.float64(24.7), np.float64(-30.4), np.float64(45.7)]"
2021-09-09,17313.0996,17379.5999,17302.7,17357.3496,76.89990000000034,-54.95119999999952,13,499.2004000000052,0.15404615060404508,Multi_Wave_Oscillating,"[np.float64(6.2), np.float64(-45.1), np.float64(34.5), np.float64(-26.2), np.float64(52.4), np.float64(-32.5)]"
2021-09-13,17356.3008,17378.2999,17269.0999,17351.3008,109.20000000000073,-1.0488000000004831,14,542.2503999999935,0.20138297731085497,Multi_Wave_Oscillating,"[np.float64(-13.3), np.float64(26.0), np.float64(-25.0), np.float64(25.0), np.float64(-43.3), np.float64(37.2)]"
2021-09-14,17412.9004,17438.5,17367.0,17381.9004,71.5,61.599599999997736,11,376.0507000000034,0.19013393672714704,Multi_Wave_Oscillating,"[np.float64(-18.7), np.float64(48.2), np.float64(-34.6), np.float64(28.9), np.float64(-29.7), np.float64(21.2)]"
2021-09-15,17397.4492,17532.5999,17389.8496,17517.6992,142.7502999999997,15.548800000000483,9,341.00069999999687,0.41862172130438735,Multi_Wave_Oscillating,"[np.float64(-6.2), np.float64(73.5), np.float64(-23.7), np.float64(36.6), np.float64(-25.3), np.float64(38.0)]"
2021-09-16,17548.0999,17644.5999,17511.4,17626.5,133.19989999999962,30.40070000000196,11,465.9998000000014,0.2858368179557142,Multi_Wave_Oscillating,"[np.float64(13.6), np.float64(-23.9), np.float64(21.6), np.float64(-63.2), np.float64(56.2), np.float64(-38.3)]"
2021-09-17,17703.9004,17792.9,17537.5999,17601.1992,255.30010000000038,77.40039999999863,46,1979.6496000000006,0.12896226685773093,Multi_Wave_Oscillating,"[np.float64(11.4), np.float64(-24.1), np.float64(31.3), np.float64(-20.5), np.float64(29.1), np.float64(-53.7)]"
2021-09-20,17447.9,17622.7,17361.7,17371.5,261.0,-153.29919999999765,37,1584.6000000000058,0.16471033699356244,Multi_Wave_Oscillating,"[np.float64(27.5), np.float64(-45.7), np.float64(88.8), np.float64(-26.0), np.float64(32.5), np.float64(-36.7)]"
2021-09-21,17455.5999,17578.2999,17326.0999,17566.8008,252.20000000000073,84.09990000000107,36,1728.9999000000025,0.14586467009049586,Multi_Wave_Oscillating,"[np.float64(-28.2), np.float64(52.9), np.float64(-89.4), np.float64(33.6), np.float64(-20.6), np.float64(65.5)]"
2021-09-22,17578.9,17610.4,17524.0,17547.25,86.40000000000146,12.099200000000565,26,1107.999200000002,0.0779783956522724,Multi_Wave_Oscillating,"[np.float64(20.2), np.float64(-52.8), np.float64(46.1), np.float64(-54.9), np.float64(38.8), np.float64(-49.4)]"
2021-09-23,17677.5,17843.9,17646.5,17826.6992,197.40000000000146,130.25,20,692.4004000000023,0.2850951559242323,Multi_Wave_Oscillating,"[np.float64(-6.2), np.float64(28.3), np.float64(-20.7), np.float64(39.0), np.float64(-21.1), np.float64(28.0)]"
2021-09-24,17898.2999,17947.5999,17819.4,17842.6504,128.19989999999962,71.60070000000269,39,1456.399799999992,0.08802521120917507,Multi_Wave_Oscillating,"[np.float64(35.3), np.float64(-57.9), np.float64(34.2), np.float64(-30.0), np.float64(35.2), np.float64(-26.6)]"
2021-09-27,17935.7,17943.5,17802.9,17858.1992,140.59999999999854,93.0496000000021,20,915.6000999999924,0.15356048999994618,Multi_Wave_Oscillating,"[np.float64(-30.3), np.float64(41.3), np.float64(-27.8), np.float64(24.5), np.float64(-22.6), np.float64(36.4)]"
2021-09-28,17906.0999,17912.7999,17576.0999,17734.1504,336.7000000000007,47.90070000000196,34,1643.199999999997,0.20490506329114005,Multi_Wave_Oscillating,"[np.float64(-31.5), np.float64(20.7), np.float64(-41.9), np.float64(56.8), np.float64(-45.9), np.float64(43.5)]"
2021-09-29,17656.0,17781.7,17608.0999,17709.4492,173.60009999999966,-78.15039999999863,33,1383.700099999991,0.12546078445755754,Multi_Wave_Oscillating,"[np.float64(-13.5), np.float64(56.9), np.float64(-40.0), np.float64(30.4), np.float64(-39.2), np.float64(29.8)]"
2021-09-30,17718.7999,17742.0999,17585.2999,17606.3496,156.79999999999927,9.35070000000269,32,1364.199899999996,0.11493916690655068,Multi_Wave_Oscillating,"[np.float64(16.0), np.float64(-57.2), np.float64(29.8), np.float64(-32.0), np.float64(20.3), np.float64(-42.4)]"
2021-10-01,17530.3496,17556.9492,17453.1504,17528.0508,103.79880000000048,-76.0,36,1320.8128000000252,0.07858706396546014,Multi_Wave_Oscillating,"[np.float64(-11.2), np.float64(25.9), np.float64(-52.6), np.float64(52.8), np.float64(-23.8), np.float64(40.4)]"
2021-10-04,17610.3008,17750.0996,17584.9004,17699.6992,165.19920000000275,82.25,17,680.752000000004,0.24267163372270925,Multi_Wave_Oscillating,"[np.float64(25.7), np.float64(-26.6), np.float64(120.1), np.float64(-23.1), np.float64(38.7), np.float64(-67.3)]"
2021-10-05,17660.8496,17833.0508,17643.3008,17828.3008,189.75,-38.849599999997736,19,732.4612000000125,0.2590580907220707,Multi_Wave_Oscillating,"[np.float64(-16.0), np.float64(32.9), np.float64(-29.8), np.float64(49.8), np.float64(-37.8), np.float64(37.4)]"
2021-10-06,17856.6504,17884.5,17614.8496,17628.8008,269.6503999999986,28.349599999997736,25,1283.2560000000049,0.21012985717580718,Multi_Wave_Oscillating,"[np.float64(14.2), np.float64(-50.7), np.float64(35.1), np.float64(-91.3), np.float64(43.9), np.float64(-21.2)]"
2021-10-07,17802.75,17857.5,17766.0508,17796.1992,91.44919999999911,173.9491999999991,21,707.2439999999951,0.12930360667605484,Multi_Wave_Oscillating,"[np.float64(-3.1), np.float64(21.9), np.float64(-29.9), np.float64(61.8), np.float64(-32.9), np.float64(26.9)]"
2021-10-08,17887.5,17941.5,17840.5,17907.4004,101.0,91.30080000000089,27,1066.0588000000062,0.09474149080707313,Multi_Wave_Oscillating,"[np.float64(-29.6), np.float64(27.1), np.float64(-34.6), np.float64(57.4), np.float64(-38.0), np.float64(40.8)]"
2021-10-11,17855.0,18041.1992,17843.9004,17954.9492,197.29880000000048,-52.400399999998626,18,802.0428000000029,0.24599535087154922,Multi_Wave_Oscillating,"[np.float64(36.2), np.float64(-30.5), np.float64(69.9), np.float64(-23.5), np.float64(58.0), np.float64(-23.8)]"
2021-10-12,17922.0,18005.5508,17865.5996,18004.0508,139.95119999999952,-32.94919999999911,22,1023.5387999999984,0.13673267686579124,Multi_Wave_Oscillating,"[np.float64(53.2), np.float64(-81.4), np.float64(41.1), np.float64(-28.6), np.float64(47.1), np.float64(-33.0)]"
2021-10-13,18088.25,18197.6992,18053.9004,18161.1992,143.79880000000048,84.19919999999911,14,561.8516000000091,0.2559373329185112,Multi_Wave_Oscillating,"[np.float64(-17.7), np.float64(74.2), np.float64(-26.2), np.float64(20.5), np.float64(-20.8), np.float64(45.5)]"
2021-10-14,18280.9492,18350.1992,18249.1504,18335.6504,101.04880000000048,119.75,13,532.4959999999992,0.18976443015534508,Multi_Wave_Oscillating,"[np.float64(-9.1), np.float64(33.5), np.float64(-28.4), np.float64(21.0), np.float64(-29.2), np.float64(30.3)]"
2021-10-18,18475.4004,18542.6504,18447.0,18476.5996,95.65039999999863,139.75,20,833.9572000000262,0.11469461502340363,Multi_Wave_Oscillating,"[np.float64(-21.4), np.float64(73.3), np.float64(-59.2), np.float64(29.9), np.float64(-41.2), np.float64(39.7)]"
2021-10-19,18585.3008,18594.8496,18378.1504,18422.1504,216.69920000000275,108.70119999999952,35,1733.2380000000048,0.12502564564128074,Multi_Wave_Oscillating,"[np.float64(-19.2), np.float64(44.0), np.float64(-23.7), np.float64(32.9), np.float64(-27.7), np.float64(34.1)]"
2021-10-20,18445.8496,18456.9004,18209.8008,18282.3008,247.09959999999774,23.699200000002747,57,2301.205200000015,0.10737834244420973,Multi_Wave_Oscillating,"[np.float64(-44.9), np.float64(24.1), np.float64(-94.4), np.float64(37.8), np.float64(-26.0), np.float64(57.7)]"
2021-10-21,18374.9004,18374.9004,18048.75,18222.9004,326.1503999999986,92.59959999999774,51,2171.701200000007,0.1501819863616586,Multi_Wave_Oscillating,"[np.float64(-12.0), np.float64(20.9), np.float64(-42.3), np.float64(28.3), np.float64(-99.4), np.float64(45.9)]"
2021-10-22,18232.25,18313.3496,18035.0508,18111.6992,278.2988000000005,9.349600000001374,61,2652.0348000000013,0.10493783867391195,Multi_Wave_Oscillating,"[np.float64(-16.3), np.float64(35.2), np.float64(-44.8), np.float64(69.8), np.float64(-50.1), np.float64(87.4)]"
2021-10-25,18236.6504,18236.6504,17970.3008,18135.8496,266.34959999999774,124.95119999999952,65,2859.4920000000056,0.09314577554334728,Multi_Wave_Oscillating,"[np.float64(-44.5), np.float64(40.9), np.float64(-101.8), np.float64(47.7), np.float64(-67.8), np.float64(29.6)]"
2021-10-26,18158.6504,18308.9492,18100.3008,18308.0996,208.64839999999822,22.800799999997253,34,1546.1096000000034,0.13495058823772763,Multi_Wave_Oscillating,"[np.float64(23.6), np.float64(-26.1), np.float64(55.7), np.float64(-20.8), np.float64(54.5), np.float64(-37.6)]"
2021-10-27,18297.0508,18340.75,18168.0996,18184.8496,172.65039999999863,-11.048800000000483,29,1211.2012000000104,0.1425447729080826,Multi_Wave_Oscillating,"[np.float64(0.5), np.float64(-61.8), np.float64(70.6), np.float64(-58.1), np.float64(48.4), np.float64(-35.7)]"
2021-10-28,18185.0508,18185.0508,17799.8008,17865.1992,385.25,0.20119999999951688,37,1705.8983999999982,0.22583408249870005,Multi_Wave_Oscillating,"[np.float64(-16.0), np.float64(21.8), np.float64(-29.3), np.float64(29.6), np.float64(-83.8), np.float64(24.0)]"
2021-10-29,17827.8008,17915.3008,17615.3008,17711.5,300.0,-37.39839999999822,81,3978.052799999983,0.0754137803299145,Multi_Wave_Oscillating,"[np.float64(-92.1), np.float64(48.6), np.float64(-82.2), np.float64(69.6), np.float64(-48.8), np.float64(95.3)]"
2021-11-01,17772.75,17952.9004,17699.0,17946.1992,253.90039999999863,61.25,38,1734.560800000003,0.14637734232204383,Multi_Wave_Oscillating,"[np.float64(18.6), np.float64(-37.5), np.float64(24.4), np.float64(-121.2), np.float64(64.6), np.float64(-40.9)]"
2021-11-02,17985.1992,18010.8496,17848.3008,17890.1504,162.54880000000048,39.0,38,1563.5548000000126,0.10396105080551009,Multi_Wave_Oscillating,"[np.float64(20.6), np.float64(-62.5), np.float64(43.6), np.float64(-39.0), np.float64(26.7), np.float64(-54.0)]"
2021-11-03,17946.5996,17987.9004,17758.25,17830.0,229.65039999999863,56.44920000000275,31,1369.4839999999895,0.16769118879811695,Multi_Wave_Oscillating,"[np.float64(7.9), np.float64(-35.9), np.float64(46.3), np.float64(-39.9), np.float64(24.4), np.float64(-23.8)]"
2021-11-04,17829.1992,17829.1992,17829.1992,17829.1992,0.0,-0.8008000000008906,0,0.0,0.0,Monotonic_Trend,[]
2021-11-08,18011.5508,18087.4004,17836.4004,18083.3496,251.0,182.35160000000178,41,1622.2152000000278,0.15472669717309745,Multi_Wave_Oscillating,"[np.float64(-121.0), np.float64(29.4), np.float64(-40.3), np.float64(54.2), np.float64(-34.5), np.float64(39.3)]"
2021-11-09,18084.3496,18112.0996,17983.0996,18051.5996,129.0,1.0,26,1078.7580000000235,0.11958196370269995,Multi_Wave_Oscillating,"[np.float64(-7.3), np.float64(32.1), np.float64(-31.4), np.float64(56.7), np.float64(-71.2), np.float64(33.7)]"
2021-11-10,17968.1992,18060.9492,17915.0996,18012.3496,145.84959999999774,-83.40040000000226,22,804.5975999999864,0.18127023993111613,Multi_Wave_Oscillating,"[np.float64(-41.1), np.float64(41.9), np.float64(-42.8), np.float64(54.0), np.float64(-20.7), np.float64(20.9)]"
2021-11-11,17962.5508,17962.5508,17799.5,17886.6992,163.0508000000009,-49.79880000000048,23,987.4023999999918,0.16513105497819558,Multi_Wave_Oscillating,"[np.float64(-20.7), np.float64(24.4), np.float64(-49.1), np.float64(24.2), np.float64(-21.1), np.float64(36.2)]"
2021-11-12,17967.9004,18122.5,17906.0,18099.8496,216.5,81.20119999999952,17,767.0019999999968,0.2822678428478686,Multi_Wave_Oscillating,"[np.float64(-11.2), np.float64(41.7), np.float64(-41.4), np.float64(52.0), np.float64(-51.4), np.float64(35.0)]"
2021-11-13,18102.75,19950.5996,17955.5996,18808.4004,1995.0,2.9003999999986263,121,39290.03280000003,0.05077623656246982,Multi_Wave_Oscillating,"[np.float64(-125.3), np.float64(67.9), np.float64(-53.9), np.float64(21.9), np.float64(-36.2), np.float64(694.5)]"
2021-11-15,18149.4492,18209.5996,18071.5996,18093.5996,138.0,-658.9511999999995,27,987.8048000000053,0.13970371474202115,Multi_Wave_Oscillating,"[np.float64(33.1), np.float64(-46.0), np.float64(31.9), np.float64(-26.6), np.float64(33.2), np.float64(-52.0)]"
2021-11-16,18125.3496,18131.9492,17959.1504,17962.8496,172.79880000000048,31.75,16,834.5976000000082,0.20704444872594743,Multi_Wave_Oscillating,"[np.float64(-25.3), np.float64(31.2), np.float64(-27.4), np.float64(33.8), np.float64(-67.4), np.float64(52.8)]"
2021-11-17,17938.6504,18022.3008,17879.9492,17887.0,142.35160000000178,-24.199200000002747,22,909.8516000000018,0.15645584400796955,Multi_Wave_Oscillating,"[np.float64(-21.4), np.float64(40.0), np.float64(-28.4), np.float64(48.8), np.float64(-23.3), np.float64(46.9)]"
2021-11-18,17894.5508,17945.3496,17688.8496,17746.1992,256.5,7.550800000000891,39,1719.046800000022,0.14921059740781736,Multi_Wave_Oscillating,"[np.float64(21.7), np.float64(-21.5), np.float64(35.5), np.float64(-106.2), np.float64(38.7), np.float64(-25.0)]"
2021-11-22,17787.8008,17789.5996,17281.9492,17441.0508,507.65040000000226,41.60160000000178,53,2374.1584000000184,0.2138233068189546,Multi_Wave_Oscillating,"[np.float64(-67.2), np.float64(36.3), np.float64(-70.5), np.float64(24.3), np.float64(-34.1), np.float64(58.2)]"
2021-11-23,17281.3496,17553.1992,17216.8008,17496.8496,336.3983999999982,-159.70119999999952,45,2167.351600000002,0.15521173398907587,Multi_Wave_Oscillating,"[np.float64(-17.4), np.float64(32.0), np.float64(-61.2), np.float64(59.9), np.float64(-68.8), np.float64(136.5)]"
2021-11-24,17555.0508,17600.3496,17355.6504,17358.5996,244.69920000000275,58.20119999999952,26,1235.6952000000092,0.19802553250995952,Multi_Wave_Oscillating,"[np.float64(-14.3), np.float64(21.3), np.float64(-51.7), np.float64(86.8), np.float64(-40.3), np.float64(28.5)]"
2021-11-25,17408.5508,17563.8496,17352.3496,17547.4004,211.5,49.95119999999952,31,1442.2500000000036,0.14664586583463302,Multi_Wave_Oscillating,"[np.float64(-15.2), np.float64(50.4), np.float64(-25.6), np.float64(49.2), np.float64(-28.2), np.float64(22.6)]"
2021-11-26,17339.0,17344.9492,16985.75,17009.9004,359.1991999999991,-208.40039999999863,46,2313.3596000000107,0.1552716663678217,Multi_Wave_Oscillating,"[np.float64(-30.6), np.float64(38.4), np.float64(-34.1), np.float64(38.3), np.float64(-65.2), np.float64(71.8)]"
2021-11-29,17065.6504,17160.0996,16783.9492,17040.6992,376.15040000000226,55.75,74,3448.0059999999903,0.10909215355193794,Multi_Wave_Oscillating,"[np.float64(-197.1), np.float64(119.6), np.float64(-44.6), np.float64(162.3), np.float64(-20.0), np.float64(53.2)]"
2021-11-30,17060.4492,17324.4492,16934.0508,16972.5996,390.3983999999982,19.75,54,2825.1116000000256,0.13818866483008838,Multi_Wave_Oscillating,"[np.float64(76.7), np.float64(-21.5), np.float64(67.8), np.float64(-23.7), np.float64(36.2), np.float64(-29.0)]"
2021-12-01,17091.4492,17212.5508,17064.75,17186.8008,147.8008000000009,118.84959999999774,48,1985.2400000000089,0.0744498398178559,Multi_Wave_Oscillating,"[np.float64(31.9), np.float64(-35.7), np.float64(46.3), np.float64(-33.4), np.float64(24.8), np.float64(-52.2)]"
2021-12-02,17188.0,17418.0,17158.3008,17404.3496,259.6991999999991,1.1991999999991094,23,1061.2560000000158,0.24470928786267898,Multi_Wave_Oscillating,"[np.float64(-18.5), np.float64(81.3), np.float64(-42.8), np.float64(80.2), np.float64(-31.6), np.float64(43.4)]"
2021-12-03,17423.25,17488.3008,17181.0996,17209.5508,307.2011999999995,18.900399999998626,38,1610.599600000005,0.19073716397296916,Multi_Wave_Oscillating,"[np.float64(23.0), np.float64(-36.9), np.float64(46.8), np.float64(-46.6), np.float64(28.8), np.float64(-29.9)]"
2021-12-06,17203.5996,17210.8496,16893.5996,16913.8496,317.25,-5.951199999999517,37,1684.7539999999935,0.1883064233710092,Multi_Wave_Oscillating,"[np.float64(-8.5), np.float64(38.3), np.float64(-56.5), np.float64(71.8), np.float64(-45.8), np.float64(43.4)]"
2021-12-07,17033.9492,17251.25,16988.75,17179.1992,262.5,120.09959999999774,23,1026.2500000000073,0.25578562728379844,Multi_Wave_Oscillating,"[np.float64(-5.3), np.float64(44.8), np.float64(-69.8), np.float64(45.4), np.float64(-23.5), np.float64(90.5)]"
2021-12-08,17312.5508,17484.5,17312.5508,17469.1504,171.9491999999991,133.35160000000178,23,884.4512000000068,0.1944134396561368,Multi_Wave_Oscillating,"[np.float64(33.2), np.float64(-28.4), np.float64(41.4), np.float64(-22.5), np.float64(57.7), np.float64(-40.7)]"
2021-12-09,17525.6992,17539.8008,17380.0996,17505.6504,159.70119999999952,56.54880000000048,28,1258.5508000000045,0.12689293113952885,Multi_Wave_Oscillating,"[np.float64(-99.8), np.float64(67.4), np.float64(-41.8), np.float64(23.3), np.float64(-25.4), np.float64(21.2)]"
2021-12-10,17487.5508,17534.0508,17405.5,17497.3496,128.5508000000009,-18.099599999997736,26,1039.4531999999745,0.12367156116312313,Multi_Wave_Oscillating,"[np.float64(-16.4), np.float64(43.7), np.float64(-22.6), np.float64(30.8), np.float64(-26.4), np.float64(71.1)]"
2021-12-13,17609.5508,17639.25,17356.0996,17385.5,283.1503999999986,112.20119999999952,40,1605.107599999992,0.1764058683667064,Multi_Wave_Oscillating,"[np.float64(18.8), np.float64(-29.2), np.float64(35.8), np.float64(-36.7), np.float64(33.6), np.float64(-28.2)]"
2021-12-14,17284.5996,17375.6992,17226.1504,17322.5508,149.54880000000048,-100.90039999999863,32,1398.3475999999828,0.10694679920786672,Multi_Wave_Oscillating,"[np.float64(-11.9), np.float64(36.5), np.float64(-23.5), np.float64(21.0), np.float64(-20.8), np.float64(84.9)]"
2021-12-15,17335.5996,17350.5,17193.25,17209.5508,157.25,13.048800000000483,24,1123.294799999996,0.13998996523441626,Multi_Wave_Oscillating,"[np.float64(-18.4), np.float64(40.2), np.float64(-59.8), np.float64(24.9), np.float64(-66.0), np.float64(29.1)]"
2021-12-16,17374.5996,17374.5996,17185.3496,17287.25,189.25,165.04880000000048,33,1358.9084000000112,0.13926619336520288,Multi_Wave_Oscillating,"[np.float64(-7.9), np.float64(20.6), np.float64(-38.5), np.float64(22.6), np.float64(-73.0), np.float64(36.1)]"
2021-12-17,17292.4492,17292.4492,16966.75,16995.6504,325.6991999999991,5.199199999999109,41,1732.5347999999976,0.1879899901577732,Multi_Wave_Oscillating,"[np.float64(-97.4), np.float64(31.5), np.float64(-44.9), np.float64(27.7), np.float64(-25.2), np.float64(23.8)]"
2021-12-20,16828.5,16828.5,16410.4004,16613.6504,418.0996000000014,-167.15039999999863,50,2315.406400000007,0.1805728791282602,Multi_Wave_Oscillating,"[np.float64(-134.9), np.float64(52.3), np.float64(-27.2), np.float64(35.2), np.float64(-66.3), np.float64(46.8)]"
2021-12-21,16770.0,16936.3496,16688.6504,16788.9004,247.69920000000275,156.34960000000137,29,1584.9472000000205,0.15628230391523423,Multi_Wave_Oscillating,"[np.float64(-0.8), np.float64(115.3), np.float64(-101.9), np.float64(37.5), np.float64(-45.2), np.float64(109.6)]"
2021-12-22,16857.1504,16970.5996,16819.6992,16966.6504,150.90040000000226,68.25,24,1105.2519999999968,0.13653031163933899,Multi_Wave_Oscillating,"[np.float64(27.9), np.float64(-22.1), np.float64(28.5), np.float64(-69.5), np.float64(57.2), np.float64(-38.4)]"
2021-12-23,17059.5508,17117.9492,17016.4004,17051.8008,101.54880000000048,92.90040000000226,16,733.7459999999919,0.13839775617175645,Multi_Wave_Oscillating,"[np.float64(-13.7), np.float64(43.6), np.float64(-23.8), np.float64(55.4), np.float64(-74.6), np.float64(32.7)]"
2021-12-24,17151.4492,17151.4492,16910.1992,16998.0508,241.25,99.64839999999822,34,1496.7540000000045,0.1611821314658249,Multi_Wave_Oscillating,"[np.float64(-41.6), np.float64(59.8), np.float64(-40.7), np.float64(22.7), np.float64(-126.5), np.float64(53.7)]"
2021-12-27,16936.5,17112.0,16833.6992,17101.0,278.3008000000009,-61.55080000000089,29,1325.6055999999917,0.20994238406959254,Multi_Wave_Oscillating,"[np.float64(-19.4), np.float64(24.2), np.float64(-45.8), np.float64(125.8), np.float64(-83.0), np.float64(88.5)]"
2021-12-28,17178.6504,17249.5,17161.1992,17234.3008,88.30080000000089,77.65039999999863,14,668.6524000000063,0.13205785248060137,Multi_Wave_Oscillating,"[np.float64(10.0), np.float64(-21.8), np.float64(30.6), np.float64(-30.1), np.float64(25.2), np.float64(-33.3)]"
2021-12-29,17219.8496,17285.75,17176.9492,17188.1992,108.80080000000089,-14.451199999999517,18,787.3435999999929,0.13818719044646058,Multi_Wave_Oscillating,"[np.float64(-16.5), np.float64(73.2), np.float64(-40.0), np.float64(51.0), np.float64(-20.5), np.float64(40.3)]"
2021-12-30,17192.1504,17264.0,17148.8008,17230.25,115.19919999999911,3.951199999999517,17,661.455199999993,0.17416024547089556,Multi_Wave_Oscillating,"[np.float64(-16.5), np.float64(67.5), np.float64(-30.3), np.float64(36.5), np.float64(-21.5), np.float64(63.0)]"
2021-12-31,17246.4492,17400.5508,17246.4492,17364.1992,154.10160000000178,16.19919999999911,14,550.1992000000027,0.2800832861988913,Multi_Wave_Oscillating,"[np.float64(33.9), np.float64(-21.4), np.float64(64.8), np.float64(-35.7), np.float64(28.9), np.float64(-24.3)]"
2022-01-03,17392.3008,17646.0996,17392.3008,17637.0996,253.79880000000048,28.10160000000178,10,503.8456000000115,0.5037233628714723,Multi_Wave_Oscillating,"[np.float64(49.2), np.float64(-41.8), np.float64(36.8), np.float64(-22.3), np.float64(137.6), np.float64(-20.4)]"
2022-01-04,17671.0996,17827.3008,17594.25,17806.8496,233.0508000000009,34.0,18,1056.408400000004,0.22060672747395801,Multi_Wave_Oscillating,"[np.float64(-19.6), np.float64(58.4), np.float64(-48.2), np.float64(55.1), np.float64(-119.9), np.float64(81.5)]"
2022-01-05,17811.5508,17944.1992,17750.0996,17909.5,194.09959999999774,4.701199999999517,24,1045.5040000000008,0.18565170482369994,Multi_Wave_Oscillating,"[np.float64(-8.2), np.float64(36.8), np.float64(-22.4), np.float64(35.0), np.float64(-22.6), np.float64(24.8)]"
2022-01-06,17768.8496,17795.8008,17655.9004,17748.3496,139.90040000000226,-140.65039999999863,36,1357.7032,0.10304196086449695,Multi_Wave_Oscillating,"[np.float64(1.3), np.float64(-58.3), np.float64(22.6), np.float64(-21.2), np.float64(45.3), np.float64(-112.2)]"
2022-01-07,17792.8496,17904.6504,17705.0508,17820.9492,199.59959999999774,44.5,26,1148.00399999999,0.17386664157964563,Multi_Wave_Oscillating,"[np.float64(10.2), np.float64(-25.6), np.float64(79.9), np.float64(-20.1), np.float64(29.5), np.float64(-57.0)]"
2022-01-08,17812.6992,17812.6992,17812.6992,17812.6992,0.0,-8.25,0,0.0,0.0,Monotonic_Trend,[]
2022-01-10,17916.75,18016.8008,17879.8008,18009.5,137.0,104.05080000000089,22,885.1015999999945,0.15478449027772728,Multi_Wave_Oscillating,"[np.float64(29.8), np.float64(-31.3), np.float64(24.2), np.float64(-44.7), np.float64(31.9), np.float64(-52.5)]"
2022-01-11,18005.0996,18080.9492,17964.9004,18059.1504,116.04880000000048,-4.400399999998626,21,939.2032000000036,0.12356090779929205,Multi_Wave_Oscillating,"[np.float64(14.3), np.float64(-68.3), np.float64(52.8), np.float64(-67.0), np.float64(52.5), np.float64(-40.7)]"
2022-01-12,18159.3008,18227.3496,18129.9492,18194.4492,97.40040000000226,100.15040000000226,19,680.9552000000003,0.14303496030282495,Multi_Wave_Oscillating,"[np.float64(14.6), np.float64(-37.5), np.float64(23.3), np.float64(-37.5), np.float64(45.5), np.float64(-24.3)]"
2022-01-13,18252.8008,18271.5508,18164.1504,18256.5996,107.40040000000226,58.35160000000178,17,778.4552000000149,0.1379660640715101,Multi_Wave_Oscillating,"[np.float64(-12.4), np.float64(44.7), np.float64(-28.4), np.float64(51.9), np.float64(-70.0), np.float64(22.9)]"
2022-01-14,18181.0508,18286.5996,18121.3008,18234.8008,165.29880000000048,-75.54880000000048,14,721.1971999999914,0.22920055707371362,Multi_Wave_Oscillating,"[np.float64(-21.8), np.float64(109.6), np.float64(-46.8), np.float64(33.1), np.float64(-63.5), np.float64(34.7)]"
2022-01-17,18246.6992,18321.0508,18234.0508,18308.8496,87.0,11.898399999998219,27,870.2539999999972,0.09997081311892882,Multi_Wave_Oscillating,"[np.float64(19.4), np.float64(-24.3), np.float64(30.9), np.float64(-58.8), np.float64(23.5), np.float64(-23.8)]"
2022-01-18,18339.6504,18350.5996,18087.4492,18114.5996,263.15040000000226,30.800799999997253,26,1199.439199999997,0.2193945303771987,Multi_Wave_Oscillating,"[np.float64(-15.1), np.float64(27.6), np.float64(-103.6), np.float64(41.9), np.float64(-83.1), np.float64(42.4)]"
2022-01-19,18121.0996,18121.0996,17885.3008,17943.0996,235.79880000000048,6.5,35,1595.7767999999778,0.1477642738006993,Multi_Wave_Oscillating,"[np.float64(-27.3), np.float64(55.5), np.float64(-44.8), np.float64(67.9), np.float64(-153.2), np.float64(104.2)]"
2022-01-20,17934.3008,17934.3008,17648.8496,17777.8496,285.4511999999995,-8.798800000000483,29,1362.4084000000075,0.20951955375495185,Multi_Wave_Oscillating,"[np.float64(-14.1), np.float64(36.9), np.float64(-30.9), np.float64(24.2), np.float64(-58.2), np.float64(63.5)]"
2022-01-21,17618.5996,17707.25,17487.1992,17647.25,220.0508000000009,-159.25,43,2091.644399999983,0.10520468966904828,Multi_Wave_Oscillating,"[np.float64(-31.6), np.float64(37.6), np.float64(-57.6), np.float64(24.1), np.float64(-48.4), np.float64(97.5)]"
2022-01-22,17617.1504,17617.1504,17617.1504,17617.1504,0.0,-30.099600000001374,0,0.0,0.0,Monotonic_Trend,[]
2022-01-24,17560.0,17598.3496,16998.4492,17113.5508,599.9004000000023,-57.150399999998626,74,3660.4960000000247,0.16388500356235827,Multi_Wave_Oscillating,"[np.float64(-12.2), np.float64(75.2), np.float64(-71.5), np.float64(31.6), np.float64(-31.3), np.float64(32.4)]"
2022-01-25,17002.3008,17308.9004,16837.8496,17267.4004,471.05079999999725,-111.25,70,3360.148399999998,0.14018749886165668,Multi_Wave_Oscillating,"[np.float64(-74.5), np.float64(130.1), np.float64(-20.0), np.float64(58.7), np.float64(-51.2), np.float64(52.2)]"
2022-01-27,17066.25,17182.0996,16867.0508,17152.6504,315.0488000000005,-201.15039999999863,45,2487.1604000000007,0.12667007724954144,Multi_Wave_Oscillating,"[np.float64(-32.8), np.float64(74.4), np.float64(-69.4), np.float64(88.2), np.float64(-65.8), np.float64(34.7)]"
2022-01-28,17226.6992,17373.0,17077.75,17104.6504,295.25,74.04880000000048,56,2609.353600000013,0.11315062856946582,Multi_Wave_Oscillating,"[np.float64(3.1), np.float64(-24.6), np.float64(45.2), np.float64(-87.1), np.float64(108.3), np.float64(-35.7)]"
2022-01-31,17302.5996,17409.9004,17264.3496,17339.0,145.55079999999725,197.94920000000275,47,1910.302799999983,0.07619252822117967,Multi_Wave_Oscillating,"[np.float64(-18.2), np.float64(44.5), np.float64(-39.3), np.float64(36.2), np.float64(-23.4), np.float64(25.0)]"
2022-02-01,17532.3008,17622.0,17245.4492,17604.0996,376.5508000000009,193.3008000000009,71,3618.1523999999918,0.1040726753245667,Multi_Wave_Oscillating,"[np.float64(-20.8), np.float64(71.9), np.float64(-28.3), np.float64(83.3), np.float64(-34.0), np.float64(27.1)]"
2022-02-02,17697.25,17793.75,17675.6992,17791.8496,118.05080000000089,93.15039999999863,26,969.2459999999883,0.12179653049896756,Multi_Wave_Oscillating,"[np.float64(12.7), np.float64(-46.7), np.float64(55.8), np.float64(-37.7), np.float64(54.4), np.float64(-33.1)]"
2022-02-03,17772.0508,17774.4004,17512.9492,17520.25,261.4511999999995,-19.798800000000483,26,1143.9571999999898,0.22854980938098196,Multi_Wave_Oscillating,"[np.float64(-7.0), np.float64(20.1), np.float64(-54.6), np.float64(41.8), np.float64(-59.1), np.float64(26.6)]"
2022-02-04,17580.0996,17617.3008,17463.9004,17501.25,153.40040000000226,59.849600000001374,34,1671.8496000000268,0.09175490426890062,Multi_Wave_Oscillating,"[np.float64(-78.7), np.float64(114.3), np.float64(-50.6), np.float64(41.7), np.float64(-22.0), np.float64(53.0)]"
2022-02-05,17547.25,17805.8008,16463.4004,17332.3008,1342.4004000000023,46.0,20,6847.898400000002,0.19603100419831024,Multi_Wave_Oscillating,"[np.float64(218.8), np.float64(-369.7), np.float64(182.4), np.float64(-339.0), np.float64(215.9), np.float64(-222.4)]"
2022-02-07,17463.6504,17535.9492,17120.3496,17213.9492,415.59959999999774,131.34959999999774,48,2100.7480000000214,0.19783410480457128,Multi_Wave_Oscillating,"[np.float64(48.9), np.float64(-117.2), np.float64(54.0), np.float64(-20.3), np.float64(32.8), np.float64(-56.8)]"
2022-02-08,17275.0508,17304.6504,17043.6504,17239.1992,261.0,61.10160000000178,65,2942.847600000012,0.088689607983777,Multi_Wave_Oscillating,"[np.float64(16.0), np.float64(-40.0), np.float64(23.4), np.float64(-26.8), np.float64(28.1), np.float64(-112.8)]"
2022-02-09,17360.4492,17476.4004,17342.3008,17473.25,134.09959999999774,121.25,29,1064.443199999998,0.1259809823577228,Multi_Wave_Oscillating,"[np.float64(-18.1), np.float64(79.1), np.float64(-33.3), np.float64(50.3), np.float64(-53.2), np.float64(41.0)]"
2022-02-10,17538.0996,17639.25,17427.1992,17587.4492,212.0508000000009,64.84960000000137,28,1224.9552000000149,0.17310902472188233,Multi_Wave_Oscillating,"[np.float64(-6.7), np.float64(23.9), np.float64(-62.4), np.float64(34.2), np.float64(-40.2), np.float64(27.8)]"
2022-02-11,17444.4492,17447.3008,17303.1992,17345.5508,144.10160000000178,-143.0,32,1512.6543999999958,0.09526406031675323,Multi_Wave_Oscillating,"[np.float64(-23.3), np.float64(46.8), np.float64(-67.5), np.float64(51.9), np.float64(-50.2), np.float64(53.7)]"
2022-02-14,17077.1504,17082.75,16810.0,16814.0,272.75,-268.40040000000226,46,2191.851599999998,0.12443816908042507,Multi_Wave_Oscillating,"[np.float64(-104.2), np.float64(103.8), np.float64(-32.7), np.float64(30.1), np.float64(-69.5), np.float64(25.1)]"
2022-02-15,16933.0508,17374.5,16840.4004,17355.0,534.0996000000014,119.05080000000089,54,2448.500000000011,0.2181333877884415,Multi_Wave_Oscillating,"[np.float64(-27.8), np.float64(85.4), np.float64(-22.2), np.float64(32.4), np.float64(-93.5), np.float64(54.2)]"
2022-02-16,17414.5,17489.9004,17258.5996,17293.6992,231.30079999999725,59.5,55,2638.9531999999635,0.08764869342889463,Multi_Wave_Oscillating,"[np.float64(12.2), np.float64(-79.8), np.float64(24.7), np.float64(-72.1), np.float64(109.2), np.float64(-77.6)]"
2022-02-17,17387.25,17442.5508,17236.3008,17276.4004,206.25,93.55080000000089,49,2199.3944000000083,0.09377581392405074,Multi_Wave_Oscillating,"[np.float64(1.1), np.float64(-23.3), np.float64(51.1), np.float64(-108.4), np.float64(41.1), np.float64(-75.8)]"
2022-02-18,17230.1504,17379.9492,17220.1992,17270.6992,159.75,-46.25,35,1437.2500000000073,0.11114976517655188,Multi_Wave_Oscillating,"[np.float64(21.4), np.float64(-32.2), np.float64(37.6), np.float64(-29.8), np.float64(60.0), np.float64(-83.0)]"
2022-02-21,17202.5,17350.8008,17071.0,17204.3008,279.8008000000009,-68.19919999999911,40,1898.0508000000154,0.14741481102613196,Multi_Wave_Oscillating,"[np.float64(18.8), np.float64(-37.0), np.float64(21.9), np.float64(-119.6), np.float64(33.8), np.float64(-47.1)]"
2022-02-22,16864.3008,17148.5,16860.8496,17078.4492,287.6503999999986,-340.0,49,2308.4023999999736,0.12461016328868915,Multi_Wave_Oscillating,"[np.float64(51.8), np.float64(-73.6), np.float64(48.7), np.float64(-39.6), np.float64(48.2), np.float64(-95.9)]"
2022-02-23,17194.25,17220.6504,17027.9004,17054.1504,192.75,115.80080000000089,27,1177.9043999999958,0.16363806774132153,Multi_Wave_Oscillating,"[np.float64(-24.1), np.float64(60.1), np.float64(-40.6), np.float64(23.2), np.float64(-53.3), np.float64(42.5)]"
2022-02-24,16574.1504,16702.5996,16204.4004,16216.0,498.1992000000009,-480.0,63,3278.406399999998,0.15196383218383214,Multi_Wave_Oscillating,"[np.float64(21.0), np.float64(-35.2), np.float64(60.5), np.float64(-44.8), np.float64(43.2), np.float64(-69.9)]"
2022-02-25,16513.1992,16748.1992,16488.9492,16669.6504,259.25,297.1991999999991,58,2648.652399999977,0.09787996341082818,Multi_Wave_Oscillating,"[np.float64(28.3), np.float64(-50.7), np.float64(78.9), np.float64(-31.6), np.float64(50.6), np.float64(-33.7)]"
2022-02-28,16498.0508,16814.9004,16356.5498,16787.6504,458.35059999999794,-171.59959999999774,74,2965.8168000000223,0.15454447489811052,Multi_Wave_Oscillating,"[np.float64(-17.0), np.float64(53.0), np.float64(-43.8), np.float64(20.8), np.float64(-89.9), np.float64(39.6)]"
2022-03-02,16588.9004,16677.75,16479.1504,16628.75,198.59960000000137,-198.75,52,2159.6972000000096,0.0919571502894019,Multi_Wave_Oscillating,"[np.float64(20.4), np.float64(-31.8), np.float64(45.2), np.float64(-38.4), np.float64(76.1), np.float64(-46.7)]"
2022-03-03,16727.0,16767.9492,16443.5996,16509.1992,324.34959999999774,98.25,47,1975.7907999999843,0.16416191430793195,Multi_Wave_Oscillating,"[np.float64(0.0), np.float64(-93.3), np.float64(26.2), np.float64(-48.7), np.float64(27.9), np.float64(-34.9)]"
2022-03-04,16336.5,16455.5508,16134.0996,16242.9502,321.45120000000134,-172.6991999999991,64,3064.401399999997,0.10489852928536113,Multi_Wave_Oscillating,"[np.float64(-36.5), np.float64(44.0), np.float64(-40.9), np.float64(59.5), np.float64(-81.3), np.float64(55.5)]"
2022-03-07,15863.5,16174.4502,15713.7002,15879.2998,460.75,-379.4501999999993,51,3068.8078000000005,0.15013973830488828,Multi_Wave_Oscillating,"[np.float64(12.4), np.float64(-61.5), np.float64(32.0), np.float64(-52.8), np.float64(27.2), np.float64(-35.3)]"
2022-03-08,15752.7998,16027.9004,15671.6504,16016.7002,356.25,-126.5,65,3074.7570000000014,0.11586281452485508,Multi_Wave_Oscillating,"[np.float64(15.2), np.float64(-53.2), np.float64(22.5), np.float64(-20.4), np.float64(68.6), np.float64(-70.8)]"
2022-03-09,16080.75,16417.4492,15992.75,16370.0498,424.6991999999991,64.04980000000069,43,2050.990999999998,0.20707024067877405,Multi_Wave_Oscillating,"[np.float64(-34.5), np.float64(101.0), np.float64(-56.2), np.float64(66.5), np.float64(-21.7), np.float64(56.8)]"
2022-03-10,16709.4492,16754.25,16448.0996,16563.5996,306.1503999999986,339.3993999999984,63,2807.2132000000092,0.10905847835141186,Multi_Wave_Oscillating,"[np.float64(-56.9), np.float64(67.6), np.float64(-33.6), np.float64(52.0), np.float64(-45.4), np.float64(24.8)]"
2022-03-11,16532.6992,16694.0,16472.5508,16621.8496,221.4491999999991,-30.900400000002264,54,2295.396399999994,0.0964753625996798,Multi_Wave_Oscillating,"[np.float64(-5.6), np.float64(95.6), np.float64(-26.1), np.float64(54.8), np.float64(-22.2), np.float64(98.1)]"
2022-03-14,16646.8496,16887.9004,16607.9492,16884.5996,279.9511999999995,25.0,40,1552.0975999999864,0.1803695850054803,Multi_Wave_Oscillating,"[np.float64(11.5), np.float64(-47.5), np.float64(33.3), np.float64(-44.4), np.float64(41.9), np.float64(-39.0)]"
2022-03-15,16893.0508,16926.8496,16555.6992,16646.1992,371.15040000000226,8.451199999999517,51,2370.603599999962,0.15656367011338723,Multi_Wave_Oscillating,"[np.float64(8.5), np.float64(-71.8), np.float64(21.8), np.float64(-24.1), np.float64(64.3), np.float64(-63.0)]"
2022-03-16,16863.75,16987.8008,16840.5508,16965.6992,147.25,217.5508000000009,31,1272.7540000000226,0.11569399899744756,Multi_Wave_Oscillating,"[np.float64(24.6), np.float64(-29.6), np.float64(57.3), np.float64(-43.2), np.float64(26.6), np.float64(-22.7)]"
2022-03-17,17201.3496,17344.5996,17176.0508,17297.5996,168.54880000000048,235.65040000000226,22,923.8496000000086,0.18244181736940612,Multi_Wave_Oscillating,"[np.float64(14.7), np.float64(-22.1), np.float64(30.2), np.float64(-51.8), np.float64(102.5), np.float64(-31.6)]"
2022-03-21,17327.9004,17352.0996,17097.3496,17112.8496,254.75,30.300799999997253,41,1686.6504000000205,0.1510390060678828,Multi_Wave_Oscillating,"[np.float64(16.8), np.float64(-94.8), np.float64(80.6), np.float64(-68.3), np.float64(35.4), np.float64(-39.0)]"
2022-03-22,17120.5508,17332.1992,17006.4004,17328.75,325.7988000000005,7.701199999999517,43,1929.806800000002,0.16882456834539092,Multi_Wave_Oscillating,"[np.float64(-26.5), np.float64(51.0), np.float64(-20.8), np.float64(46.8), np.float64(-86.1), np.float64(21.0)]"
2022-03-23,17410.5996,17441.6992,17200.8008,17223.5996,240.89839999999822,81.84960000000137,40,1831.7499999999927,0.13151270642827853,Multi_Wave_Oscillating,"[np.float64(6.7), np.float64(-42.8), np.float64(32.8), np.float64(-63.2), np.float64(29.2), np.float64(-37.8)]"
2022-03-24,17094.8008,17291.4492,17094.8008,17197.9492,196.64839999999822,-128.79880000000048,37,1513.2987999999823,0.1299468419587728,Multi_Wave_Oscillating,"[np.float64(71.1), np.float64(-37.4), np.float64(49.8), np.float64(-24.7), np.float64(55.0), np.float64(-22.1)]"
2022-03-25,17289.0,17287.0996,17077.0508,17179.4492,210.04880000000048,91.05080000000089,36,1521.8636000000079,0.13802077926037484,Multi_Wave_Oscillating,"[np.float64(-52.7), np.float64(25.0), np.float64(-28.9), np.float64(30.7), np.float64(-67.3), np.float64(39.4)]"
2022-03-28,17181.85,17234.4004,17004.0996,17215.1504,230.30079999999725,2.4007999999994354,34,1657.402399999999,0.13895285779723585,Multi_Wave_Oscillating,"[np.float64(-31.2), np.float64(44.0), np.float64(-104.8), np.float64(35.8), np.float64(-41.5), np.float64(32.2)]"
2022-03-29,17297.2,17342.1504,17236.3008,17335.1504,105.84959999999774,82.0496000000021,27,1089.4003999999914,0.09716317343008005,Multi_Wave_Oscillating,"[np.float64(-25.2), np.float64(50.8), np.float64(-53.8), np.float64(41.5), np.float64(-34.4), np.float64(53.5)]"
2022-03-30,17468.15,17522.1504,17387.9492,17472.25,134.20119999999952,132.99960000000283,20,829.6095999999961,0.16176428045191393,Multi_Wave_Oscillating,"[np.float64(-14.1), np.float64(21.1), np.float64(-34.4), np.float64(105.6), np.float64(-21.1), np.float64(38.4)]"
2022-03-31,17519.2,17558.9004,17435.5996,17468.1504,123.30079999999725,46.95000000000073,15,694.9063999999889,0.17743511931966552,Multi_Wave_Oscillating,"[np.float64(4.8), np.float64(-57.6), np.float64(72.2), np.float64(-33.2), np.float64(21.1), np.float64(-43.7)]"
2022-04-01,17436.9,17702.5,17431.6992,17688.0,270.8008000000009,-31.25039999999717,14,671.9491999999991,0.4030078464264877,Multi_Wave_Oscillating,"[np.float64(16.0), np.float64(-29.6), np.float64(59.5), np.float64(-39.5), np.float64(86.8), np.float64(-21.9)]"
2022-04-04,17809.1,18087.25,17796.25,18036.9004,291.0,121.09999999999854,41,1897.0060000000012,0.15339962024368917,Multi_Wave_Oscillating,"[np.float64(29.4), np.float64(-112.4), np.float64(63.5), np.float64(-26.1), np.float64(93.1), np.float64(-26.6)]"
2022-04-05,18080.6,18095.1504,17922.5996,17931.0508,172.55079999999725,43.69959999999992,36,1468.603599999984,0.11749310705761523,Multi_Wave_Oscillating,"[np.float64(-34.7), np.float64(23.6), np.float64(-23.3), np.float64(55.7), np.float64(-86.9), np.float64(27.9)]"
2022-04-06,17842.75,17900.3008,17780.1992,17798.0,120.10160000000178,-88.30080000000089,29,1229.9979999999887,0.09764373600607715,Multi_Wave_Oscillating,"[np.float64(46.9), np.float64(-55.5), np.float64(37.5), np.float64(-76.3), np.float64(27.6), np.float64(-21.0)]"
2022-04-07,17723.3,17786.9492,17624.0996,17656.4492,162.84959999999774,-74.70000000000073,32,1205.8436000000038,0.13505034981319072,Multi_Wave_Oscillating,"[np.float64(6.8), np.float64(-28.8), np.float64(24.7), np.float64(-39.5), np.float64(31.1), np.float64(-31.1)]"
2022-04-08,17698.15,17842.4004,17602.1992,17800.6504,240.20119999999952,41.700800000002346,30,1424.453199999989,0.16862695102935032,Multi_Wave_Oscillating,"[np.float64(1.8), np.float64(-82.7), np.float64(26.2), np.float64(-32.4), np.float64(31.5), np.float64(-48.3)]"
2022-04-09,18479.0996,18969.0,15984.3496,18651.75,2984.6504000000004,678.4492000000027,114,44923.560799999985,0.06643841999274469,Multi_Wave_Oscillating,"[np.float64(23.4), np.float64(-236.9), np.float64(229.9), np.float64(-214.3), np.float64(229.2), np.float64(-195.7)]"
2022-04-11,17740.9004,17778.9492,17651.1504,17681.1504,127.79880000000048,-910.8496000000014,32,1316.7579999999907,0.09705564727915181,Multi_Wave_Oscillating,"[np.float64(-8.9), np.float64(24.9), np.float64(-79.0), np.float64(32.1), np.float64(-48.3), np.float64(45.5)]"
2022-04-12,17584.8496,17595.1504,17443.0996,17523.25,152.05079999999725,-96.30079999999725,30,1285.3007999999973,0.11829977854211059,Multi_Wave_Oscillating,"[np.float64(-32.0), np.float64(34.0), np.float64(-22.0), np.float64(41.3), np.float64(-27.3), np.float64(22.5)]"
2022-04-13,17599.9004,17662.9492,17457.4492,17465.8008,205.5,76.65039999999863,19,935.5995999999977,0.21964524140455008,Multi_Wave_Oscillating,"[np.float64(40.1), np.float64(-115.2), np.float64(24.6), np.float64(-48.2), np.float64(39.6), np.float64(-31.1)]"
2022-04-18,17183.4492,17237.25,17068.5,17183.8008,168.75,-282.3516000000018,32,1317.595599999986,0.1280741981834197,Multi_Wave_Oscillating,"[np.float64(9.9), np.float64(-51.5), np.float64(44.5), np.float64(-28.2), np.float64(49.4), np.float64(-46.0)]"
2022-04-19,17258.9492,17273.1504,16826.0508,16868.9004,447.09959999999774,75.14839999999822,28,1702.5955999999787,0.2625988226446746,Multi_Wave_Oscillating,"[np.float64(3.9), np.float64(-95.7), np.float64(37.2), np.float64(-61.6), np.float64(53.9), np.float64(-40.2)]"
2022-04-20,17045.25,17186.5,16979.0996,17149.3008,207.40039999999863,176.34960000000137,55,2375.4472000000205,0.0873100441887308,Multi_Wave_Oscillating,"[np.float64(-41.5), np.float64(115.6), np.float64(-27.8), np.float64(23.3), np.float64(-30.4), np.float64(40.0)]"
2022-04-21,17234.5996,17414.3496,17216.1992,17400.8496,198.15040000000226,85.29880000000048,20,769.048800000015,0.2576564712148285,Multi_Wave_Oscillating,"[np.float64(16.8), np.float64(-36.9), np.float64(53.4), np.float64(-26.4), np.float64(32.9), np.float64(-35.0)]"
2022-04-22,17242.75,17315.0996,17149.75,17169.5,165.34960000000137,-158.09960000000137,27,1162.4511999999995,0.14224218616661194,Multi_Wave_Oscillating,"[np.float64(-28.5), np.float64(50.7), np.float64(-31.6), np.float64(42.3), np.float64(-46.8), np.float64(101.4)]"
2022-04-25,17009.0508,17053.9492,16888.8496,16985.25,165.09959999999774,-160.4491999999991,45,1899.6992000000173,0.08690828526958175,Multi_Wave_Oscillating,"[np.float64(-23.2), np.float64(38.4), np.float64(-25.0), np.float64(38.7), np.float64(-22.9), np.float64(42.1)]"
2022-04-26,17121.3008,17223.4004,17065.3008,17200.0508,158.09959999999774,136.0508000000009,21,949.3047999999872,0.16654250563148937,Multi_Wave_Oscillating,"[np.float64(19.5), np.float64(-32.8), np.float64(56.6), np.float64(-23.7), np.float64(34.3), np.float64(-23.9)]"
2022-04-27,17073.3496,17109.5,16958.6504,17038.1992,150.84960000000137,-126.70119999999952,29,1202.3028000000086,0.1254672283887223,Multi_Wave_Oscillating,"[np.float64(0.0), np.float64(-26.8), np.float64(33.8), np.float64(-27.7), np.float64(39.4), np.float64(-22.3)]"
2022-04-28,17189.5,17322.5,17071.1992,17229.5,251.3008000000009,151.3008000000009,16,782.105599999999,0.3213131321397024,Multi_Wave_Oscillating,"[np.float64(-24.6), np.float64(24.6), np.float64(-37.3), np.float64(31.2), np.float64(-40.6), np.float64(29.3)]"
2022-04-29,17329.25,17377.3008,17054.0,17110.75,323.3008000000009,99.75,37,1713.0448000000288,0.18872874778289248,Multi_Wave_Oscillating,"[np.float64(-18.2), np.float64(45.2), np.float64(-31.4), np.float64(22.0), np.float64(-35.0), np.float64(20.3)]"
2022-04-30,17102.5508,17968.1504,16179.0498,17667.9004,1789.100599999998,-8.19919999999911,79,20912.748000000003,0.08555071767708375,Multi_Wave_Oscillating,"[np.float64(0.0), np.float64(706.0), np.float64(-206.9), np.float64(366.5), np.float64(-1387.2), np.float64(827.7)]"
2022-05-02,16924.4492,17091.8496,16919.4004,17066.0508,172.44920000000275,-743.4511999999995,37,1645.9023999999881,0.10477486392875057,Multi_Wave_Oscillating,"[np.float64(55.2), np.float64(-64.2), np.float64(38.9), np.float64(-66.0), np.float64(29.8), np.float64(-25.8)]"
2022-05-04,17096.5996,17129.25,16624.6992,16692.75,504.5508000000009,30.548800000000483,53,2635.2132000000092,0.1914648879263352,Multi_Wave_Oscillating,"[np.float64(-31.2), np.float64(20.6), np.float64(-32.4), np.float64(30.2), np.float64(-41.3), np.float64(25.2)]"
2022-05-05,16854.75,16944.4004,16652.8008,16671.5996,291.59959999999774,162.0,46,2074.2379999999976,0.14058155332223113,Multi_Wave_Oscillating,"[np.float64(-6.8), np.float64(22.8), np.float64(-58.5), np.float64(75.1), np.float64(-27.3), np.float64(117.5)]"
2022-05-06,16415.5508,16483.9492,16342.4502,16440.25,141.4989999999998,-256.0488000000005,66,2808.953199999978,0.050374281778707064,Multi_Wave_Oscillating,"[np.float64(8.6), np.float64(-70.8), np.float64(41.3), np.float64(-33.2), np.float64(25.7), np.float64(-31.9)]"
2022-05-09,16227.7002,16403.1504,16142.6504,16310.0498,260.4999999999982,-212.5498000000007,63,2646.6533999999992,0.09842618606576828,Multi_Wave_Oscillating,"[np.float64(22.5), np.float64(-106.7), np.float64(43.5), np.float64(-50.0), np.float64(24.1), np.float64(-38.5)]"
2022-05-10,16248.9004,16404.4492,16198.5498,16209.2002,205.89939999999842,-61.14940000000024,51,2069.8535999999913,0.09947534453644416,Multi_Wave_Oscillating,"[np.float64(18.3), np.float64(-21.5), np.float64(28.9), np.float64(-34.4), np.float64(27.2), np.float64(-59.2)]"
2022-05-11,16270.0498,16316.7002,15993.0,16202.7002,323.7001999999993,60.849600000001374,64,2882.5477999999966,0.11229655931464508,Multi_Wave_Oscillating,"[np.float64(17.4), np.float64(-42.8), np.float64(54.1), np.float64(-128.2), np.float64(44.8), np.float64(-75.2)]"
2022-05-12,16021.0996,16037.6504,15737.3496,15821.75,300.3008000000009,-181.60059999999976,59,2385.4950000000044,0.1258861577995344,Multi_Wave_Oscillating,"[np.float64(-9.1), np.float64(21.4), np.float64(-65.4), np.float64(28.0), np.float64(-39.9), np.float64(25.0)]"
2022-05-13,15977.0,16083.2002,15741.0498,15770.5,342.1503999999986,155.25,63,2871.0528000000104,0.11917245130427326,Multi_Wave_Oscillating,"[np.float64(12.1), np.float64(-70.2), np.float64(86.4), np.float64(-20.2), np.float64(40.8), np.float64(-101.5)]"
2022-05-16,15845.0996,15977.25,15741.3496,15863.4004,235.90040000000045,74.59959999999955,49,2356.749000000007,0.10009568265436826,Multi_Wave_Oscillating,"[np.float64(-81.2), np.float64(161.8), np.float64(-22.5), np.float64(31.9), np.float64(-21.6), np.float64(56.2)]"
2022-05-17,15912.5996,16282.5996,15907.5498,16280.4502,375.04979999999887,49.19919999999911,24,1227.09759999999,0.30563974699323176,Multi_Wave_Oscillating,"[np.float64(42.4), np.float64(-21.5), np.float64(25.7), np.float64(-37.0), np.float64(24.6), np.float64(-42.2)]"
2022-05-18,16318.1504,16399.5508,16211.7998,16256.4502,187.7510000000002,37.70020000000113,48,2119.9522000000034,0.08856378931562697,Multi_Wave_Oscillating,"[np.float64(36.7), np.float64(-24.8), np.float64(40.2), np.float64(-49.3), np.float64(73.4), np.float64(-92.0)]"
2022-05-19,15917.4004,15983.4502,15776.0,15829.0498,207.4501999999993,-339.04979999999887,32,1290.748999999998,0.16072079079666118,Multi_Wave_Oscillating,"[np.float64(4.0), np.float64(-28.0), np.float64(20.3), np.float64(-69.8), np.float64(54.9), np.float64(-34.8)]"
2022-05-20,16043.7998,16282.4004,16004.8496,16280.9004,277.5508000000009,214.75,39,1527.6503999999986,0.18168476242993892,Multi_Wave_Oscillating,"[np.float64(-35.3), np.float64(130.5), np.float64(-34.1), np.float64(38.3), np.float64(-26.0), np.float64(64.5)]"
2022-05-23,16290.9502,16414.3496,16187.4502,16191.6504,226.89940000000206,10.049799999998868,41,1907.0468000000037,0.11897946080819916,Multi_Wave_Oscillating,"[np.float64(22.8), np.float64(-115.8), np.float64(75.0), np.float64(-70.7), np.float64(47.9), np.float64(-76.3)]"
2022-05-24,16225.5498,16261.7002,16079.0996,16138.0,182.60059999999976,33.89940000000024,47,1971.2062000000114,0.09263394159373012,Multi_Wave_Oscillating,"[np.float64(-24.8), np.float64(56.4), np.float64(-33.0), np.float64(42.9), np.float64(-106.1), np.float64(55.2)]"
2022-05-25,16196.3496,16222.9502,16007.25,16033.9004,215.7001999999993,58.349599999999555,34,1365.4990000000016,0.1579643778574712,Multi_Wave_Oscillating,"[np.float64(23.2), np.float64(-39.0), np.float64(32.0), np.float64(-29.5), np.float64(21.2), np.float64(-59.8)]"
2022-05-26,16105.0,16203.4004,15904.1504,16201.9004,299.25,71.09959999999955,38,1838.248999999998,0.16279078623189802,Multi_Wave_Oscillating,"[np.float64(16.0), np.float64(-70.0), np.float64(37.6), np.float64(-70.4), np.float64(37.3), np.float64(-50.5)]"
2022-05-27,16296.5996,16370.4502,16223.7002,16359.3496,146.75,94.69919999999911,42,1682.048799999975,0.08724479337341591,Multi_Wave_Oscillating,"[np.float64(13.8), np.float64(-52.9), np.float64(52.5), np.float64(-28.9), np.float64(27.2), np.float64(-40.5)]"
2022-05-30,16527.9004,16695.1992,16506.1504,16668.1992,189.04880000000048,168.55079999999907,22,867.8456000000042,0.21783690555094082,Multi_Wave_Oscillating,"[np.float64(81.0), np.float64(-23.6), np.float64(37.0), np.float64(-29.8), np.float64(38.0), np.float64(-23.3)]"
2022-05-31,16578.4492,16690.6504,16522.1992,16578.25,168.45119999999952,-89.75,29,1185.0,0.14215291139240466,Multi_Wave_Oscillating,"[np.float64(-13.8), np.float64(24.6), np.float64(-21.3), np.float64(23.3), np.float64(-49.2), np.float64(23.4)]"
2022-06-01,16594.4004,16648.5,16439.0508,16540.8008,209.4491999999991,16.150399999998626,28,1256.0956000000115,0.16674622536692046,Multi_Wave_Oscillating,"[np.float64(34.6), np.float64(-37.9), np.float64(25.5), np.float64(-73.9), np.float64(40.4), np.float64(-64.4)]"
2022-06-02,16481.6504,16645.75,16445.1992,16637.4004,200.5508000000009,-59.150400000002264,33,1324.7031999999963,0.1513930063730513,Multi_Wave_Oscillating,"[np.float64(-15.1), np.float64(48.3), np.float64(-20.3), np.float64(55.0), np.float64(-44.8), np.float64(51.2)]"
2022-06-03,16761.6504,16793.25,16568.5,16583.5996,224.75,124.25,31,1209.4472000000023,0.1858286992602898,Multi_Wave_Oscillating,"[np.float64(6.1), np.float64(-25.1), np.float64(32.3), np.float64(-41.9), np.float64(32.3), np.float64(-46.8)]"
2022-06-06,16530.6992,16610.8496,16445.6504,16563.6504,165.19920000000275,-52.900400000002264,31,1307.8555999999917,0.12631302721799242,Multi_Wave_Oscillating,"[np.float64(16.0), np.float64(-27.8), np.float64(30.8), np.float64(-131.8), np.float64(37.6), np.float64(-26.4)]"
2022-06-07,16469.5996,16487.25,16347.7998,16404.4492,139.4501999999993,-94.05079999999725,24,906.5508000000154,0.15382502558047154,Multi_Wave_Oscillating,"[np.float64(-4.1), np.float64(39.4), np.float64(-23.7), np.float64(29.4), np.float64(-34.0), np.float64(22.2)]"
2022-06-08,16474.9492,16513.4492,16294.25,16335.4004,219.1991999999991,70.5,26,1408.8455999999878,0.15558780891248905,Multi_Wave_Oscillating,"[np.float64(-94.9), np.float64(30.0), np.float64(-85.8), np.float64(72.5), np.float64(-25.1), np.float64(54.5)]"
2022-06-09,16263.8496,16492.5,16246.0996,16481.8008,246.40040000000045,-71.55080000000089,24,1066.656400000009,0.23100259840000809,Multi_Wave_Oscillating,"[np.float64(15.2), np.float64(-33.3), np.float64(50.8), np.float64(-25.6), np.float64(52.5), np.float64(-31.5)]"
2022-06-10,16283.9502,16324.4004,16173.25,16191.4502,151.15040000000045,-197.85060000000158,23,884.7490000000034,0.170839865317734,Multi_Wave_Oscillating,"[np.float64(2.9), np.float64(-30.8), np.float64(40.0), np.float64(-65.8), np.float64(35.7), np.float64(-41.8)]"
2022-06-13,15877.5498,15882.5,15684.4004,15800.9502,198.09959999999955,-313.9003999999986,31,1190.6971999999969,0.1663727772266535,Multi_Wave_Oscillating,"[np.float64(-17.4), np.float64(22.4), np.float64(-31.9), np.float64(35.9), np.float64(-65.2), np.float64(20.7)]"
2022-06-14,15674.25,15857.8496,15660.9502,15741.9502,196.89940000000024,-126.70019999999931,29,1340.301800000003,0.1469067638348317,Multi_Wave_Oscillating,"[np.float64(27.1), np.float64(-104.5), np.float64(122.5), np.float64(-41.9), np.float64(26.5), np.float64(-20.2)]"
2022-06-15,15729.25,15783.4502,15679.7002,15682.9004,103.75,-12.700199999999313,23,1040.4541999999947,0.09971606631027155,Multi_Wave_Oscillating,"[np.float64(21.9), np.float64(-82.2), np.float64(38.7), np.float64(-43.8), np.float64(46.2), np.float64(-50.9)]"
2022-06-16,15832.25,15862.25,15335.7998,15348.2002,526.4501999999993,149.34959999999955,43,2197.8566000000064,0.23952891194084172,Multi_Wave_Oscillating,"[np.float64(29.0), np.float64(-59.8), np.float64(46.7), np.float64(-63.0), np.float64(22.7), np.float64(-48.5)]"
2022-06-17,15272.6504,15399.0498,15185.5498,15335.5996,213.5,-75.54979999999887,67,3128.7888000000094,0.06823726804442644,Multi_Wave_Oscillating,"[np.float64(-6.7), np.float64(73.5), np.float64(-124.9), np.float64(198.2), np.float64(-49.7), np.float64(65.0)]"
2022-06-20,15334.5,15382.0498,15192.5,15368.9004,189.5498000000007,-1.0995999999995547,54,2347.006000000012,0.08076238407571165,Multi_Wave_Oscillating,"[np.float64(-24.3), np.float64(49.6), np.float64(-43.1), np.float64(37.9), np.float64(-67.1), np.float64(32.4)]"
2022-06-21,15455.9502,15707.25,15420.4004,15634.1504,286.84959999999955,87.04979999999887,35,1373.445200000002,0.20885405548033453,Multi_Wave_Oscillating,"[np.float64(11.6), np.float64(-29.6), np.float64(31.2), np.float64(-22.6), np.float64(30.7), np.float64(-68.4)]"
2022-06-22,15545.6504,15563.2998,15386.4004,15401.0996,176.89940000000024,-88.5,32,1378.2927999999938,0.1283467489636462,Multi_Wave_Oscillating,"[np.float64(-15.5), np.float64(33.8), np.float64(-81.6), np.float64(28.7), np.float64(-35.8), np.float64(24.8)]"
2022-06-23,15451.5498,15628.25,15368.4502,15577.5498,259.7998000000007,50.45020000000113,35,1848.7012000000032,0.14053098467183353,Multi_Wave_Oscillating,"[np.float64(-15.7), np.float64(104.2), np.float64(-25.3), np.float64(86.1), np.float64(-28.2), np.float64(53.2)]"
2022-06-24,15657.4004,15747.4004,15619.7998,15698.9502,127.60059999999976,79.85059999999976,40,1459.3515999999963,0.08743650262212346,Multi_Wave_Oscillating,"[np.float64(20.1), np.float64(-25.0), np.float64(47.5), np.float64(-52.8), np.float64(36.0), np.float64(-44.2)]"
2022-06-27,15926.2002,15926.5,15816.25,15836.0996,110.25,227.25,31,1061.6523999999918,0.10384754934854465,Multi_Wave_Oscillating,"[np.float64(-11.3), np.float64(63.0), np.float64(-34.4), np.float64(31.8), np.float64(-33.9), np.float64(27.0)]"
2022-06-28,15757.4502,15887.75,15710.3496,15874.75,177.40040000000045,-78.64940000000024,26,1024.7499999999945,0.17311578433764468,Multi_Wave_Oscillating,"[np.float64(22.6), np.float64(-23.8), np.float64(28.3), np.float64(-71.5), np.float64(40.8), np.float64(-49.8)]"
2022-06-29,15701.7002,15861.2998,15689.0996,15783.3496,172.20020000000113,-173.0498000000007,19,813.1514000000079,0.21176892765602992,Multi_Wave_Oscillating,"[np.float64(21.0), np.float64(-36.6), np.float64(24.2), np.float64(-20.5), np.float64(75.0), np.float64(-22.7)]"
2022-06-30,15774.5,15889.6504,15730.4004,15735.9004,159.25,-8.849599999999555,25,1289.2559999999976,0.12352085233654161,Multi_Wave_Oscillating,"[np.float64(26.3), np.float64(-26.7), np.float64(47.4), np.float64(-47.4), np.float64(21.5), np.float64(-78.0)]"
2022-07-01,15703.7002,15791.5996,15511.8496,15764.0,279.75,-32.20020000000113,40,1746.5010000000002,0.16017740613947543,Multi_Wave_Oscillating,"[np.float64(-8.2), np.float64(66.9), np.float64(-91.2), np.float64(23.6), np.float64(-44.2), np.float64(25.4)]"
2022-07-04,15710.5,15852.2998,15662.5,15829.1504,189.7998000000007,-53.5,23,1045.3475999999919,0.181566208216293,Multi_Wave_Oscillating,"[np.float64(8.2), np.float64(-97.5), np.float64(72.8), np.float64(-61.1), np.float64(36.2), np.float64(-62.8)]"
2022-07-05,15909.1504,16025.75,15785.7002,15799.9502,240.0498000000007,80.0,21,930.8465999999935,0.2578833075181264,Multi_Wave_Oscillating,"[np.float64(22.8), np.float64(-28.5), np.float64(80.2), np.float64(-23.7), np.float64(39.8), np.float64(-20.9)]"
2022-07-06,15818.2002,16010.7998,15801.5,16008.0498,209.2998000000007,18.25,28,1360.6006000000089,0.15382897817331503,Multi_Wave_Oscillating,"[np.float64(11.0), np.float64(-23.5), np.float64(45.8), np.float64(-103.3), np.float64(97.8), np.float64(-39.0)]"
2022-07-07,16113.75,16150.0498,16047.0498,16138.9004,103.0,105.70019999999931,19,790.6992000000027,0.13026445454858135,Multi_Wave_Oscillating,"[np.float64(13.7), np.float64(-29.5), np.float64(21.9), np.float64(-57.7), np.float64(40.0), np.float64(-48.5)]"
2022-07-08,16273.6504,16275.5,16157.9004,16217.5,117.59959999999955,134.75,16,657.501000000002,0.17885843519629505,Multi_Wave_Oscillating,"[np.float64(-35.7), np.float64(21.1), np.float64(-29.1), np.float64(50.4), np.float64(-59.1), np.float64(41.1)]"
2022-07-11,16136.1504,16248.4004,16115.6504,16199.0498,132.75,-81.34959999999955,21,778.6494000000057,0.1704875133789341,Multi_Wave_Oscillating,"[np.float64(14.8), np.float64(-20.9), np.float64(34.2), np.float64(-49.6), np.float64(50.8), np.float64(-30.5)]"
2022-07-12,16126.2002,16158.6504,16032.25,16037.75,126.40040000000045,-72.84960000000137,16,656.2519999999986,0.19260954633281227,Multi_Wave_Oscillating,"[np.float64(-14.2), np.float64(47.8), np.float64(-23.9), np.float64(28.4), np.float64(-24.1), np.float64(26.1)]"
2022-07-13,16128.2002,16139.8496,15950.5498,15975.75,189.29979999999887,90.45019999999931,19,769.3505999999979,0.24605141011133205,Multi_Wave_Oscillating,"[np.float64(-16.3), np.float64(27.8), np.float64(-35.6), np.float64(26.3), np.float64(-20.5), np.float64(31.0)]"
2022-07-14,16018.8496,16070.5,15859.2002,15947.9502,211.2998000000007,43.099599999999555,26,1102.6992000000082,0.19162052534362872,Multi_Wave_Oscillating,"[np.float64(6.8), np.float64(-25.8), np.float64(37.8), np.float64(-44.1), np.float64(73.3), np.float64(-57.7)]"
2022-07-15,16010.7998,16066.4502,15927.4502,16052.8496,139.0,62.849600000001374,19,786.4511999999995,0.17674332495137662,Multi_Wave_Oscillating,"[np.float64(13.8), np.float64(-67.1), np.float64(23.5), np.float64(-32.4), np.float64(40.2), np.float64(-42.7)]"
2022-07-18,16151.4004,16286.7998,16142.2002,16281.4004,144.59960000000137,98.55080000000089,10,385.602600000002,0.3749964341526759,Multi_Wave_Oscillating,"[np.float64(7.8), np.float64(-35.5), np.float64(27.9), np.float64(-30.1), np.float64(30.9), np.float64(-20.2)]"
2022-07-19,16187.0498,16359.1504,16187.0498,16329.2998,172.10059999999976,-94.35059999999976,13,641.1493999999984,0.2684251127740277,Multi_Wave_Oscillating,"[np.float64(41.9), np.float64(-26.4), np.float64(48.2), np.float64(-22.4), np.float64(31.4), np.float64(-21.8)]"
2022-07-20,16562.8008,16588.0,16491.1504,16495.8008,96.84960000000137,233.5010000000002,16,600.443199999987,0.16129685538949143,Multi_Wave_Oscillating,"[np.float64(-2.9), np.float64(28.7), np.float64(-23.9), np.float64(39.4), np.float64(-25.9), np.float64(48.4)]"
2022-07-21,16523.5508,16624.1504,16485.8496,16609.8008,138.30079999999725,27.75,9,491.8984000000055,0.2811572471063043,Multi_Wave_Oscillating,"[np.float64(-6.8), np.float64(92.5), np.float64(-28.2), np.float64(41.4), np.float64(-33.4), np.float64(28.2)]"
2022-07-22,16661.25,16752.25,16611.0,16714.3008,141.25,51.44919999999911,13,598.9531999999963,0.23582810810594362,Multi_Wave_Oscillating,"[np.float64(8.1), np.float64(-30.8), np.float64(42.1), np.float64(-80.9), np.float64(25.3), np.float64(-20.2)]"
2022-07-25,16662.5508,16704.9492,16564.5,16610.0508,140.4491999999991,-51.75,19,851.3984000000055,0.16496295976125655,Multi_Wave_Oscillating,"[np.float64(8.6), np.float64(-30.8), np.float64(39.3), np.float64(-70.5), np.float64(33.4), np.float64(-77.1)]"
2022-07-26,16632.9004,16636.0996,16463.5508,16466.5508,172.54880000000048,22.849599999997736,14,633.2012000000068,0.2725023262748059,Multi_Wave_Oscillating,"[np.float64(-48.9), np.float64(26.7), np.float64(-63.9), np.float64(32.6), np.float64(-42.6), np.float64(29.3)]"
2022-07-27,16475.3496,16652.5508,16439.6992,16642.75,212.85160000000178,8.798800000000483,18,727.3516000000054,0.29263921327732034,Multi_Wave_Oscillating,"[np.float64(36.1), np.float64(-72.4), np.float64(25.2), np.float64(-22.2), np.float64(98.3), np.float64(-25.8)]"
2022-07-28,16774.8496,16943.5996,16748.3008,16922.0508,195.29880000000048,132.09960000000137,17,706.3963999999942,0.27647196390015877,Multi_Wave_Oscillating,"[np.float64(9.0), np.float64(-28.1), np.float64(31.1), np.float64(-42.8), np.float64(134.3), np.float64(-23.0)]"
2022-07-29,17079.5,17172.1992,17018.3496,17157.9492,153.84959999999774,157.4491999999991,29,1133.002000000004,0.13578934547335061,Multi_Wave_Oscillating,"[np.float64(-12.2), np.float64(53.3), np.float64(-29.7), np.float64(42.7), np.float64(-26.3), np.float64(36.4)]"
2022-08-01,17243.1992,17355.6504,17156.3008,17332.3008,199.34959999999774,85.25,16,676.5487999999932,0.29465664561078186,Multi_Wave_Oscillating,"[np.float64(-72.1), np.float64(88.2), np.float64(-32.3), np.float64(23.2), np.float64(-21.3), np.float64(65.3)]"
2022-08-02,17310.1504,17389.6992,17217.4004,17294.8496,172.29880000000048,-22.150400000002264,26,1135.0935999999856,0.15179259225847336,Multi_Wave_Oscillating,"[np.float64(-21.0), np.float64(32.2), np.float64(-21.2), np.float64(30.6), np.float64(-21.0), np.float64(39.9)]"
2022-08-03,17349.25,17406.4004,17226.0,17392.9004,180.40039999999863,54.400399999998626,23,1132.9551999999821,0.15922995013395186,Multi_Wave_Oscillating,"[np.float64(-24.2), np.float64(64.6), np.float64(-25.0), np.float64(29.0), np.float64(-64.9), np.float64(21.4)]"
2022-08-04,17463.0996,17489.25,17161.8008,17364.0,327.4491999999991,70.19920000000275,33,1751.7540000000008,0.186926474836078,Multi_Wave_Oscillating,"[np.float64(9.4), np.float64(-41.6), np.float64(28.8), np.float64(-26.8), np.float64(38.6), np.float64(-78.0)]"
2022-08-05,17423.6504,17474.0996,17349.5996,17389.0508,124.5,59.650399999998626,28,1206.705200000004,0.10317350086831448,Multi_Wave_Oscillating,"[np.float64(-24.3), np.float64(65.6), np.float64(-44.2), np.float64(50.4), np.float64(-68.3), np.float64(56.8)]"
2022-08-08,17401.5,17548.6992,17361.0,17527.8496,187.6991999999991,12.44919999999911,19,756.2031999999963,0.24821264972166215,Multi_Wave_Oscillating,"[np.float64(3.3), np.float64(-60.4), np.float64(67.1), np.float64(-25.7), np.float64(32.5), np.float64(-20.6)]"
2022-08-10,17566.0996,17566.0996,17443.5508,17523.75,122.54880000000048,38.25,20,908.6464000000014,0.13486962585225704,Multi_Wave_Oscillating,"[np.float64(-64.7), np.float64(77.0), np.float64(-60.1), np.float64(23.9), np.float64(-41.8), np.float64(31.2)]"
2022-08-11,17711.6504,17717.5,17632.3496,17638.6504,85.15039999999863,187.90039999999863,16,552.6503999999877,0.154076428787531,Multi_Wave_Oscillating,"[np.float64(-12.6), np.float64(26.8), np.float64(-44.5), np.float64(30.1), np.float64(-26.2), np.float64(22.7)]"
2022-08-12,17659.6504,17724.25,17598.1504,17698.6504,126.09960000000137,21.0,11,531.8008000000045,0.23711810888588414,Multi_Wave_Oscillating,"[np.float64(-13.8), np.float64(29.7), np.float64(-61.8), np.float64(89.5), np.float64(-40.5), np.float64(52.1)]"
2022-08-16,17797.1992,17838.75,17764.5996,17828.3008,74.15039999999863,98.54880000000048,11,454.6075999999921,0.16310857979497026,Multi_Wave_Oscillating,"[np.float64(-18.1), np.float64(20.2), np.float64(-25.0), np.float64(68.0), np.float64(-21.4), np.float64(27.6)]"
2022-08-17,17868.1504,17965.4004,17834.5996,17929.0508,130.80079999999725,39.849599999997736,6,296.0996000000014,0.4417459530509215,Multi_Wave_Oscillating,"[np.float64(-12.4), np.float64(102.2), np.float64(-29.1), np.float64(37.0), np.float64(-28.3), np.float64(49.0)]"
2022-08-18,17898.6504,17967.5508,17852.5,17964.4492,115.05080000000089,-30.400400000002264,13,627.5080000000089,0.18334555097305413,Multi_Wave_Oscillating,"[np.float64(-9.2), np.float64(38.2), np.float64(-60.2), np.float64(90.2), np.float64(-63.8), np.float64(31.1)]"
2022-08-19,17966.5508,17989.1504,17711.1504,17726.9492,278.0,2.101600000001781,41,1641.3536000000204,0.1693724009256729,Multi_Wave_Oscillating,"[np.float64(17.5), np.float64(-26.2), np.float64(20.2), np.float64(-29.2), np.float64(21.8), np.float64(-23.6)]"
2022-08-22,17682.9004,17690.0508,17468.0996,17494.3496,221.95119999999952,-44.04880000000048,25,994.5408000000061,0.22316952708224555,Multi_Wave_Oscillating,"[np.float64(-21.0), np.float64(46.8), np.float64(-64.0), np.float64(27.2), np.float64(-59.4), np.float64(47.7)]"
2022-08-23,17357.3496,17624.5,17346.9492,17623.3496,277.5508000000009,-137.0,32,1683.3596000000216,0.1648790905995352,Multi_Wave_Oscillating,"[np.float64(139.2), np.float64(-41.1), np.float64(108.6), np.float64(-100.6), np.float64(50.6), np.float64(-21.2)]"
2022-08-24,17525.4492,17622.1504,17499.9004,17607.5508,122.25,-97.90040000000226,27,1123.042800000003,0.10885604716044632,Multi_Wave_Oscillating,"[np.float64(24.2), np.float64(-47.0), np.float64(24.3), np.float64(-24.7), np.float64(45.8), np.float64(-78.8)]"
2022-08-25,17679.0,17726.4004,17488.3496,17508.1992,238.05079999999725,71.44919999999911,19,940.650399999995,0.25307042871612934,Multi_Wave_Oscillating,"[np.float64(-11.2), np.float64(22.9), np.float64(-26.7), np.float64(56.2), np.float64(-37.6), np.float64(20.6)]"
2022-08-26,17619.3008,17685.1992,17520.1504,17582.9004,165.04880000000048,111.10160000000178,26,1054.1543999999813,0.1565698535243067,Multi_Wave_Oscillating,"[np.float64(36.8), np.float64(-56.0), np.float64(38.7), np.float64(-57.6), np.float64(24.2), np.float64(-47.5)]"
2022-08-29,17188.6504,17379.5996,17168.25,17339.0996,211.34960000000137,-394.25,28,1127.1503999999986,0.18750789601813708,Multi_Wave_Oscillating,"[np.float64(8.0), np.float64(-52.7), np.float64(41.7), np.float64(-28.6), np.float64(95.4), np.float64(-23.5)]"
2022-08-30,17414.9492,17776.8496,17408.75,17744.1992,368.0996000000014,75.84959999999774,13,640.6016000000091,0.5746154864427379,Multi_Wave_Oscillating,"[np.float64(14.8), np.float64(-22.2), np.float64(45.1), np.float64(-20.9), np.float64(96.8), np.float64(-21.0)]"
2022-09-01,17485.6992,17695.5,17469.0,17563.25,226.5,-258.5,42,1891.957200000019,0.11971729593037185,Multi_Wave_Oscillating,"[np.float64(16.0), np.float64(-42.9), np.float64(49.5), np.float64(-40.2), np.float64(114.7), np.float64(-42.8)]"
2022-09-02,17598.4004,17643.0,17477.0996,17527.8496,165.90039999999863,35.150399999998626,35,1421.3983999999946,0.11671632668223016,Multi_Wave_Oscillating,"[np.float64(18.5), np.float64(-64.2), np.float64(28.7), np.float64(-36.3), np.float64(34.0), np.float64(-28.9)]"
2022-09-05,17546.4492,17682.9492,17541.0508,17653.9004,141.89839999999822,18.599599999997736,17,672.2012000000068,0.2110951304460581,Multi_Wave_Oscillating,"[np.float64(26.6), np.float64(-33.6), np.float64(25.6), np.float64(-36.9), np.float64(74.9), np.float64(-37.2)]"
2022-09-06,17695.6992,17764.0,17587.9492,17651.5996,176.0508000000009,41.79880000000048,23,955.1423999999897,0.18431890365248446,Multi_Wave_Oscillating,"[np.float64(18.8), np.float64(-37.2), np.float64(20.6), np.float64(-52.2), np.float64(22.7), np.float64(-58.8)]"
2022-09-07,17519.4004,17650.6992,17519.1504,17629.5,131.54880000000048,-132.19920000000275,20,815.2012000000068,0.16136973301805663,Multi_Wave_Oscillating,"[np.float64(19.0), np.float64(-40.3), np.float64(46.6), np.float64(-21.5), np.float64(44.8), np.float64(-49.5)]"
2022-09-08,17748.1504,17806.9492,17692.9004,17800.0996,114.04880000000048,118.65039999999863,16,663.7967999999928,0.17181281982679295,Multi_Wave_Oscillating,"[np.float64(12.3), np.float64(-32.3), np.float64(58.3), np.float64(-35.7), np.float64(20.5), np.float64(-20.7)]"
2022-09-09,17923.3496,17925.3008,17786.1504,17829.3008,139.15040000000226,123.25,15,674.8455999999969,0.20619590614505437,Multi_Wave_Oscillating,"[np.float64(-48.4), np.float64(50.7), np.float64(-97.1), np.float64(21.2), np.float64(-26.8), np.float64(44.5)]"
2022-09-12,17890.8496,17980.1992,17889.1504,17931.5996,91.04880000000048,61.54880000000048,13,471.4860000000044,0.19311029383693182,Multi_Wave_Oscillating,"[np.float64(0.0), np.float64(-27.4), np.float64(26.3), np.float64(-31.0), np.float64(29.3), np.float64(-27.7)]"
2022-09-13,18044.4492,18087.9492,18016.0508,18066.5,71.89839999999822,112.84959999999774,12,387.2968000000001,0.18564160612738914,Multi_Wave_Oscillating,"[np.float64(-10.4), np.float64(43.9), np.float64(-49.2), np.float64(40.8), np.float64(-23.3), np.float64(46.2)]"
2022-09-14,17771.1504,18090.6504,17771.1504,18000.6504,319.5,-295.3496000000014,16,913.3475999999864,0.34981205403069404,Multi_Wave_Oscillating,"[np.float64(27.1), np.float64(-34.1), np.float64(70.3), np.float64(-23.2), np.float64(32.2), np.float64(-25.7)]"
2022-09-15,18046.3496,18095.4004,17861.9492,17872.3008,233.45119999999952,45.69920000000275,29,1359.1543999999958,0.17176208972284548,Multi_Wave_Oscillating,"[np.float64(13.5), np.float64(-31.5), np.float64(23.9), np.float64(-73.1), np.float64(26.9), np.float64(-20.7)]"
2022-09-16,17796.8008,17818.5996,17498.6992,17550.0996,319.90040000000226,-75.5,35,1758.2539999999935,0.18194208572823006,Multi_Wave_Oscillating,"[np.float64(-55.8), np.float64(81.0), np.float64(-39.2), np.float64(36.0), np.float64(-28.3), np.float64(27.6)]"
2022-09-19,17540.6504,17665.9492,17431.0,17631.8496,234.9491999999991,-9.449200000002747,37,1852.2071999999862,0.12684822734735124,Multi_Wave_Oscillating,"[np.float64(-33.7), np.float64(86.8), np.float64(-71.5), np.float64(34.1), np.float64(-83.6), np.float64(36.3)]"
2022-09-20,17770.4004,17918.4492,17744.4004,17791.25,174.04880000000048,138.55079999999725,21,831.2500000000073,0.20938201503759274,Multi_Wave_Oscillating,"[np.float64(50.4), np.float64(-23.5), np.float64(48.9), np.float64(-22.7), np.float64(41.5), np.float64(-28.8)]"
2022-09-21,17766.3496,17838.6992,17663.6992,17715.9004,175.0,-24.900399999998626,31,1343.0548000000163,0.13029996988953682,Multi_Wave_Oscillating,"[np.float64(3.6), np.float64(-59.8), np.float64(44.7), np.float64(-22.5), np.float64(39.0), np.float64(-41.1)]"
2022-09-22,17609.6504,17722.6504,17532.6992,17631.5508,189.95119999999952,-106.25,40,1754.947199999995,0.10823755837212655,Multi_Wave_Oscillating,"[np.float64(3.8), np.float64(-53.6), np.float64(87.3), np.float64(-46.3), np.float64(72.5), np.float64(-56.2)]"
2022-09-23,17593.8496,17640.4492,17293.0,17332.25,347.4491999999991,-37.70119999999952,49,2027.1952000000092,0.17139405223532372,Multi_Wave_Oscillating,"[np.float64(1.4), np.float64(-99.3), np.float64(29.5), np.float64(-21.5), np.float64(31.4), np.float64(-25.7)]"
2022-09-26,17156.3008,17195.75,16979.0996,17027.8496,216.65039999999863,-175.9491999999991,50,2428.6075999999703,0.08920765956591806,Multi_Wave_Oscillating,"[np.float64(21.8), np.float64(-116.5), np.float64(70.5), np.float64(-22.2), np.float64(73.2), np.float64(-44.6)]"
2022-09-27,17110.9004,17175.5996,16943.3008,17043.4492,232.29880000000048,83.05079999999725,53,2486.884399999977,0.09340956901736269,Multi_Wave_Oscillating,"[np.float64(-33.6), np.float64(91.8), np.float64(-24.3), np.float64(31.6), np.float64(-31.3), np.float64(46.8)]"
2022-09-28,16870.5508,17037.5508,16820.9004,16826.1504,216.65040000000226,-172.89839999999822,41,1816.4800000000105,0.11926935611732638,Multi_Wave_Oscillating,"[np.float64(13.9), np.float64(-34.3), np.float64(29.5), np.float64(-59.6), np.float64(51.3), np.float64(-37.7)]"
2022-09-29,16993.5996,17025.8496,16788.9492,16842.9004,236.90040000000226,167.44920000000275,38,1582.197200000006,0.14972874430570435,Multi_Wave_Oscillating,"[np.float64(19.5), np.float64(-37.5), np.float64(41.9), np.float64(-69.3), np.float64(33.9), np.float64(-22.9)]"
2022-09-30,16798.0508,17186.8008,16748.6992,17107.1992,438.1016000000018,-44.849599999997736,47,2223.654399999996,0.19701874535899222,Multi_Wave_Oscillating,"[np.float64(33.9), np.float64(-86.6), np.float64(50.0), np.float64(-30.2), np.float64(32.7), np.float64(-35.8)]"
2022-10-03,17102.0996,17113.1504,16855.5996,16876.0,257.55079999999725,-5.099599999997736,38,1967.8535999999986,0.1308790450671724,Multi_Wave_Oscillating,"[np.float64(-53.1), np.float64(60.2), np.float64(-49.1), np.float64(81.2), np.float64(-92.2), np.float64(40.9)]"
2022-10-04,17147.4492,17284.4492,17126.8496,17277.4492,157.59959999999774,271.4491999999991,22,897.8415999999961,0.17553163052368972,Multi_Wave_Oscillating,"[np.float64(-9.3), np.float64(99.6), np.float64(-24.6), np.float64(33.9), np.float64(-60.0), np.float64(73.0)]"
2022-10-06,17379.25,17428.3008,17316.3008,17316.3008,112.0,101.80080000000089,19,881.7459999999955,0.12702070664341042,Multi_Wave_Oscillating,"[np.float64(19.6), np.float64(-69.3), np.float64(44.8), np.float64(-48.9), np.float64(23.7), np.float64(-33.2)]"
2022-10-07,17287.1992,17337.0996,17217.5,17316.1504,119.59960000000137,-29.10160000000178,22,942.2031999999963,0.1269361004080668,Multi_Wave_Oscillating,"[np.float64(4.5), np.float64(-45.7), np.float64(58.5), np.float64(-38.7), np.float64(22.7), np.float64(-66.1)]"
2022-10-10,17094.3496,17279.9004,17065.8008,17252.4492,214.09959999999774,-221.80079999999725,29,1368.0975999999973,0.15649439045869107,Multi_Wave_Oscillating,"[np.float64(20.6), np.float64(-82.3), np.float64(39.0), np.float64(-22.4), np.float64(49.3), np.float64(-53.2)]"
2022-10-11,17256.0508,17261.8008,16950.6504,16964.1504,311.15040000000226,3.601600000001781,32,1418.8924000000006,0.2192910470166745,Multi_Wave_Oscillating,"[np.float64(-27.3), np.float64(27.8), np.float64(-39.1), np.float64(32.0), np.float64(-32.0), np.float64(33.4)]"
2022-10-12,17025.5508,17141.6504,16960.5,17129.0508,181.15039999999863,61.400400000002264,38,1444.0587999999989,0.12544530735174964,Multi_Wave_Oscillating,"[np.float64(-22.1), np.float64(35.7), np.float64(-55.0), np.float64(75.6), np.float64(-20.5), np.float64(30.5)]"
2022-10-13,17087.3496,17111.0,16957.6504,17017.8008,153.34960000000137,-41.70119999999952,28,1167.255999999983,0.1313761505616622,Multi_Wave_Oscillating,"[np.float64(17.6), np.float64(-23.2), np.float64(23.4), np.float64(-37.2), np.float64(29.8), np.float64(-33.6)]"
2022-10-14,17322.3008,17347.6504,17170.0508,17200.3496,177.59959999999774,304.5,21,989.6991999999882,0.1794480585616315,Multi_Wave_Oscillating,"[np.float64(-20.7), np.float64(30.6), np.float64(-45.9), np.float64(40.3), np.float64(-50.0), np.float64(30.8)]"
2022-10-17,17144.8008,17328.1992,17098.9492,17320.5508,229.25,-55.54880000000048,26,1222.7460000000028,0.18748783475881292,Multi_Wave_Oscillating,"[np.float64(10.6), np.float64(-65.4), np.float64(35.2), np.float64(-71.2), np.float64(39.8), np.float64(-31.2)]"
2022-10-18,17438.75,17527.4004,17434.0508,17490.5996,93.34959999999774,118.19919999999911,22,742.5488000000005,0.1257151045156866,Multi_Wave_Oscillating,"[np.float64(45.3), np.float64(-20.1), np.float64(22.1), np.float64(-28.2), np.float64(54.4), np.float64(-20.6)]"
2022-10-19,17568.1504,17607.1504,17472.9004,17518.8496,134.25,77.55079999999725,21,861.705200000004,0.1557957408171604,Multi_Wave_Oscillating,"[np.float64(-9.4), np.float64(34.6), np.float64(-27.8), np.float64(24.0), np.float64(-20.1), np.float64(50.1)]"
2022-10-20,17423.0996,17584.0996,17421.5,17565.25,162.59960000000137,-95.75,19,769.8475999999937,0.21121011483312113,Multi_Wave_Oscillating,"[np.float64(11.0), np.float64(-21.6), np.float64(43.6), np.float64(-47.4), np.float64(66.1), np.float64(-28.3)]"
2022-10-21,17622.8496,17669.75,17521.25,17583.75,148.5,57.599600000001374,17,711.7519999999931,0.20864008812058335,Multi_Wave_Oscillating,"[np.float64(-10.1), np.float64(26.1), np.float64(-29.3), np.float64(52.4), np.float64(-38.3), np.float64(31.8)]"
2022-10-25,17808.3008,17811.5,17639.5,17642.6504,172.0,224.5508000000009,12,634.6543999999994,0.2710136414401289,Multi_Wave_Oscillating,"[np.float64(-53.9), np.float64(31.4), np.float64(-40.6), np.float64(54.5), np.float64(-23.4), np.float64(33.1)]"
2022-10-27,17771.4004,17783.0,17654.6992,17758.9004,128.3008000000009,128.75,15,602.8515999999945,0.21282318899046143,Multi_Wave_Oscillating,"[np.float64(-6.4), np.float64(35.5), np.float64(-25.6), np.float64(22.7), np.float64(-61.7), np.float64(29.5)]"
2022-10-28,17756.4004,17838.6992,17724.0,17795.9492,114.69919999999911,-2.5,14,600.8535999999876,0.19089375515100762,Multi_Wave_Oscillating,"[np.float64(31.8), np.float64(-21.8), np.float64(32.2), np.float64(-45.9), np.float64(61.6), np.float64(-76.1)]"
2022-10-31,17910.1992,18022.6992,17900.6504,18018.4004,122.04880000000048,114.25,12,446.7459999999992,0.2731950593849765,Multi_Wave_Oscillating,"[np.float64(9.9), np.float64(-21.8), np.float64(24.8), np.float64(-26.4), np.float64(51.6), np.float64(-34.9)]"
2022-11-01,18130.6992,18175.4004,18060.9004,18142.75,114.5,112.29880000000048,15,650.1016000000018,0.17612631625579708,Multi_Wave_Oscillating,"[np.float64(-23.1), np.float64(24.2), np.float64(-26.4), np.float64(34.0), np.float64(-21.1), np.float64(73.8)]"
2022-11-02,18177.9004,18178.75,18049.9492,18072.0996,128.8008000000009,35.150399999998626,18,666.5,0.19324951237809587,Multi_Wave_Oscillating,"[np.float64(-33.5), np.float64(36.7), np.float64(-45.3), np.float64(48.5), np.float64(-43.3), np.float64(26.2)]"
2022-11-03,17968.3496,18105.6992,17964.5996,18046.5508,141.09959999999774,-103.75,15,684.0000000000073,0.2062859649122752,Multi_Wave_Oscillating,"[np.float64(27.9), np.float64(-20.7), np.float64(70.2), np.float64(-34.3), np.float64(33.9), np.float64(-33.0)]"
2022-11-04,18053.4004,18134.1992,18017.5,18127.9004,116.69919999999911,6.849599999997736,10,468.84360000000015,0.2489085912658274,Multi_Wave_Oscillating,"[np.float64(32.0), np.float64(-60.4), np.float64(46.5), np.float64(-47.4), np.float64(21.0), np.float64(-49.8)]"
2022-11-07,18211.75,18254.3496,18064.9004,18203.3496,189.44920000000275,83.84960000000137,11,582.6992000000064,0.32512349424883485,Multi_Wave_Oscillating,"[np.float64(2.6), np.float64(-105.8), np.float64(20.8), np.float64(-40.8), np.float64(22.8), np.float64(-35.5)]"
2022-11-09,18288.25,18296.4004,18118.6504,18121.0508,177.75,84.90039999999863,20,776.8924000000006,0.22879616276333745,Multi_Wave_Oscillating,"[np.float64(-3.6), np.float64(26.2), np.float64(-36.8), np.float64(23.2), np.float64(-31.6), np.float64(31.9)]"
2022-11-10,18044.3496,18102.9492,17969.5996,18036.8008,133.34959999999774,-76.70119999999952,12,576.0487999999932,0.23149010986569074,Multi_Wave_Oscillating,"[np.float64(32.6), np.float64(-55.7), np.float64(34.2), np.float64(-70.2), np.float64(34.1), np.float64(-24.8)]"
2022-11-11,18272.3496,18360.75,18260.25,18355.3008,100.5,235.54880000000048,21,725.0487999999823,0.13861135967675894,Multi_Wave_Oscillating,"[np.float64(-5.7), np.float64(52.9), np.float64(-20.8), np.float64(38.6), np.float64(-44.6), np.float64(37.5)]"
2022-11-14,18376.4004,18399.0,18311.8008,18320.25,87.19919999999911,21.099599999997736,16,635.5020000000113,0.13721310082422644,Multi_Wave_Oscillating,"[np.float64(-29.2), np.float64(50.1), np.float64(-22.1), np.float64(31.8), np.float64(-33.8), np.float64(33.6)]"
2022-11-15,18362.75,18426.5508,18282.25,18421.5508,144.3008000000009,42.5,14,556.6016000000018,0.25925329715185946,Multi_Wave_Oscillating,"[np.float64(9.0), np.float64(-25.7), np.float64(20.1), np.float64(-88.2), np.float64(30.8), np.float64(-29.0)]"
2022-11-16,18398.25,18441.8008,18344.5,18404.8496,97.30080000000089,-23.30080000000089,16,702.5428000000029,0.13849803883834622,Multi_Wave_Oscillating,"[np.float64(-35.2), np.float64(34.1), np.float64(-38.0), np.float64(27.9), np.float64(-25.7), np.float64(58.6)]"
2022-11-17,18358.6992,18417.1992,18313.0508,18333.9492,104.14839999999822,-46.150400000002264,16,574.1891999999971,0.1813834185665609,Multi_Wave_Oscillating,"[np.float64(25.8), np.float64(-35.9), np.float64(53.8), np.float64(-66.6), np.float64(29.5), np.float64(-20.5)]"
2022-11-18,18382.9492,18393.8008,18210.3008,18304.3496,183.5,49.0,14,662.6992000000064,0.27689787463150434,Multi_Wave_Oscillating,"[np.float64(-69.1), np.float64(22.4), np.float64(-45.1), np.float64(21.7), np.float64(-82.0), np.float64(39.3)]"
2022-11-21,18246.4004,18262.3008,18133.9004,18157.9492,128.40040000000226,-57.94920000000275,12,489.84959999999774,0.26212208808581827,Multi_Wave_Oscillating,"[np.float64(-22.1), np.float64(20.5), np.float64(-75.6), np.float64(42.8), np.float64(-39.2), np.float64(37.2)]"
2022-11-22,18179.1504,18257.4004,18138.5,18251.5,118.90039999999863,21.201199999999517,8,334.04679999999644,0.35593934742078026,Multi_Wave_Oscillating,"[np.float64(11.1), np.float64(-52.9), np.float64(77.4), np.float64(-20.6), np.float64(30.8), np.float64(-23.9)]"
2022-11-23,18325.1992,18325.4004,18248.25,18254.0996,77.15039999999863,73.69919999999911,4,212.20319999999992,0.3635685041507322,Multi_Wave_Oscillating,"[np.float64(-29.6), np.float64(20.6), np.float64(-36.8), np.float64(60.8)]"
2022-11-24,18326.0996,18527.4492,18294.4492,18510.8496,233.0,72.0,3,299.8475999999973,0.777061413864917,V_Shape_Reversal,"[np.float64(-10.1), np.float64(102.2), np.float64(-28.4)]"
2022-11-25,18528.4492,18534.6992,18445.5,18498.4004,89.19919999999911,17.599599999997736,18,725.4512000000104,0.12295685774590741,Multi_Wave_Oscillating,"[np.float64(-19.2), np.float64(47.6), np.float64(-54.2), np.float64(46.8), np.float64(-32.1), np.float64(39.3)]"
2022-11-28,18430.5508,18614.0996,18365.5996,18553.4004,248.5,-67.84959999999774,7,376.5000000000073,0.660026560424954,Multi_Wave_Oscillating,"[np.float64(90.1), np.float64(-23.4), np.float64(67.5), np.float64(-23.6), np.float64(35.1), np.float64(-40.4)]"
2022-11-29,18552.4492,18677.6992,18552.25,18603.5996,125.44919999999911,-0.9511999999995169,7,308.650399999995,0.4064443136960171,Multi_Wave_Oscillating,"[np.float64(32.9), np.float64(-23.8), np.float64(54.9), np.float64(-27.1), np.float64(36.7), np.float64(-26.3)]"
2022-11-30,18625.6992,18810.9492,18616.6504,18776.9492,194.29880000000048,22.099599999997736,11,542.6931999999979,0.35802696624907265,Multi_Wave_Oscillating,"[np.float64(27.6), np.float64(-62.5), np.float64(33.1), np.float64(-32.2), np.float64(46.4), np.float64(-25.1)]"
2022-12-01,18871.9492,18886.6992,18778.5,18800.9492,108.19919999999911,95.0,20,745.1443999999974,0.14520568093915687,Multi_Wave_Oscillating,"[np.float64(-13.8), np.float64(42.8), np.float64(-35.4), np.float64(30.8), np.float64(-64.7), np.float64(28.5)]"
2022-12-02,18752.4004,18778.5508,18639.5996,18705.1992,138.95119999999952,-48.54880000000048,14,537.9512000000141,0.2582970351213937,Multi_Wave_Oscillating,"[np.float64(21.9), np.float64(-42.9), np.float64(28.5), np.float64(-43.5), np.float64(26.4), np.float64(-57.1)]"
2022-12-05,18719.5508,18728.5996,18591.9492,18694.0508,136.65040000000226,14.351600000001781,12,641.8008000000118,0.21291715435692782,Multi_Wave_Oscillating,"[np.float64(-26.5), np.float64(21.7), np.float64(-92.2), np.float64(127.1), np.float64(-83.6), np.float64(20.0)]"
2022-12-06,18600.6504,18654.1992,18579.1992,18647.8008,75.0,-93.40040000000226,15,571.9004000000023,0.13114171628486307,Multi_Wave_Oscillating,"[np.float64(9.4), np.float64(-57.0), np.float64(34.4), np.float64(-22.8), np.float64(49.3), np.float64(-27.5)]"
2022-12-07,18638.8496,18668.0508,18529.0996,18551.5508,138.95119999999952,-8.951199999999517,20,773.2519999999968,0.17969717504772068,Multi_Wave_Oscillating,"[np.float64(1.9), np.float64(-36.6), np.float64(27.7), np.float64(-36.1), np.float64(45.3), np.float64(-21.5)]"
2022-12-08,18570.8496,18624.5508,18537.1992,18614.4004,87.35160000000178,19.298800000000483,15,573.2012000000104,0.15239256303022428,Multi_Wave_Oscillating,"[np.float64(-26.2), np.float64(43.4), np.float64(-25.0), np.float64(69.0), np.float64(-58.0), np.float64(22.3)]"
2022-12-09,18662.4004,18664.6504,18411.1504,18493.25,253.5,48.0,16,761.2968000000183,0.332984454945816,Multi_Wave_Oscillating,"[np.float64(-11.7), np.float64(23.2), np.float64(-52.8), np.float64(27.7), np.float64(-97.4), np.float64(30.7)]"
2022-12-12,18402.1504,18521.0,18347.0508,18494.6992,173.9491999999991,-91.09960000000137,17,773.8047999999908,0.2247972615315919,Multi_Wave_Oscillating,"[np.float64(-38.6), np.float64(127.6), np.float64(-21.1), np.float64(38.6), np.float64(-28.4), np.float64(38.1)]"
2022-12-13,18524.4004,18617.0996,18491.6992,18594.3496,125.40040000000226,29.701199999999517,12,476.45120000001407,0.26319673452391046,Multi_Wave_Oscillating,"[np.float64(-5.0), np.float64(24.2), np.float64(-25.2), np.float64(25.2), np.float64(-48.2), np.float64(46.2)]"
2022-12-14,18671.25,18695.8496,18633.1992,18643.0,62.650400000002264,76.90039999999863,6,267.4024000000136,0.23429258675314463,Multi_Wave_Oscillating,"[np.float64(-7.3), np.float64(43.4), np.float64(-40.9), np.float64(37.4), np.float64(-59.1), np.float64(43.2)]"
2022-12-15,18614.4004,18651.4492,18388.4004,18394.0508,263.0488000000005,-28.599600000001374,11,571.9411999999938,0.45992280325320734,Multi_Wave_Oscillating,"[np.float64(8.6), np.float64(-92.3), np.float64(34.6), np.float64(-78.0), np.float64(22.8), np.float64(-40.9)]"
2022-12-16,18319.0996,18440.5,18255.6992,18270.0996,184.8008000000009,-74.95119999999952,30,1417.7132000000092,0.13035132916869202,Multi_Wave_Oscillating,"[np.float64(14.0), np.float64(-45.8), np.float64(126.1), np.float64(-22.7), np.float64(36.8), np.float64(-83.8)]"
2022-12-19,18288.0996,18431.25,18244.6504,18426.1992,186.59960000000137,18.0,21,846.894400000001,0.22033396371495803,Multi_Wave_Oscillating,"[np.float64(-24.9), np.float64(61.6), np.float64(-46.9), np.float64(26.9), np.float64(-20.1), np.float64(28.1)]"
2022-12-20,18340.3008,18404.6504,18203.1992,18385.8496,201.45119999999952,-85.89839999999822,24,1037.1095999999889,0.19424292283091554,Multi_Wave_Oscillating,"[np.float64(-24.7), np.float64(23.0), np.float64(-119.6), np.float64(50.2), np.float64(-53.6), np.float64(40.0)]"
2022-12-21,18435.1504,18472.5,18164.0,18207.5508,308.5,49.30079999999725,34,1594.4084000000148,0.19348869461550575,Multi_Wave_Oscillating,"[np.float64(26.5), np.float64(-59.6), np.float64(37.9), np.float64(-86.6), np.float64(41.2), np.float64(-59.3)]"
2022-12-22,18288.8008,18317.0508,18068.9492,18114.6992,248.10160000000178,81.25,49,1988.6543999999994,0.12475853019006311,Multi_Wave_Oscillating,"[np.float64(0.4), np.float64(-58.2), np.float64(32.5), np.float64(-47.0), np.float64(22.4), np.float64(-80.8)]"
2022-12-23,17977.6504,18045.8008,17780.4492,17824.0996,265.3516000000018,-137.04880000000048,40,1579.3008000000154,0.16801840409376048,Multi_Wave_Oscillating,"[np.float64(9.1), np.float64(-26.2), np.float64(21.5), np.float64(-52.0), np.float64(27.0), np.float64(-46.1)]"
2022-12-26,17830.4004,18083.5,17775.5508,18009.5996,307.9491999999991,6.300799999997253,20,1098.6056000000026,0.28030914825119985,Multi_Wave_Oscillating,"[np.float64(20.8), np.float64(-89.8), np.float64(137.9), np.float64(-31.8), np.float64(74.8), np.float64(-36.0)]"
2022-12-27,18089.8008,18148.5996,17967.5,18136.0,181.09960000000137,80.20119999999952,25,1209.560800000003,0.1497234368045004,Multi_Wave_Oscillating,"[np.float64(-10.1), np.float64(68.4), np.float64(-149.1), np.float64(61.5), np.float64(-77.0), np.float64(23.2)]"
2022-12-28,18084.75,18173.0508,18071.5,18106.9004,101.55080000000089,-51.25,23,910.9043999999958,0.11148348827824452,Multi_Wave_Oscillating,"[np.float64(12.5), np.float64(-30.8), np.float64(39.7), np.float64(-38.8), np.float64(35.0), np.float64(-30.7)]"
2022-12-29,18045.6992,18210.8496,17992.9004,18210.4004,217.94920000000275,-61.20119999999952,19,768.8007999999827,0.28349242092360943,Multi_Wave_Oscillating,"[np.float64(-13.3), np.float64(22.9), np.float64(-38.4), np.float64(48.2), np.float64(-55.8), np.float64(23.4)]"
2022-12-30,18259.0996,18264.6992,18080.9004,18117.0508,183.79880000000048,48.69920000000275,19,934.347600000001,0.19671351432807266,Multi_Wave_Oscillating,"[np.float64(-31.5), np.float64(50.3), np.float64(-50.2), np.float64(52.9), np.float64(-31.5), np.float64(26.0)]"
2023-01-02,18131.6992,18215.0996,18087.5508,18208.9492,127.54880000000048,14.648399999998219,16,727.0468000000037,0.1754340986027307,Multi_Wave_Oscillating,"[np.float64(8.8), np.float64(-52.7), np.float64(29.0), np.float64(-20.0), np.float64(32.7), np.float64(-51.6)]"
2023-01-03,18163.1992,18251.8496,18149.9492,18234.3008,101.90040000000226,-45.75,10,482.1484000000055,0.2113465480752422,Multi_Wave_Oscillating,"[np.float64(17.4), np.float64(-35.9), np.float64(24.9), np.float64(-29.8), np.float64(88.7), np.float64(-22.7)]"
2023-01-04,18230.6504,18241.1992,18022.5996,18036.8496,218.59959999999774,-3.6504000000022643,12,752.10159999998,0.2906516885484668,Multi_Wave_Oscillating,"[np.float64(-18.6), np.float64(38.6), np.float64(-124.7), np.float64(50.5), np.float64(-75.9), np.float64(23.6)]"
2023-01-05,18101.9492,18119.0508,17892.5996,17999.8008,226.45119999999952,65.09959999999774,23,1074.4063999999998,0.21076866258428797,Multi_Wave_Oscillating,"[np.float64(-21.4), np.float64(27.2), np.float64(-40.3), np.float64(87.1), np.float64(-90.3), np.float64(27.8)]"
2023-01-06,18008.0508,18046.5996,17796.1504,17863.5,250.44920000000275,8.25,24,1138.394400000012,0.22000213634220278,Multi_Wave_Oscillating,"[np.float64(2.1), np.float64(-46.8), np.float64(55.2), np.float64(-49.4), np.float64(70.2), np.float64(-102.5)]"
2023-01-09,17952.5508,18141.0,17936.6992,18088.75,204.3008000000009,89.05080000000089,28,1158.7520000000186,0.17631106569826643,Multi_Wave_Oscillating,"[np.float64(-12.4), np.float64(35.2), np.float64(-26.2), np.float64(32.3), np.float64(-34.8), np.float64(97.7)]"
2023-01-10,18121.3008,18127.5996,17857.25,17925.3496,270.3496000000014,32.55080000000089,19,903.4004000000095,0.2992577820421582,Multi_Wave_Oscillating,"[np.float64(-59.8), np.float64(26.5), np.float64(-64.4), np.float64(44.4), np.float64(-63.0), np.float64(26.3)]"
2023-01-11,17924.25,17975.4004,17825.3496,17888.4004,150.05079999999725,-1.0996000000013737,24,1224.1055999999771,0.12257994735094754,Multi_Wave_Oscillating,"[np.float64(-21.8), np.float64(25.4), np.float64(-67.3), np.float64(30.9), np.float64(-30.8), np.float64(111.4)]"
2023-01-12,17920.8496,17944.8008,17762.25,17866.0,182.5508000000009,32.44920000000275,25,1073.9491999999918,0.16998085198071033,Multi_Wave_Oscillating,"[np.float64(-6.8), np.float64(38.6), np.float64(-34.2), np.float64(24.6), np.float64(-21.3), np.float64(41.2)]"
2023-01-13,17867.5,17998.9492,17774.5508,17950.5,224.39839999999822,1.5,29,1118.949199999981,0.20054386740702979,Multi_Wave_Oscillating,"[np.float64(-34.1), np.float64(23.7), np.float64(-36.5), np.float64(50.2), np.float64(-63.2), np.float64(36.8)]"
2023-01-16,18033.1504,18049.6504,17854.1504,17891.6992,195.5,82.65039999999863,28,1039.75,0.1880259677807165,Multi_Wave_Oscillating,"[np.float64(5.3), np.float64(-62.2), np.float64(20.3), np.float64(-22.5), np.float64(31.0), np.float64(-42.5)]"
2023-01-17,17922.8008,18070.5,17888.1992,18056.8008,182.3008000000009,31.10160000000178,19,823.0448000000033,0.22149559780949976,Multi_Wave_Oscillating,"[np.float64(-10.7), np.float64(89.5), np.float64(-25.9), np.float64(64.4), np.float64(-21.2), np.float64(25.0)]"
2023-01-18,18074.3008,18183.1992,18032.5996,18163.8008,150.59959999999774,17.5,17,673.5468000000037,0.2235918870076985,Multi_Wave_Oscillating,"[np.float64(-2.9), np.float64(42.7), np.float64(-32.8), np.float64(25.5), np.float64(-50.3), np.float64(53.7)]"
2023-01-19,18119.8008,18155.0996,18064.3008,18089.0508,90.79880000000048,-44.0,20,784.1016000000091,0.11579978921098928,Multi_Wave_Oscillating,"[np.float64(-16.4), np.float64(39.4), np.float64(-59.7), np.float64(42.4), np.float64(-31.2), np.float64(25.3)]"
2023-01-20,18115.5996,18144.6504,18017.4492,18027.3008,127.20119999999952,26.548800000000483,20,710.3047999999981,0.17907974154194067,Multi_Wave_Oscillating,"[np.float64(-11.8), np.float64(28.0), np.float64(-21.0), np.float64(20.7), np.float64(-22.5), np.float64(30.8)]"
2023-01-23,18118.4492,18161.6992,18064.75,18104.9492,96.94919999999911,91.14839999999822,8,468.3007999999936,0.20702334909528328,Multi_Wave_Oscillating,"[np.float64(-39.2), np.float64(43.3), np.float64(-47.7), np.float64(96.9), np.float64(-83.1), np.float64(57.8)]"
2023-01-24,18183.9492,18200.75,18079.1504,18101.1504,121.59960000000137,79.0,16,595.1016000000018,0.20433418428046743,Multi_Wave_Oscillating,"[np.float64(-1.3), np.float64(43.7), np.float64(-43.9), np.float64(20.4), np.float64(-51.0), np.float64(45.1)]"
2023-01-25,18093.3496,18100.5996,17846.5996,17910.0508,254.0,-7.800799999997253,15,817.4004000000023,0.31074122302851737,Multi_Wave_Oscillating,"[np.float64(-139.1), np.float64(24.9), np.float64(-54.6), np.float64(33.2), np.float64(-96.4), np.float64(70.7)]"
2023-01-27,17877.1992,17884.75,17494.1992,17607.9004,390.5508000000009,-32.85160000000178,58,2626.812800000029,0.14867858113071347,Multi_Wave_Oscillating,"[np.float64(-71.4), np.float64(75.2), np.float64(-27.2), np.float64(34.1), np.float64(-114.8), np.float64(68.3)]"
2023-01-30,17541.9492,17708.5,17406.3008,17667.25,302.1991999999991,-65.95119999999952,47,2507.892399999986,0.1204992686289096,Multi_Wave_Oscillating,"[np.float64(-4.2), np.float64(22.9), np.float64(-34.4), np.float64(252.2), np.float64(-20.1), np.float64(30.2)]"
2023-01-31,17731.4492,17735.6992,17539.0,17682.5508,196.6991999999991,64.19919999999911,38,1717.3107999999884,0.11453908052054436,Multi_Wave_Oscillating,"[np.float64(-25.2), np.float64(25.8), np.float64(-102.9), np.float64(52.8), np.float64(-52.0), np.float64(30.1)]"
2023-02-01,17811.5996,17971.5,17353.8008,17605.4004,617.6991999999991,129.04880000000048,66,3795.1503999999804,0.16276013725305913,Multi_Wave_Oscillating,"[np.float64(-30.8), np.float64(37.9), np.float64(-40.5), np.float64(46.2), np.float64(-64.3), np.float64(49.3)]"
2023-02-02,17517.0996,17653.5,17448.0,17604.8496,205.5,-88.30079999999725,63,3160.0568000000058,0.0650304766673813,Multi_Wave_Oscillating,"[np.float64(57.1), np.float64(-126.4), np.float64(46.2), np.float64(-34.5), np.float64(130.4), np.float64(-45.2)]"
2023-02-03,17721.75,17869.8496,17584.3496,17830.8008,285.5,116.90039999999863,46,1931.802800000034,0.14778941204557472,Multi_Wave_Oscillating,"[np.float64(-42.2), np.float64(34.4), np.float64(-59.9), np.float64(42.1), np.float64(-41.5), np.float64(35.6)]"
2023-02-06,17818.5508,17820.75,17698.9004,17762.0,121.84960000000137,-12.25,42,1485.4920000000056,0.0820264262614682,Multi_Wave_Oscillating,"[np.float64(-36.9), np.float64(44.0), np.float64(-48.1), np.float64(23.9), np.float64(-80.2), np.float64(90.7)]"
2023-02-07,17790.0996,17810.8496,17652.5996,17720.4004,158.25,28.099600000001374,24,1000.4999999999964,0.15817091454272922,Multi_Wave_Oscillating,"[np.float64(-10.0), np.float64(23.0), np.float64(-24.8), np.float64(54.3), np.float64(-25.2), np.float64(23.3)]"
2023-02-08,17750.3008,17898.5508,17745.3008,17862.5,153.25,29.900400000002264,15,798.6971999999987,0.19187496838601695,Multi_Wave_Oscillating,"[np.float64(22.5), np.float64(-29.1), np.float64(108.0), np.float64(-31.5), np.float64(56.6), np.float64(-61.6)]"
2023-02-09,17885.5,17915.5508,17780.5,17897.0996,135.0508000000009,23.0,21,800.1524000000136,0.16878134715336554,Multi_Wave_Oscillating,"[np.float64(-8.3), np.float64(31.8), np.float64(-21.9), np.float64(23.2), np.float64(-54.9), np.float64(23.8)]"
2023-02-10,17847.5508,17876.9492,17801.1504,17843.3496,75.79880000000048,-49.54880000000048,15,587.9959999999955,0.1289104007510273,Multi_Wave_Oscillating,"[np.float64(13.1), np.float64(-24.2), np.float64(24.6), np.float64(-43.6), np.float64(37.6), np.float64(-62.9)]"
2023-02-13,17859.0996,17879.8008,17720.25,17764.5508,159.5508000000009,15.75,15,676.1016000000018,0.2359864257087995,Multi_Wave_Oscillating,"[np.float64(19.7), np.float64(-20.3), np.float64(20.6), np.float64(-78.0), np.float64(33.0), np.float64(-98.7)]"
2023-02-14,17840.3496,17954.4492,17800.4492,17921.8496,154.0,75.79880000000048,16,623.6035999999986,0.2469517494767515,Multi_Wave_Oscillating,"[np.float64(-14.0), np.float64(21.2), np.float64(-37.5), np.float64(27.7), np.float64(-22.8), np.float64(23.5)]"
2023-02-15,17896.5996,18033.8008,17853.9004,18023.1992,179.90040000000226,-25.25,13,587.2011999999995,0.30636926491295047,Multi_Wave_Oscillating,"[np.float64(-9.9), np.float64(21.8), np.float64(-45.8), np.float64(85.6), np.float64(-27.3), np.float64(46.8)]"
2023-02-16,18094.75,18134.0,18001.0508,18015.25,132.9491999999991,71.55080000000089,14,627.0995999999977,0.21200651379780755,Multi_Wave_Oscillating,"[np.float64(-27.2), np.float64(53.0), np.float64(-22.0), np.float64(39.6), np.float64(-28.9), np.float64(26.7)]"
2023-02-17,17974.8496,18033.6992,17885.9492,17942.5996,147.75,-40.400399999998626,25,948.5915999999961,0.1557572299817968,Multi_Wave_Oscillating,"[np.float64(-14.1), np.float64(53.3), np.float64(-28.4), np.float64(71.1), np.float64(-31.0), np.float64(39.8)]"
2023-02-20,17965.5508,18003.9492,17818.75,17847.6992,185.1991999999991,22.951199999999517,25,1036.9491999999736,0.17860007028309952,Multi_Wave_Oscillating,"[np.float64(-35.0), np.float64(59.8), np.float64(-75.2), np.float64(84.9), np.float64(-28.1), np.float64(43.5)]"
2023-02-21,17905.8008,17924.4004,17800.5996,17842.0996,123.80079999999725,58.10160000000178,17,812.7051999999821,0.1523317434169241,Multi_Wave_Oscillating,"[np.float64(-25.2), np.float64(38.3), np.float64(-58.6), np.float64(41.2), np.float64(-32.5), np.float64(76.6)]"
2023-02-22,17755.3496,17771.8496,17529.5508,17552.5,242.29880000000048,-86.75,12,577.349600000005,0.4196743186450608,Multi_Wave_Oscillating,"[np.float64(-1.2), np.float64(20.2), np.float64(-36.9), np.float64(25.5), np.float64(-83.6), np.float64(24.2)]"
2023-02-23,17574.6504,17619.4004,17456.6992,17523.8008,162.70119999999952,22.150399999998626,31,1289.252000000004,0.12619813659393123,Multi_Wave_Oscillating,"[np.float64(-27.6), np.float64(26.0), np.float64(-78.3), np.float64(24.4), np.float64(-48.0), np.float64(120.2)]"
2023-02-24,17591.3496,17599.75,17422.5508,17465.4492,177.1991999999991,67.54880000000048,28,1110.2400000000016,0.1596044098573271,Multi_Wave_Oscillating,"[np.float64(-24.9), np.float64(43.7), np.float64(-36.6), np.float64(33.8), np.float64(-82.8), np.float64(51.7)]"
2023-02-27,17428.5996,17450.75,17299.9004,17406.3496,150.84960000000137,-36.849599999997736,31,1309.0588000000134,0.11523515979572485,Multi_Wave_Oscillating,"[np.float64(-44.5), np.float64(91.9), np.float64(-35.8), np.float64(30.9), np.float64(-69.9), np.float64(43.9)]"
2023-02-28,17383.25,17440.1992,17255.9004,17317.1992,184.29880000000048,-23.099600000001374,28,1238.5876000000098,0.1487975497251862,Multi_Wave_Oscillating,"[np.float64(18.8), np.float64(-40.4), np.float64(58.7), np.float64(-47.3), np.float64(60.0), np.float64(-28.0)]"
2023-03-01,17360.0996,17467.5,17345.6504,17457.25,121.84960000000137,42.900400000002264,21,739.6951999999947,0.16472947235564359,Multi_Wave_Oscillating,"[np.float64(39.6), np.float64(-46.4), np.float64(59.0), np.float64(-24.4), np.float64(23.3), np.float64(-36.1)]"
2023-03-02,17421.5,17444.5508,17306.5,17318.6504,138.0508000000009,-35.75,21,725.2540000000081,0.19034820904124533,Multi_Wave_Oscillating,"[np.float64(3.2), np.float64(-80.4), np.float64(29.4), np.float64(-23.5), np.float64(23.4), np.float64(-49.0)]"
2023-03-03,17451.25,17644.6992,17430.5,17592.3008,214.1991999999991,132.59960000000137,12,573.6932000000015,0.3733689017056478,Multi_Wave_Oscillating,"[np.float64(-12.9), np.float64(56.5), np.float64(-33.7), np.float64(24.8), np.float64(-25.0), np.float64(42.2)]"
2023-03-06,17680.3496,17798.3496,17674.4492,17719.8496,123.90040000000226,88.04880000000048,24,778.85160000002,0.15908088267392542,Multi_Wave_Oscillating,"[np.float64(48.6), np.float64(-24.2), np.float64(34.4), np.float64(-27.8), np.float64(39.9), np.float64(-22.1)]"
2023-03-08,17665.75,17766.4004,17603.5508,17751.5,162.84959999999774,-54.099600000001374,21,791.1951999999801,0.20582733565623482,Multi_Wave_Oscillating,"[np.float64(-11.6), np.float64(24.1), np.float64(-35.4), np.float64(36.8), np.float64(-23.4), np.float64(27.2)]"
2023-03-09,17772.0508,17772.0508,17574.6992,17582.8008,197.35160000000178,20.55080000000089,14,597.6055999999917,0.33023719991915157,Multi_Wave_Oscillating,"[np.float64(-14.2), np.float64(28.8), np.float64(-60.2), np.float64(24.0), np.float64(-66.4), np.float64(35.8)]"
2023-03-10,17443.8008,17451.5,17325.75,17418.5996,125.75,-139.0,19,813.0548000000126,0.15466362168945813,Multi_Wave_Oscillating,"[np.float64(-34.2), np.float64(27.2), np.float64(-82.1), np.float64(101.7), np.float64(-37.6), np.float64(32.2)]"
2023-03-13,17421.9004,17529.0508,17114.75,17184.5996,414.3008000000009,3.3007999999972526,44,1879.6971999999987,0.220408265756847,Multi_Wave_Oscillating,"[np.float64(102.6), np.float64(-34.1), np.float64(37.7), np.float64(-77.3), np.float64(28.8), np.float64(-48.3)]"
2023-03-14,17160.5508,17224.0996,16987.5,17068.6504,236.59960000000137,-24.048800000000483,53,2418.9532000000327,0.09781073895931437,Multi_Wave_Oscillating,"[np.float64(-30.0), np.float64(68.1), np.float64(-74.3), np.float64(80.3), np.float64(-34.7), np.float64(65.4)]"
2023-03-15,17166.4492,17210.5996,16940.3496,16973.8496,270.25,97.79880000000048,38,1442.3536000000058,0.18736736955487124,Multi_Wave_Oscillating,"[np.float64(7.5), np.float64(-21.0), np.float64(20.2), np.float64(-59.8), np.float64(48.9), np.float64(-33.4)]"
2023-03-16,16994.6504,17062.1992,16850.4004,17010.4004,211.79880000000048,20.800799999997253,41,1930.80079999999,0.10969479606596474,Multi_Wave_Oscillating,"[np.float64(-22.8), np.float64(26.6), np.float64(-25.7), np.float64(48.3), np.float64(-76.3), np.float64(22.9)]"
2023-03-17,17111.8008,17144.4004,16958.4492,17123.6992,185.95119999999952,101.40040000000226,40,1745.449199999981,0.10653486792970059,Multi_Wave_Oscillating,"[np.float64(20.5), np.float64(-25.6), np.float64(29.7), np.float64(-56.1), np.float64(29.6), np.float64(-32.1)]"
2023-03-20,17066.5996,17066.5996,16830.75,17003.4492,235.84960000000137,-57.099599999997736,39,1550.3396000000103,0.15212770156938507,Multi_Wave_Oscillating,"[np.float64(-25.6), np.float64(26.1), np.float64(-51.3), np.float64(50.7), np.float64(-55.8), np.float64(37.8)]"
2023-03-21,17060.4004,17127.0996,17016.6504,17106.9492,110.44920000000275,56.95119999999952,20,804.7540000000081,0.13724591614332035,Multi_Wave_Oscillating,"[np.float64(-27.2), np.float64(25.6), np.float64(-31.2), np.float64(53.9), np.float64(-49.9), np.float64(22.6)]"
2023-03-22,17177.4492,17207.1504,17108.8008,17142.75,98.34959999999774,70.5,17,694.105599999999,0.14169256090139293,Multi_Wave_Oscillating,"[np.float64(29.1), np.float64(-74.8), np.float64(44.8), np.float64(-23.2), np.float64(26.4), np.float64(-37.5)]"
2023-03-23,17097.4004,17205.0508,17046.0996,17068.4492,158.95119999999952,-45.349600000001374,19,816.6544000000104,0.1946370459768508,Multi_Wave_Oscillating,"[np.float64(-18.8), np.float64(21.2), np.float64(-34.0), np.float64(46.5), np.float64(-25.9), np.float64(63.4)]"
2023-03-24,17076.1992,17108.5508,16918.5,16932.5996,190.0508000000009,7.75,33,1412.6992000000064,0.1345302665988627,Multi_Wave_Oscillating,"[np.float64(21.9), np.float64(-113.2), np.float64(38.5), np.float64(-21.8), np.float64(40.2), np.float64(-26.0)]"
2023-03-27,16984.3008,17090.75,16919.4004,16963.4492,171.34960000000137,51.70119999999952,24,1107.7560000000012,0.15468171691238972,Multi_Wave_Oscillating,"[np.float64(2.3), np.float64(-70.9), np.float64(98.0), np.float64(-20.3), np.float64(27.5), np.float64(-29.3)]"
2023-03-28,17031.75,17061.5,16913.8008,16956.8496,147.6991999999991,68.30080000000089,26,936.9124000000011,0.15764462077777916,Multi_Wave_Oscillating,"[np.float64(6.4), np.float64(-23.1), np.float64(40.3), np.float64(-49.8), np.float64(20.1), np.float64(-31.1)]"
2023-03-29,16977.3008,17125.9004,16941.1504,17115.5508,184.75,20.451199999999517,14,761.7479999999996,0.24253427642737507,Multi_Wave_Oscillating,"[np.float64(18.1), np.float64(-41.5), np.float64(51.8), np.float64(-26.7), np.float64(42.6), np.float64(-80.2)]"
2023-03-31,17210.3496,17381.3008,17204.6504,17356.8496,176.65040000000226,94.79880000000048,16,626.0488000000187,0.2821671409640862,Multi_Wave_Oscillating,"[np.float64(44.0), np.float64(-21.1), np.float64(23.4), np.float64(-25.2), np.float64(35.8), np.float64(-29.2)]"
2023-04-03,17427.9492,17428.0508,17312.9004,17399.6992,115.15040000000226,71.09959999999774,15,609.5976000000046,0.18889575680744378,Multi_Wave_Oscillating,"[np.float64(-29.8), np.float64(25.4), np.float64(-55.5), np.float64(28.6), np.float64(-33.8), np.float64(53.8)]"
2023-04-05,17422.3008,17570.0,17411.4004,17561.0,158.59960000000137,22.60160000000178,11,430.0020000000077,0.3688345635601661,Multi_Wave_Oscillating,"[np.float64(-10.2), np.float64(46.5), np.float64(-20.5), np.float64(76.4), np.float64(-35.7), np.float64(37.4)]"
2023-04-06,17533.8496,17637.6992,17503.5996,17602.0,134.09959999999774,-27.150399999998626,20,747.6464000000014,0.179362329571837,Multi_Wave_Oscillating,"[np.float64(-14.6), np.float64(31.7), np.float64(-40.3), np.float64(97.0), np.float64(-26.7), np.float64(26.1)]"
2023-04-10,17634.9004,17693.3008,17598.25,17613.0508,95.05080000000089,32.900399999998626,14,579.8496000000123,0.16392319663581534,Multi_Wave_Oscillating,"[np.float64(-6.2), np.float64(28.0), np.float64(-33.4), np.float64(25.3), np.float64(-34.2), np.float64(51.5)]"
2023-04-11,17704.8008,17748.5996,17655.3008,17717.0508,93.29880000000048,91.75,12,466.1443999999974,0.20014999643887388,Multi_Wave_Oscillating,"[np.float64(-16.7), np.float64(79.6), np.float64(-43.2), np.float64(23.0), np.float64(-52.1), np.float64(20.5)]"
2023-04-12,17759.5508,17824.3008,17717.8008,17817.9004,106.5,42.5,5,313.5040000000008,0.339708584260487,Multi_Wave_Oscillating,"[np.float64(-15.0), np.float64(61.6), np.float64(-44.2), np.float64(83.9), np.float64(-51.8)]"
2023-04-13,17807.3008,17841.5,17729.6992,17828.1504,111.80080000000089,-10.599599999997736,15,590.8944000000047,0.189206057799837,Multi_Wave_Oscillating,"[np.float64(-20.6), np.float64(55.8), np.float64(-31.3), np.float64(21.0), np.float64(-33.3), np.float64(22.1)]"
2023-04-17,17863.0,17863.0,17574.3496,17704.0996,288.6503999999986,34.849600000001374,15,700.497999999996,0.4120645597846108,Multi_Wave_Oscillating,"[np.float64(-38.4), np.float64(25.7), np.float64(-68.2), np.float64(31.2), np.float64(-77.6), np.float64(74.7)]"
2023-04-18,17766.5996,17766.5996,17610.75,17661.5508,155.84960000000137,62.5,18,701.742000000002,0.22208959988143923,Multi_Wave_Oscillating,"[np.float64(-14.0), np.float64(29.7), np.float64(-36.3), np.float64(35.0), np.float64(-84.1), np.float64(20.3)]"
2023-04-19,17653.3496,17665.5996,17580.0,17610.1992,85.59960000000137,-8.201199999999517,14,508.349600000005,0.16838726734515091,Multi_Wave_Oscillating,"[np.float64(-2.9), np.float64(23.3), np.float64(-44.8), np.float64(45.8), np.float64(-42.5), np.float64(36.2)]"
2023-04-20,17638.5996,17683.75,17584.5,17623.9004,99.25,28.400400000002264,13,474.90840000000026,0.20898767004331772,Multi_Wave_Oscillating,"[np.float64(-3.8), np.float64(68.6), np.float64(-61.1), np.float64(20.2), np.float64(-52.6), np.float64(27.0)]"
2023-04-21,17639.75,17662.5,17554.0996,17618.9004,108.40039999999863,15.849600000001374,13,475.50199999999677,0.2279704396616615,Multi_Wave_Oscillating,"[np.float64(8.5), np.float64(-26.2), np.float64(28.3), np.float64(-41.8), np.float64(27.9), np.float64(-59.2)]"
2023-04-24,17707.5508,17754.25,17612.6992,17748.0,141.5508000000009,88.65040000000226,11,450.6484000000055,0.314104743298765,Multi_Wave_Oscillating,"[np.float64(-17.9), np.float64(22.4), np.float64(-20.9), np.float64(21.9), np.float64(-51.3), np.float64(31.7)]"
2023-04-25,17761.5508,17807.25,17717.3008,17760.3496,89.94919999999911,13.55080000000089,6,319.84959999999774,0.2812234250097538,Multi_Wave_Oscillating,"[np.float64(-18.9), np.float64(74.6), np.float64(-43.0), np.float64(40.4), np.float64(-36.0), np.float64(53.9)]"
2023-04-26,17767.3008,17826.8008,17711.9492,17818.1992,114.85160000000178,6.951199999999517,9,397.6544000000031,0.2888226560551094,Multi_Wave_Oscillating,"[np.float64(-11.7), np.float64(20.9), np.float64(-62.0), np.float64(62.0), np.float64(-22.0), np.float64(57.7)]"
2023-04-27,17813.0996,17931.25,17798.1992,17923.1992,133.0508000000009,-5.099599999997736,11,385.20520000000397,0.3454023985138298,Multi_Wave_Oscillating,"[np.float64(-4.7), np.float64(32.8), np.float64(-23.6), np.float64(38.6), np.float64(-21.4), np.float64(24.6)]"
2023-04-28,17950.4004,18088.8008,17885.8008,18049.5508,203.0,27.201199999999517,8,458.45320000000356,0.4427932883879934,Multi_Wave_Oscillating,"[np.float64(-48.9), np.float64(27.5), np.float64(-37.3), np.float64(103.5), np.float64(-26.4), np.float64(41.6)]"
2023-05-02,18124.80078,18179.80078,18106.19922,18134.75,73.60156000000279,75.2499800000005,15,507.10545999999886,0.1451405394057539,Multi_Wave_Oscillating,"[np.float64(6.7), np.float64(-35.0), np.float64(60.5), np.float64(-24.1), np.float64(33.8), np.float64(-36.7)]"
2023-05-03,18113.80078,18116.25,18043.34961,18082.30078,72.90038999999888,-20.949219999998604,12,477.74805000000197,0.1525917060257987,Multi_Wave_Oscillating,"[np.float64(-30.5), np.float64(65.4), np.float64(-52.8), np.float64(20.8), np.float64(-22.9), np.float64(33.6)]"
2023-05-04,18081.0,18267.09961,18071.25,18241.40039,195.84961000000112,-1.3007800000013958,7,347.2011700000039,0.5640810772613437,Multi_Wave_Oscillating,"[np.float64(29.1), np.float64(-22.1), np.float64(100.2), np.float64(-23.5), np.float64(25.7), np.float64(-21.9)]"
2023-05-05,18117.30078,18216.94922,18055.69922,18067.75,161.25,-124.09960999999748,21,905.6601399999927,0.17804692166313216,Multi_Wave_Oscillating,"[np.float64(23.3), np.float64(-32.6), np.float64(72.1), np.float64(-74.9), np.float64(23.5), np.float64(-52.4)]"
2023-05-08,18120.59961,18286.69922,18102.40039,18271.80078,184.29882999999973,52.84961000000112,12,476.4433699999863,0.3868221106739402,Multi_Wave_Oscillating,"[np.float64(54.4), np.float64(-22.3), np.float64(48.4), np.float64(-27.7), np.float64(61.4), np.float64(-32.7)]"
2023-05-09,18303.40039,18343.90039,18230.44922,18259.30078,113.45117000000027,31.599609999997483,11,465.30662999999913,0.2438202309732842,Multi_Wave_Oscillating,"[np.float64(10.2), np.float64(-40.5), np.float64(66.3), np.float64(-28.1), np.float64(21.9), np.float64(-107.3)]"
2023-05-10,18313.59961,18326.30078,18212.40039,18311.75,113.90039000000252,54.298829999999725,13,601.054680000012,0.1895008786887746,Multi_Wave_Oscillating,"[np.float64(-2.6), np.float64(29.6), np.float64(-88.9), np.float64(20.9), np.float64(-41.9), np.float64(60.4)]"
2023-05-11,18357.80078,18389.69922,18270.80078,18306.55078,118.89843999999721,46.050780000001396,15,577.6953199999989,0.20581513452454042,Multi_Wave_Oscillating,"[np.float64(-41.6), np.float64(27.4), np.float64(-37.1), np.float64(28.5), np.float64(-27.8), np.float64(59.2)]"
2023-05-12,18273.75,18342.0,18194.84961,18311.25,147.15038999999888,-32.800780000001396,14,518.1503899999952,0.2839916611854721,Multi_Wave_Oscillating,"[np.float64(-0.9), np.float64(21.7), np.float64(-43.0), np.float64(23.4), np.float64(-47.2), np.float64(22.3)]"
2023-05-15,18339.3,18458.25,18291.5,18386.1,166.75,28.049999999999272,10,479.34999999999854,0.3478669030979462,Multi_Wave_Oscillating,"[np.float64(-34.2), np.float64(71.3), np.float64(-28.8), np.float64(27.5), np.float64(-25.2), np.float64(20.6)]"
2023-05-16,18432.35,18432.35,18265.05,18273.15,167.29999999999927,46.25,12,506.14999999999054,0.330534426553398,Multi_Wave_Oscillating,"[np.float64(-30.5), np.float64(27.1), np.float64(-33.8), np.float64(52.5), np.float64(-49.2), np.float64(29.9)]"
2023-05-17,18300.45,18307.55,18115.7,18196.1,191.84999999999854,27.299999999999272,19,690.3499999999985,0.2779025132179314,Multi_Wave_Oscillating,"[np.float64(-6.8), np.float64(25.9), np.float64(-28.2), np.float64(26.0), np.float64(-28.2), np.float64(20.6)]"
2023-05-18,18287.5,18296.45,18105.4,18134.5,191.04999999999927,91.40000000000146,30,1021.0500000000247,0.18711130698789935,Multi_Wave_Oscillating,"[np.float64(-16.6), np.float64(22.0), np.float64(-25.7), np.float64(39.1), np.float64(-57.9), np.float64(26.4)]"
2023-05-19,18186.15,18217.7,18060.85,18206.5,156.85000000000218,51.650000000001455,21,876.7500000000109,0.1788993441688055,Multi_Wave_Oscillating,"[np.float64(-37.6), np.float64(26.8), np.float64(-59.8), np.float64(30.2), np.float64(-61.2), np.float64(34.7)]"
2023-05-22,18201.1,18334.8,18179.55,18303.95,155.25,-5.400000000001455,18,747.1499999999796,0.20778960048183662,Multi_Wave_Oscillating,"[np.float64(-4.5), np.float64(65.5), np.float64(-23.4), np.float64(72.4), np.float64(-63.0), np.float64(77.9)]"
2023-05-23,18362.9,18419.65,18324.45,18333.75,95.20000000000073,58.95000000000073,11,367.8999999999978,0.25876596901332233,Multi_Wave_Oscillating,"[np.float64(3.8), np.float64(-21.5), np.float64(47.1), np.float64(-27.5), np.float64(32.5), np.float64(-23.0)]"
2023-05-24,18294.8,18392.5,18263.9,18288.6,128.59999999999854,-38.95000000000073,11,546.299999999992,0.23540179388614393,Multi_Wave_Oscillating,"[np.float64(-10.8), np.float64(33.7), np.float64(-37.8), np.float64(108.2), np.float64(-30.2), np.float64(44.1)]"
2023-05-25,18268.9,18337.35,18202.8,18337.35,134.54999999999927,-19.69999999999709,11,580.8000000000065,0.231663223140492,Multi_Wave_Oscillating,"[np.float64(-5.8), np.float64(37.5), np.float64(-62.8), np.float64(67.0), np.float64(-61.0), np.float64(20.8)]"
2023-05-26,18368.35,18508.35,18333.25,18494.75,175.09999999999854,31.0,9,360.3999999999978,0.4858490566037725,Multi_Wave_Oscillating,"[np.float64(-16.7), np.float64(35.3), np.float64(-21.1), np.float64(95.8), np.float64(-21.2), np.float64(27.5)]"
2023-05-29,18619.15,18640.8,18581.75,18591.0,59.04999999999927,124.40000000000146,15,514.0999999999913,0.11486092199961151,Multi_Wave_Oscillating,"[np.float64(13.5), np.float64(-32.1), np.float64(26.6), np.float64(-24.2), np.float64(29.3), np.float64(-34.4)]"
2023-05-30,18606.65,18661.8,18577.55,18640.05,84.25,15.650000000001455,13,509.2000000000007,0.165455616653574,Multi_Wave_Oscillating,"[np.float64(-5.4), np.float64(71.5), np.float64(-29.5), np.float64(42.2), np.float64(-70.5), np.float64(29.5)]"
2023-05-31,18594.2,18602.4,18484.05,18523.5,118.35000000000218,-45.849999999998545,13,583.2500000000036,0.20291470210030252,Multi_Wave_Oscillating,"[np.float64(4.3), np.float64(-58.7), np.float64(32.4), np.float64(-43.3), np.float64(26.0), np.float64(-74.8)]"
2023-06-01,18579.4,18580.05,18465.2,18485.9,114.84999999999854,55.900000000001455,15,554.8999999999942,0.20697422959091683,Multi_Wave_Oscillating,"[np.float64(-2.0), np.float64(34.5), np.float64(-48.6), np.float64(64.3), np.float64(-29.2), np.float64(30.1)]"
2023-06-02,18550.85,18573.25,18478.5,18523.9,94.75,64.94999999999709,8,444.6499999999942,0.2130889463623102,Multi_Wave_Oscillating,"[np.float64(-7.3), np.float64(31.8), np.float64(-94.8), np.float64(59.2), np.float64(-22.5), np.float64(52.3)]"
2023-06-05,18612.0,18639.4,18583.3,18598.5,56.10000000000218,88.09999999999854,7,265.7000000000007,0.2111403838916147,Multi_Wave_Oscillating,"[np.float64(8.4), np.float64(-51.8), np.float64(47.0), np.float64(-21.0), np.float64(30.2), np.float64(-36.5)]"
2023-06-06,18600.8,18622.05,18531.95,18618.3,90.09999999999854,2.2999999999992724,7,302.5999999999949,0.2977528089887643,Multi_Wave_Oscillating,"[np.float64(-3.9), np.float64(21.0), np.float64(-20.7), np.float64(33.6), np.float64(-85.8), np.float64(34.8)]"
2023-06-07,18665.6,18738.75,18636.5,18730.6,102.25,47.29999999999927,8,287.95000000001164,0.35509637089771096,Multi_Wave_Oscillating,"[np.float64(4.0), np.float64(-38.4), np.float64(29.4), np.float64(-29.9), np.float64(31.5), np.float64(-20.7)]"
2023-06-08,18725.35,18777.8,18615.95,18647.55,161.84999999999854,-5.25,8,411.8500000000022,0.3929828821172701,Multi_Wave_Oscillating,"[np.float64(5.5), np.float64(-20.8), np.float64(46.5), np.float64(-92.5), np.float64(23.7), np.float64(-32.3)]"
2023-06-09,18655.9,18676.25,18555.7,18568.4,120.54999999999927,8.350000000002183,9,445.4499999999971,0.27062521046133137,Multi_Wave_Oscillating,"[np.float64(7.7), np.float64(-66.5), np.float64(55.5), np.float64(-47.3), np.float64(21.3), np.float64(-38.8)]"
2023-06-12,18595.05,18633.6,18560.8,18615.3,72.79999999999927,26.649999999997817,12,488.4500000000007,0.14904289077694577,Multi_Wave_Oscillating,"[np.float64(28.0), np.float64(-72.8), np.float64(46.9), np.float64(-38.9), np.float64(43.3), np.float64(-22.0)]"
2023-06-13,18631.8,18727.75,18631.8,18720.3,95.95000000000073,16.5,2,130.54999999999927,0.7349674454232191,Range_Bound,"[np.float64(51.2), np.float64(-35.0)]"
2023-06-14,18744.6,18769.5,18690.6,18747.85,78.90000000000146,24.299999999999272,6,235.25000000000364,0.33538788522848134,Multi_Wave_Oscillating,"[np.float64(-46.0), np.float64(26.8), np.float64(-20.9), np.float64(44.8), np.float64(-22.1), np.float64(50.2)]"
2023-06-15,18774.45,18793.9,18669.2,18680.85,124.70000000000073,26.600000000002183,12,505.59999999999127,0.2466376582278538,Multi_Wave_Oscillating,"[np.float64(-14.1), np.float64(27.2), np.float64(-21.2), np.float64(65.6), np.float64(-83.2), np.float64(35.7)]"
2023-06-16,18723.3,18863.95,18712.7,18820.7,151.25,42.45000000000073,8,400.8500000000022,0.37732318822501976,Multi_Wave_Oscillating,"[np.float64(41.2), np.float64(-29.0), np.float64(39.1), np.float64(-37.5), np.float64(30.2), np.float64(-30.6)]"
2023-06-19,18873.3,18881.45,18719.3,18755.25,162.15000000000146,52.599999999998545,10,473.00000000000364,0.34281183932346765,Multi_Wave_Oscillating,"[np.float64(-18.2), np.float64(31.3), np.float64(-116.8), np.float64(34.2), np.float64(-21.9), np.float64(22.0)]"
2023-06-20,18752.35,18838.35,18661.15,18832.65,177.1999999999971,-2.900000000001455,9,499.9999999999927,0.3543999999999993,Multi_Wave_Oscillating,"[np.float64(-78.3), np.float64(42.9), np.float64(-51.2), np.float64(70.1), np.float64(-23.5), np.float64(55.6)]"
2023-06-21,18849.4,18875.65,18794.9,18858.65,80.75,16.75,7,373.4499999999971,0.2162270718971767,Multi_Wave_Oscillating,"[np.float64(-24.5), np.float64(55.1), np.float64(-23.9), np.float64(35.3), np.float64(-80.8), np.float64(73.4)]"
2023-06-22,18853.6,18886.05,18760.6,18778.6,125.45000000000073,-5.05000000000291,14,678.2000000000044,0.18497493364789136,Multi_Wave_Oscillating,"[np.float64(-11.2), np.float64(22.6), np.float64(-20.4), np.float64(46.0), np.float64(-36.1), np.float64(40.6)]"
2023-06-23,18741.85,18751.2,18647.45,18668.95,103.75,-36.75,16,687.2000000000044,0.1509749708963902,Multi_Wave_Oscillating,"[np.float64(-50.8), np.float64(27.8), np.float64(-51.8), np.float64(59.6), np.float64(-22.8), np.float64(44.9)]"
2023-06-26,18682.35,18721.75,18647.65,18692.45,74.09999999999854,13.399999999997817,15,554.299999999992,0.13368212159480355,Multi_Wave_Oscillating,"[np.float64(-14.2), np.float64(26.9), np.float64(-27.2), np.float64(63.8), np.float64(-63.7), np.float64(24.0)]"
2023-06-27,18748.55,18829.15,18714.5,18819.45,114.65000000000146,56.099999999998545,6,281.20000000000437,0.4077169274537684,Multi_Wave_Oscillating,"[np.float64(11.7), np.float64(-48.5), np.float64(37.8), np.float64(-23.0), np.float64(71.2), np.float64(-30.2)]"
2023-06-28,18908.15,19010.4,18861.45,18992.55,148.95000000000073,88.70000000000073,9,450.150000000016,0.3308897034321791,Multi_Wave_Oscillating,"[np.float64(-8.4), np.float64(29.5), np.float64(-22.6), np.float64(112.8), np.float64(-27.8), np.float64(57.1)]"
2023-06-30,19076.85,19201.1,19028.15,19185.55,172.9499999999971,84.29999999999927,9,393.39999999999054,0.43962887646161986,Multi_Wave_Oscillating,"[np.float64(-26.1), np.float64(79.3), np.float64(-32.0), np.float64(22.8), np.float64(-22.8), np.float64(45.2)]"
2023-07-03,19246.5,19344.6,19239.75,19329.8,104.84999999999854,60.95000000000073,14,600.0999999999985,0.17472087985335577,Multi_Wave_Oscillating,"[np.float64(56.7), np.float64(-28.3), np.float64(41.3), np.float64(-31.3), np.float64(36.7), np.float64(-82.1)]"
2023-07-04,19406.6,19433.55,19300.25,19387.35,133.29999999999927,76.79999999999927,14,634.7499999999854,0.21000393855849125,Multi_Wave_Oscillating,"[np.float64(-21.5), np.float64(37.8), np.float64(-70.2), np.float64(20.4), np.float64(-62.3), np.float64(37.5)]"
2023-07-05,19405.95,19421.25,19340.55,19415.85,80.70000000000073,18.600000000002183,15,623.2000000000007,0.1294929396662398,Multi_Wave_Oscillating,"[np.float64(-13.1), np.float64(49.5), np.float64(-28.5), np.float64(50.8), np.float64(-53.9), np.float64(30.8)]"
2023-07-06,19385.7,19511.95,19374.9,19485.4,137.04999999999927,-30.149999999997817,15,586.0000000000036,0.23387372013651608,Multi_Wave_Oscillating,"[np.float64(36.3), np.float64(-39.0), np.float64(79.3), np.float64(-30.5), np.float64(33.5), np.float64(-20.9)]"
2023-07-07,19422.8,19523.45,19304.95,19325.45,218.5,-62.60000000000218,18,813.4999999999927,0.26859250153657277,Multi_Wave_Oscillating,"[np.float64(77.8), np.float64(-117.0), np.float64(34.3), np.float64(-60.2), np.float64(20.7), np.float64(-38.7)]"
2023-07-10,19400.35,19435.75,19327.4,19368.1,108.34999999999854,74.89999999999782,27,1039.950000000019,0.1041877013317915,Multi_Wave_Oscillating,"[np.float64(-27.6), np.float64(42.5), np.float64(-46.8), np.float64(39.0), np.float64(-51.2), np.float64(67.4)]"
2023-07-11,19427.1,19513.95,19408.8,19448.2,105.15000000000146,59.0,13,483.3499999999949,0.21754422261301865,Multi_Wave_Oscillating,"[np.float64(-11.8), np.float64(78.9), np.float64(-24.7), np.float64(51.0), np.float64(-39.9), np.float64(24.5)]"
2023-07-12,19497.45,19507.7,19362.65,19384.75,145.04999999999927,49.25,15,668.0000000000073,0.2171407185628708,Multi_Wave_Oscillating,"[np.float64(-54.8), np.float64(35.9), np.float64(-21.9), np.float64(35.1), np.float64(-60.4), np.float64(55.7)]"
2023-07-13,19495.2,19566.45,19386.6,19441.55,179.85000000000218,110.45000000000073,19,802.0499999999993,0.22423789040583797,Multi_Wave_Oscillating,"[np.float64(-19.2), np.float64(43.9), np.float64(-22.7), np.float64(93.2), np.float64(-22.5), np.float64(23.0)]"
2023-07-14,19493.45,19594.55,19434.15,19590.1,160.39999999999782,51.900000000001455,20,834.5500000000029,0.19219938889221408,Multi_Wave_Oscillating,"[np.float64(13.9), np.float64(-67.9), np.float64(38.2), np.float64(-35.1), np.float64(23.8), np.float64(-44.3)]"
2023-07-17,19612.15,19731.55,19563.7,19721.15,167.84999999999854,22.05000000000291,25,848.2999999999993,0.19786632087704667,Multi_Wave_Oscillating,"[np.float64(-22.8), np.float64(30.4), np.float64(-38.1), np.float64(27.5), np.float64(-21.0), np.float64(44.5)]"
2023-07-18,19787.5,19817.75,19690.25,19751.65,127.5,66.34999999999854,36,1342.5,0.09497206703910614,Multi_Wave_Oscillating,"[np.float64(21.2), np.float64(-39.8), np.float64(28.2), np.float64(-57.6), np.float64(25.2), np.float64(-24.5)]"
2023-07-19,19802.95,19849.2,19727.55,19846.15,121.65000000000146,51.29999999999927,22,854.6500000000051,0.1423389691686664,Multi_Wave_Oscillating,"[np.float64(17.4), np.float64(-40.8), np.float64(40.8), np.float64(-31.8), np.float64(44.2), np.float64(-25.9)]"
2023-07-20,19831.7,19990.8,19758.45,19969.55,232.34999999999854,-14.450000000000728,19,902.7499999999818,0.25738022708391384,Multi_Wave_Oscillating,"[np.float64(6.7), np.float64(-56.6), np.float64(33.5), np.float64(-20.5), np.float64(39.9), np.float64(-77.8)]"
2023-07-21,19800.45,19886.35,19700.1,19779.85,186.25,-169.09999999999854,36,1422.949999999979,0.13089005235602288,Multi_Wave_Oscillating,"[np.float64(3.0), np.float64(-31.8), np.float64(94.1), np.float64(-45.9), np.float64(21.9), np.float64(-52.5)]"
2023-07-24,19748.45,19782.15,19659.6,19666.45,122.55000000000291,-31.399999999997817,20,965.200000000008,0.12696850393700984,Multi_Wave_Oscillating,"[np.float64(-24.2), np.float64(37.2), np.float64(-37.5), np.float64(39.7), np.float64(-34.4), np.float64(71.6)]"
2023-07-25,19729.35,19729.35,19616.65,19675.7,112.69999999999709,62.89999999999782,20,761.7500000000073,0.1479488021004214,Multi_Wave_Oscillating,"[np.float64(-14.2), np.float64(21.0), np.float64(-35.8), np.float64(29.9), np.float64(-40.7), np.float64(27.8)]"
2023-07-26,19733.35,19825.1,19716.75,19773.9,108.34999999999854,57.64999999999782,11,481.549999999992,0.22500259578444678,Multi_Wave_Oscillating,"[np.float64(-14.0), np.float64(108.3), np.float64(-36.8), np.float64(30.8), np.float64(-41.1), np.float64(33.4)]"
2023-07-27,19850.9,19867.5,19603.85,19699.0,263.65000000000146,77.0,27,1052.5500000000284,0.25048691273573165,Multi_Wave_Oscillating,"[np.float64(-10.2), np.float64(38.6), np.float64(-24.0), np.float64(27.8), np.float64(-46.0), np.float64(20.9)]"
2023-07-28,19659.75,19692.05,19563.6,19636.2,128.45000000000073,-39.25,32,1114.700000000008,0.11523279806225872,Multi_Wave_Oscillating,"[np.float64(-16.0), np.float64(21.0), np.float64(-40.2), np.float64(20.9), np.float64(-21.5), np.float64(39.2)]"
2023-07-31,19666.35,19772.25,19599.15,19740.9,173.09999999999854,30.149999999997817,16,604.9000000000087,0.286163002149109,Multi_Wave_Oscillating,"[np.float64(-21.8), np.float64(120.5), np.float64(-31.7), np.float64(23.4), np.float64(-37.2), np.float64(45.4)]"
2023-08-01,19784.0,19793.7,19704.85,19737.3,88.85000000000218,43.099999999998545,17,591.8500000000022,0.15012249725437501,Multi_Wave_Oscillating,"[np.float64(-12.9), np.float64(29.8), np.float64(-25.0), np.float64(33.8), np.float64(-74.4), np.float64(31.9)]"
2023-08-02,19655.4,19678.25,19424.7,19514.45,253.54999999999927,-81.89999999999782,14,710.150000000016,0.3570372456523179,Multi_Wave_Oscillating,"[np.float64(-7.0), np.float64(21.8), np.float64(-45.5), np.float64(23.0), np.float64(-114.1), np.float64(33.4)]"
2023-08-03,19463.75,19536.8,19297.85,19391.5,238.95000000000073,-50.70000000000073,30,1268.600000000013,0.1883572442062102,Multi_Wave_Oscillating,"[np.float64(-9.3), np.float64(87.8), np.float64(-26.2), np.float64(35.9), np.float64(-57.6), np.float64(29.3)]"
2023-08-04,19462.8,19538.45,19436.45,19509.5,102.0,71.29999999999927,25,1033.700000000008,0.09867466382896316,Multi_Wave_Oscillating,"[np.float64(21.6), np.float64(-24.2), np.float64(29.2), np.float64(-61.6), np.float64(54.5), np.float64(-51.2)]"
2023-08-07,19576.85,19619.85,19525.55,19598.35,94.29999999999927,67.34999999999854,19,684.0000000000182,0.13786549707601867,Multi_Wave_Oscillating,"[np.float64(-19.8), np.float64(41.4), np.float64(-56.9), np.float64(42.9), np.float64(-28.4), np.float64(45.9)]"
2023-08-08,19627.2,19634.4,19533.45,19570.3,100.95000000000073,28.850000000002183,7,341.20000000000437,0.29586752637748953,Multi_Wave_Oscillating,"[np.float64(-41.9), np.float64(34.2), np.float64(-77.4), np.float64(54.5), np.float64(-21.7), np.float64(30.9)]"
2023-08-09,19578.8,19645.2,19468.25,19632.1,176.95000000000073,8.5,8,416.30000000000655,0.4250540475618495,Multi_Wave_Oscillating,"[np.float64(-49.5), np.float64(20.2), np.float64(-47.6), np.float64(27.8), np.float64(-28.8), np.float64(42.7)]"
2023-08-10,19605.55,19621.95,19496.3,19551.45,125.65000000000146,-26.549999999999272,26,1062.6000000000095,0.11824769433465117,Multi_Wave_Oscillating,"[np.float64(9.5), np.float64(-47.2), np.float64(34.6), np.float64(-27.6), np.float64(30.2), np.float64(-34.5)]"
2023-08-11,19554.25,19557.6,19413.8,19423.2,143.79999999999927,2.7999999999992724,16,575.450000000008,0.24989138934746247,Multi_Wave_Oscillating,"[np.float64(-61.9), np.float64(25.7), np.float64(-37.0), np.float64(30.5), np.float64(-37.2), np.float64(27.2)]"
2023-08-14,19383.95,19465.3,19258.2,19413.2,207.09999999999854,-39.25,14,646.3999999999869,0.32038985148515275,Multi_Wave_Oscillating,"[np.float64(-58.3), np.float64(20.8), np.float64(-32.3), np.float64(60.4), np.float64(-22.5), np.float64(28.0)]"
2023-08-16,19369.0,19482.1,19319.25,19446.95,162.84999999999854,-44.20000000000073,12,504.04999999998836,0.3230830274774374,Multi_Wave_Oscillating,"[np.float64(-5.8), np.float64(50.5), np.float64(-22.6), np.float64(20.1), np.float64(-26.5), np.float64(67.0)]"
2023-08-17,19450.55,19461.55,19326.65,19345.6,134.89999999999782,3.599999999998545,18,616.4000000000015,0.21885139519791938,Multi_Wave_Oscillating,"[np.float64(-15.8), np.float64(30.3), np.float64(-66.7), np.float64(21.1), np.float64(-32.4), np.float64(28.5)]"
2023-08-18,19301.75,19373.45,19253.6,19282.35,119.85000000000218,-43.849999999998545,12,614.8000000000138,0.19494144437215272,Multi_Wave_Oscillating,"[np.float64(-17.8), np.float64(36.2), np.float64(-22.7), np.float64(36.7), np.float64(-71.1), np.float64(28.4)]"
2023-08-21,19320.65,19425.4,19296.55,19379.5,128.85000000000218,38.30000000000291,9,443.2500000000109,0.29069373942470167,Multi_Wave_Oscillating,"[np.float64(40.6), np.float64(-71.0), np.float64(83.1), np.float64(-22.2), np.float64(54.4), np.float64(-24.7)]"
2023-08-22,19417.1,19443.05,19382.2,19389.5,60.849999999998545,37.599999999998545,8,351.1000000000022,0.17331244659640604,Multi_Wave_Oscillating,"[np.float64(-19.3), np.float64(53.0), np.float64(-60.8), np.float64(58.2), np.float64(-58.2), np.float64(30.3)]"
2023-08-23,19439.2,19471.45,19366.85,19439.9,104.60000000000218,49.70000000000073,8,333.70000000000437,0.3134551992807936,Multi_Wave_Oscillating,"[np.float64(-20.6), np.float64(27.8), np.float64(-48.1), np.float64(24.3), np.float64(-20.8), np.float64(90.7)]"
2023-08-24,19535.15,19584.0,19369.35,19380.1,214.65000000000146,95.25,16,684.8999999999905,0.3134034165571681,Multi_Wave_Oscillating,"[np.float64(-6.9), np.float64(73.8), np.float64(-119.5), np.float64(24.8), np.float64(-51.8), np.float64(32.8)]"
2023-08-25,19297.4,19338.85,19230.65,19243.0,108.19999999999709,-82.69999999999709,26,1045.850000000013,0.10345651862121312,Multi_Wave_Oscillating,"[np.float64(-7.5), np.float64(70.0), np.float64(-29.5), np.float64(29.0), np.float64(-45.5), np.float64(52.2)]"
2023-08-28,19298.35,19366.8,19250.25,19300.5,116.54999999999927,55.349999999998545,11,502.75,0.23182496270512037,Multi_Wave_Oscillating,"[np.float64(2.4), np.float64(-68.9), np.float64(20.6), np.float64(-28.2), np.float64(64.4), np.float64(-41.8)]"
2023-08-29,19374.85,19377.9,19309.95,19349.65,67.95000000000073,74.34999999999854,13,443.1499999999942,0.15333408552409256,Multi_Wave_Oscillating,"[np.float64(-36.9), np.float64(35.5), np.float64(-42.2), np.float64(30.0), np.float64(-21.8), np.float64(21.1)]"
2023-08-30,19433.45,19451.95,19334.85,19341.4,117.10000000000218,83.79999999999927,4,212.14999999999782,0.5519679472071807,Multi_Wave_Oscillating,"[np.float64(-10.5), np.float64(27.4), np.float64(-22.6), np.float64(34.5)]"
2023-08-31,19375.55,19388.0,19224.6,19284.65,163.40000000000146,34.14999999999782,17,836.6999999999862,0.19529102426198655,Multi_Wave_Oscillating,"[np.float64(-15.8), np.float64(35.8), np.float64(-64.3), np.float64(69.6), np.float64(-52.7), np.float64(25.2)]"
2023-09-01,19258.15,19458.5,19255.7,19422.95,202.79999999999927,-26.5,13,568.8499999999985,0.35650874571503877,Multi_Wave_Oscillating,"[np.float64(64.2), np.float64(-44.8), np.float64(50.5), np.float64(-21.7), np.float64(20.1), np.float64(-31.4)]"
2023-09-04,19525.05,19543.75,19433.15,19537.45,110.59999999999854,102.09999999999854,17,689.6499999999942,0.16037120278402012,Multi_Wave_Oscillating,"[np.float64(-69.6), np.float64(85.5), np.float64(-56.2), np.float64(31.2), np.float64(-52.3), np.float64(22.8)]"
2023-09-05,19564.65,19586.9,19526.7,19577.85,60.20000000000073,27.200000000000728,13,443.8499999999949,0.1356314070068749,Multi_Wave_Oscillating,"[np.float64(-16.2), np.float64(28.0), np.float64(-23.8), np.float64(50.6), np.float64(-33.2), np.float64(23.8)]"
2023-09-06,19581.2,19636.05,19491.8,19617.2,144.25,3.350000000002183,10,511.24999999999636,0.2821515892420558,Multi_Wave_Oscillating,"[np.float64(-10.8), np.float64(29.8), np.float64(-35.7), np.float64(40.8), np.float64(-46.7), np.float64(31.8)]"
2023-09-07,19598.65,19736.9,19550.25,19723.0,186.65000000000146,-18.549999999999272,10,493.1499999999869,0.37848524789619065,Multi_Wave_Oscillating,"[np.float64(-34.2), np.float64(47.3), np.float64(-24.6), np.float64(68.8), np.float64(-50.3), np.float64(40.1)]"
2023-09-08,19774.8,19866.75,19727.05,19819.8,139.70000000000073,51.79999999999927,21,792.5999999999949,0.1762553620994217,Multi_Wave_Oscillating,"[np.float64(-16.8), np.float64(65.5), np.float64(-35.0), np.float64(27.5), np.float64(-56.3), np.float64(37.3)]"
2023-09-11,19890.0,20007.7,19873.7,20000.4,134.0,70.20000000000073,8,343.8999999999942,0.38964815353301036,Multi_Wave_Oscillating,"[np.float64(23.8), np.float64(-26.8), np.float64(25.4), np.float64(-28.5), np.float64(60.9), np.float64(-28.7)]"
2023-09-12,20110.15,20110.35,19914.8,19984.6,195.54999999999927,109.75,24,1194.5000000000146,0.16370866471326653,Multi_Wave_Oscillating,"[np.float64(-67.0), np.float64(35.7), np.float64(-132.4), np.float64(104.8), np.float64(-70.0), np.float64(24.2)]"
2023-09-13,19989.5,20096.05,19945.5,20063.45,150.54999999999927,4.900000000001455,14,670.7500000000036,0.2244502422661177,Multi_Wave_Oscillating,"[np.float64(-19.0), np.float64(75.7), np.float64(-74.1), np.float64(55.4), np.float64(-27.7), np.float64(20.2)]"
2023-09-14,20127.95,20167.0,20044.7,20102.55,122.29999999999927,64.5,17,772.5999999999985,0.15829666062645548,Multi_Wave_Oscillating,"[np.float64(-16.0), np.float64(56.4), np.float64(-30.1), np.float64(30.5), np.float64(-70.3), np.float64(27.1)]"
2023-09-15,20156.45,20221.25,20130.0,20169.95,91.25,53.900000000001455,15,576.0999999999985,0.15839264016663815,Multi_Wave_Oscillating,"[np.float64(11.8), np.float64(-23.5), np.float64(23.1), np.float64(-35.8), np.float64(30.7), np.float64(-37.6)]"
2023-09-18,20155.95,20194.35,20117.8,20122.55,76.54999999999927,-14.0,8,296.14999999999054,0.2584838764139852,Multi_Wave_Oscillating,"[np.float64(-5.5), np.float64(28.8), np.float64(-23.8), np.float64(54.1), np.float64(-21.9), np.float64(27.1)]"
2023-09-20,19980.75,20049.5,19879.55,19909.55,169.95000000000073,-141.79999999999927,16,704.7000000000189,0.24116645381012652,Multi_Wave_Oscillating,"[np.float64(21.4), np.float64(-31.9), np.float64(70.2), np.float64(-57.7), np.float64(47.4), np.float64(-48.1)]"
2023-09-21,19840.55,19848.75,19711.0,19749.15,137.75,-69.0,17,609.6999999999935,0.22593078563228058,Multi_Wave_Oscillating,"[np.float64(-18.0), np.float64(20.7), np.float64(-40.0), np.float64(24.4), np.float64(-87.2), np.float64(28.2)]"
2023-09-22,19744.85,19798.2,19658.5,19685.65,139.70000000000073,-4.30000000000291,21,979.7499999999927,0.14258739474355883,Multi_Wave_Oscillating,"[np.float64(-7.1), np.float64(62.1), np.float64(-69.4), np.float64(41.3), np.float64(-97.8), np.float64(35.0)]"
2023-09-25,19678.2,19733.9,19602.05,19675.55,131.85000000000218,-7.450000000000728,22,941.25,0.14007968127490272,Multi_Wave_Oscillating,"[np.float64(-20.8), np.float64(53.0), np.float64(-36.5), np.float64(21.2), np.float64(-29.9), np.float64(45.1)]"
2023-09-26,19682.8,19698.8,19637.85,19672.25,60.95000000000073,7.25,12,416.7500000000073,0.1462507498500292,Multi_Wave_Oscillating,"[np.float64(-13.7), np.float64(29.0), np.float64(-47.2), np.float64(48.7), np.float64(-27.1), np.float64(20.8)]"
2023-09-27,19637.05,19730.45,19554.55,19728.25,175.90000000000146,-35.20000000000073,11,523.7000000000007,0.3358793202215032,Multi_Wave_Oscillating,"[np.float64(-24.3), np.float64(26.8), np.float64(-69.8), np.float64(102.4), np.float64(-25.4), np.float64(83.0)]"
2023-09-28,19761.8,19766.15,19493.1,19551.45,273.0500000000029,33.54999999999927,17,862.75,0.31648797450014826,Multi_Wave_Oscillating,"[np.float64(-15.6), np.float64(25.2), np.float64(-80.1), np.float64(31.5), np.float64(-31.0), np.float64(74.8)]"
2023-09-29,19581.2,19725.95,19551.3,19637.05,174.65000000000146,29.75,12,588.9000000000051,0.2965698760400746,Multi_Wave_Oscillating,"[np.float64(9.8), np.float64(-48.3), np.float64(45.6), np.float64(-20.7), np.float64(31.5), np.float64(-32.5)]"
2023-10-03,19622.4,19623.2,19480.1,19522.15,143.10000000000218,-14.649999999997817,10,475.9999999999927,0.30063025210084954,Multi_Wave_Oscillating,"[np.float64(-45.2), np.float64(32.9), np.float64(-51.2), np.float64(49.5), np.float64(-31.8), np.float64(40.7)]"
2023-10-04,19446.3,19455.35,19334.55,19449.1,120.79999999999927,-75.85000000000218,17,659.0000000000073,0.18330804248861599,Multi_Wave_Oscillating,"[np.float64(-28.3), np.float64(28.9), np.float64(-30.1), np.float64(38.3), np.float64(-28.7), np.float64(43.8)]"
2023-10-05,19521.85,19576.45,19487.95,19544.3,88.5,72.75,16,581.7999999999956,0.15211412856651885,Multi_Wave_Oscillating,"[np.float64(20.6), np.float64(-23.0), np.float64(24.2), np.float64(-30.7), np.float64(33.8), np.float64(-59.6)]"
2023-10-06,19621.2,19674.9,19589.7,19651.45,85.20000000000073,76.90000000000146,12,412.40000000000146,0.20659553831231917,Multi_Wave_Oscillating,"[np.float64(-4.5), np.float64(20.5), np.float64(-30.2), np.float64(26.4), np.float64(-21.1), np.float64(21.5)]"
2023-10-09,19539.45,19588.6,19480.9,19496.85,107.69999999999709,-112.0,16,618.3499999999985,0.1741732028786243,Multi_Wave_Oscillating,"[np.float64(-26.7), np.float64(28.0), np.float64(-22.5), np.float64(91.5), np.float64(-21.0), np.float64(28.2)]"
2023-10-10,19565.6,19717.1,19565.6,19692.65,151.5,68.75,3,203.79999999999563,0.7433758586850012,V_Shape_Reversal,"[np.float64(12.5), np.float64(-23.5), np.float64(133.6)]"
2023-10-11,19767.0,19838.9,19760.5,19809.45,78.40000000000146,74.34999999999854,9,360.450000000008,0.21750589540851634,Multi_Wave_Oscillating,"[np.float64(46.0), np.float64(-36.4), np.float64(43.8), np.float64(-38.7), np.float64(23.0), np.float64(-41.1)]"
2023-10-12,19822.7,19841.8,19773.65,19783.85,68.14999999999782,13.25,13,425.89999999999054,0.16001408781403928,Multi_Wave_Oscillating,"[np.float64(8.8), np.float64(-41.0), np.float64(22.5), np.float64(-49.6), np.float64(24.7), np.float64(-20.0)]"
2023-10-13,19654.55,19804.9,19648.7,19734.3,156.20000000000073,-129.29999999999927,9,462.2500000000109,0.337912385073006,Multi_Wave_Oscillating,"[np.float64(59.5), np.float64(-54.0), np.float64(21.8), np.float64(-33.5), np.float64(32.1), np.float64(-21.4)]"
2023-10-16,19737.25,19781.2,19691.95,19728.15,89.25,2.9500000000007276,18,618.5499999999884,0.14428906313151998,Multi_Wave_Oscillating,"[np.float64(-8.0), np.float64(20.6), np.float64(-41.6), np.float64(35.1), np.float64(-32.3), np.float64(72.8)]"
2023-10-17,19843.2,19849.75,19775.85,19817.7,73.90000000000146,115.04999999999927,7,255.39999999999782,0.289350039154276,Multi_Wave_Oscillating,"[np.float64(-12.8), np.float64(26.3), np.float64(-22.0), np.float64(27.0), np.float64(-20.5), np.float64(27.0)]"
2023-10-18,19820.45,19840.2,19660.6,19667.65,179.60000000000218,2.75,16,645.8000000000065,0.2781046763703939,Multi_Wave_Oscillating,"[np.float64(-23.0), np.float64(64.9), np.float64(-80.0), np.float64(22.2), np.float64(-64.7), np.float64(33.3)]"
2023-10-19,19545.2,19681.75,19513.35,19612.15,168.40000000000146,-122.45000000000073,23,878.650000000016,0.19165765663233186,Multi_Wave_Oscillating,"[np.float64(10.0), np.float64(-34.1), np.float64(22.7), np.float64(-44.0), np.float64(79.5), np.float64(-32.0)]"
2023-10-20,19542.15,19593.65,19520.0,19541.45,73.65000000000146,-70.0,21,680.1500000000015,0.10828493714621966,Multi_Wave_Oscillating,"[np.float64(-17.3), np.float64(66.0), np.float64(-21.0), np.float64(28.7), np.float64(-33.2), np.float64(24.5)]"
2023-10-23,19521.6,19556.35,19257.95,19278.3,298.3999999999978,-19.850000000002183,14,720.1500000000015,0.4143581198361414,Multi_Wave_Oscillating,"[np.float64(21.1), np.float64(-32.3), np.float64(23.0), np.float64(-86.2), np.float64(29.7), np.float64(-45.5)]"
2023-10-25,19286.45,19346.7,19075.1,19126.6,271.6000000000022,8.150000000001455,32,1444.3000000000138,0.18804957418818777,Multi_Wave_Oscillating,"[np.float64(4.7), np.float64(-75.0), np.float64(53.2), np.float64(-27.5), np.float64(60.5), np.float64(-62.4)]"
2023-10-26,19027.25,19041.7,18839.45,18852.2,202.25,-99.34999999999854,22,871.8999999999833,0.23196467484803748,Multi_Wave_Oscillating,"[np.float64(-60.5), np.float64(22.1), np.float64(-64.9), np.float64(23.1), np.float64(-20.0), np.float64(25.2)]"
2023-10-27,18928.75,19075.7,18926.65,19059.7,149.04999999999927,76.54999999999927,18,694.8000000000211,0.21452216465169077,Multi_Wave_Oscillating,"[np.float64(8.8), np.float64(-31.5), np.float64(60.2), np.float64(-20.5), np.float64(58.5), np.float64(-24.1)]"
2023-10-30,19053.4,19157.35,18940.15,19148.85,217.1999999999971,-6.299999999999272,19,841.3999999999978,0.25814119324934354,Multi_Wave_Oscillating,"[np.float64(-21.4), np.float64(46.3), np.float64(-104.2), np.float64(31.4), np.float64(-23.0), np.float64(118.5)]"
2023-10-31,19232.95,19233.7,19056.65,19082.75,177.04999999999927,84.10000000000218,24,1049.4000000000015,0.1687154564513046,Multi_Wave_Oscillating,"[np.float64(-11.8), np.float64(20.8), np.float64(-53.6), np.float64(32.8), np.float64(-78.1), np.float64(59.2)]"
2023-11-01,19064.05,19095.95,18974.2,18991.95,121.75,-18.700000000000728,15,623.4999999999964,0.1952686447473949,Multi_Wave_Oscillating,"[np.float64(-5.7), np.float64(58.6), np.float64(-28.7), np.float64(32.8), np.float64(-75.5), np.float64(41.5)]"
2023-11-02,19120.0,19174.95,19065.85,19145.95,109.10000000000218,128.04999999999927,10,444.15000000000146,0.24563773499944125,Multi_Wave_Oscillating,"[np.float64(37.9), np.float64(-68.0), np.float64(23.1), np.float64(-64.2), np.float64(51.4), np.float64(-25.5)]"
2023-11-03,19241.0,19275.8,19211.4,19226.85,64.39999999999782,95.04999999999927,13,425.74999999999636,0.1512624779800314,Multi_Wave_Oscillating,"[np.float64(22.7), np.float64(-34.0), np.float64(40.0), np.float64(-20.2), np.float64(25.1), np.float64(-39.8)]"
2023-11-06,19345.85,19421.55,19310.75,19413.65,110.79999999999927,119.0,5,297.29999999999563,0.37268752102253916,Multi_Wave_Oscillating,"[np.float64(-4.9), np.float64(43.2), np.float64(-32.0), np.float64(46.3), np.float64(-60.0)]"
2023-11-07,19404.05,19422.55,19329.75,19417.15,92.79999999999927,-9.600000000002183,7,364.34999999999127,0.25470015095375736,Multi_Wave_Oscillating,"[np.float64(-20.2), np.float64(34.6), np.float64(-36.3), np.float64(50.2), np.float64(-68.2), np.float64(80.3)]"
2023-11-08,19449.6,19464.3,19401.65,19437.65,62.64999999999782,32.44999999999709,12,436.6000000000058,0.1434951901053527,Multi_Wave_Oscillating,"[np.float64(-21.9), np.float64(36.6), np.float64(-28.1), np.float64(41.0), np.float64(-36.7), np.float64(21.8)]"
2023-11-09,19457.4,19463.9,19381.4,19401.2,82.5,19.75,15,513.3500000000022,0.16070906788740558,Multi_Wave_Oscillating,"[np.float64(-17.6), np.float64(35.0), np.float64(-41.2), np.float64(48.5), np.float64(-38.5), np.float64(41.2)]"
2023-11-10,19351.85,19450.8,19331.25,19442.7,119.54999999999927,-49.35000000000218,9,383.0999999999949,0.31205951448708136,Multi_Wave_Oscillating,"[np.float64(-9.8), np.float64(27.8), np.float64(-24.3), np.float64(20.8), np.float64(-21.5), np.float64(50.8)]"
2023-11-13,19486.75,19491.8,19415.15,19439.7,76.64999999999782,44.04999999999927,6,230.3000000000029,0.33282674772035103,Multi_Wave_Oscillating,"[np.float64(-13.1), np.float64(37.4), np.float64(-64.0), np.float64(39.1), np.float64(-23.7), np.float64(29.5)]"
2023-11-15,19651.4,19691.2,19580.45,19675.5,110.75,211.70000000000073,7,288.69999999999345,0.38361621059924667,Multi_Wave_Oscillating,"[np.float64(-11.1), np.float64(61.2), np.float64(-27.4), np.float64(59.0), np.float64(-22.4), np.float64(26.4)]"
2023-11-16,19674.7,19874.75,19627.6,19762.55,247.15000000000146,-0.7999999999992724,11,642.8000000000102,0.38448973242065576,Multi_Wave_Oscillating,"[np.float64(-19.4), np.float64(82.2), np.float64(-24.5), np.float64(42.9), np.float64(-22.4), np.float64(96.5)]"
2023-11-17,19674.75,19805.75,19669.6,19717.85,136.15000000000146,-87.79999999999927,11,542.9000000000015,0.250782832934244,Multi_Wave_Oscillating,"[np.float64(81.0), np.float64(-57.2), np.float64(53.1), np.float64(-51.5), np.float64(28.5), np.float64(-35.4)]"
2023-11-20,19731.15,19755.55,19671.2,19694.25,84.34999999999854,13.30000000000291,9,379.5500000000029,0.22223685943880359,Multi_Wave_Oscillating,"[np.float64(3.5), np.float64(-20.3), np.float64(28.4), np.float64(-50.6), np.float64(54.0), np.float64(-84.3)]"
2023-11-21,19770.9,19828.2,19754.6,19782.0,73.60000000000218,76.65000000000146,6,275.65000000000873,0.26700526029385035,Multi_Wave_Oscillating,"[np.float64(-5.8), np.float64(35.1), np.float64(-30.1), np.float64(68.7), np.float64(-57.9), np.float64(41.5)]"
2023-11-22,19784.0,19825.35,19705.05,19812.8,120.29999999999927,2.0,11,500.74999999999636,0.2402396405391915,Multi_Wave_Oscillating,"[np.float64(-14.4), np.float64(39.6), np.float64(-21.3), np.float64(38.6), np.float64(-33.5), np.float64(25.1)]"
2023-11-23,19828.45,19874.55,19787.65,19810.35,86.89999999999782,15.650000000001455,14,502.8999999999942,0.1727977729170786,Multi_Wave_Oscillating,"[np.float64(26.9), np.float64(-48.8), np.float64(46.2), np.float64(-59.1), np.float64(21.2), np.float64(-40.8)]"
2023-11-24,19809.6,19832.2,19769.15,19790.55,63.04999999999927,-0.75,7,240.54999999999563,0.26210766992309464,Multi_Wave_Oscillating,"[np.float64(7.4), np.float64(-44.4), np.float64(34.0), np.float64(-24.9), np.float64(21.9), np.float64(-49.7)]"
2023-11-28,19844.65,19916.3,19800.45,19906.65,115.84999999999854,54.10000000000218,7,280.19999999999345,0.41345467523198165,Multi_Wave_Oscillating,"[np.float64(-12.4), np.float64(27.8), np.float64(-35.0), np.float64(39.2), np.float64(-23.7), np.float64(69.5)]"
2023-11-29,19976.55,20104.1,19958.4,20097.05,145.6999999999971,69.89999999999782,3,201.25,0.7239751552794886,V_Shape_Reversal,"[np.float64(-8.3), np.float64(58.3), np.float64(-23.6)]"
2023-11-30,20108.5,20157.35,20017.9,20134.0,139.4499999999971,11.450000000000728,21,938.2999999999956,0.1486198443994434,Multi_Wave_Oscillating,"[np.float64(3.4), np.float64(-32.5), np.float64(22.2), np.float64(-31.4), np.float64(34.9), np.float64(-102.3)]"
2023-12-01,20194.1,20290.6,20183.7,20248.95,106.89999999999782,60.099999999998545,9,336.4999999999927,0.3176820208023778,Multi_Wave_Oscillating,"[np.float64(25.1), np.float64(-25.3), np.float64(46.8), np.float64(-24.5), np.float64(50.8), np.float64(-20.9)]"
2023-12-04,20601.95,20702.25,20508.65,20684.85,193.59999999999854,353.0,15,677.9499999999971,0.2855667822110766,Multi_Wave_Oscillating,"[np.float64(-34.3), np.float64(81.5), np.float64(-54.9), np.float64(20.7), np.float64(-24.2), np.float64(21.9)]"
2023-12-05,20808.9,20863.7,20711.15,20855.3,152.54999999999927,124.05000000000291,21,911.1999999999935,0.16741659350307328,Multi_Wave_Oscillating,"[np.float64(-16.8), np.float64(30.8), np.float64(-43.2), np.float64(86.6), np.float64(-30.5), np.float64(66.5)]"
2023-12-06,20950.75,20961.45,20852.8,20937.65,108.65000000000146,95.45000000000073,23,923.4500000000116,0.11765661378526188,Multi_Wave_Oscillating,"[np.float64(-25.2), np.float64(36.4), np.float64(-45.4), np.float64(24.0), np.float64(-41.3), np.float64(25.6)]"
2023-12-07,20932.4,20941.25,20851.45,20912.55,89.79999999999927,-5.25,17,563.700000000008,0.1593045946425368,Multi_Wave_Oscillating,"[np.float64(-5.6), np.float64(22.7), np.float64(-25.8), np.float64(22.9), np.float64(-36.5), np.float64(50.0)]"
2023-12-08,20934.1,21005.75,20863.05,20972.15,142.70000000000073,21.549999999999272,16,736.5000000000073,0.19375424304141114,Multi_Wave_Oscillating,"[np.float64(24.1), np.float64(-23.8), np.float64(56.2), np.float64(-34.2), np.float64(26.5), np.float64(-23.0)]"
2023-12-11,20965.3,21025.6,20923.7,20994.5,101.89999999999782,-6.850000000002183,17,692.0500000000102,0.14724369626471542,Multi_Wave_Oscillating,"[np.float64(28.4), np.float64(-24.0), np.float64(35.3), np.float64(-51.2), np.float64(45.2), np.float64(-37.6)]"
2023-12-12,21018.55,21037.85,20867.65,20900.85,170.1999999999971,24.049999999999272,9,434.049999999992,0.3921207234189615,Multi_Wave_Oscillating,"[np.float64(13.4), np.float64(-62.6), np.float64(45.0), np.float64(-26.8), np.float64(23.2), np.float64(-63.6)]"
2023-12-13,20929.75,20949.15,20769.85,20932.35,179.3000000000029,28.900000000001455,17,832.2999999999884,0.21542712964076105,Multi_Wave_Oscillating,"[np.float64(-13.5), np.float64(23.0), np.float64(-27.4), np.float64(39.4), np.float64(-96.8), np.float64(33.1)]"
2023-12-14,21110.4,21210.75,21081.1,21190.75,129.65000000000146,178.0500000000029,14,569.0000000000182,0.22785588752196365,Multi_Wave_Oscillating,"[np.float64(-13.0), np.float64(67.3), np.float64(-20.8), np.float64(59.6), np.float64(-39.1), np.float64(22.7)]"
2023-12-15,21287.45,21490.5,21235.5,21449.6,255.0,96.70000000000073,18,845.6999999999898,0.3015253636041186,Multi_Wave_Oscillating,"[np.float64(-8.5), np.float64(22.4), np.float64(-46.2), np.float64(35.8), np.float64(-23.9), np.float64(107.7)]"
2023-12-18,21434.8,21482.7,21365.85,21411.45,116.85000000000218,-14.799999999999272,22,850.2499999999927,0.1374301675977691,Multi_Wave_Oscillating,"[np.float64(-6.4), np.float64(47.8), np.float64(-25.8), np.float64(83.8), np.float64(-62.0), np.float64(25.1)]"
2023-12-19,21477.65,21504.5,21338.5,21445.95,166.0,66.20000000000073,16,693.4500000000007,0.23938279616410674,Multi_Wave_Oscillating,"[np.float64(-18.2), np.float64(22.5), np.float64(-73.8), np.float64(20.2), np.float64(-50.0), np.float64(43.2)]"
2023-12-20,21543.5,21592.1,21088.55,21106.4,503.5499999999993,97.54999999999927,35,1878.899999999976,0.2680025546862556,Multi_Wave_Oscillating,"[np.float64(41.2), np.float64(-57.3), np.float64(32.8), np.float64(-21.1), np.float64(34.3), np.float64(-89.1)]"
2023-12-21,21033.95,21287.8,20979.8,21280.95,308.0,-72.45000000000073,55,2434.000000000011,0.1265406737880027,Multi_Wave_Oscillating,"[np.float64(-41.7), np.float64(109.8), np.float64(-49.4), np.float64(29.2), np.float64(-59.4), np.float64(28.6)]"
2023-12-22,21295.85,21389.9,21233.5,21331.3,156.40000000000146,14.899999999997817,40,1614.8499999999985,0.09685110072143022,Multi_Wave_Oscillating,"[np.float64(-8.0), np.float64(35.3), np.float64(-41.7), np.float64(22.2), np.float64(-30.6), np.float64(33.2)]"
2023-12-26,21365.2,21476.3,21329.6,21454.85,146.70000000000073,33.900000000001455,23,922.700000000008,0.15898992088436054,Multi_Wave_Oscillating,"[np.float64(-17.0), np.float64(59.1), np.float64(-53.6), np.float64(44.7), np.float64(-26.5), np.float64(24.8)]"
2023-12-27,21497.65,21674.95,21495.8,21647.6,179.15000000000146,42.80000000000291,19,807.4999999999964,0.2218575851393217,Multi_Wave_Oscillating,"[np.float64(1.0), np.float64(-21.5), np.float64(35.1), np.float64(-29.5), np.float64(52.2), np.float64(-21.1)]"
2023-12-28,21715.0,21798.6,21678.2,21782.7,120.39999999999782,67.40000000000146,32,1121.4000000000015,0.1073657927590491,Multi_Wave_Oscillating,"[np.float64(-12.3), np.float64(43.1), np.float64(-27.3), np.float64(42.0), np.float64(-80.3), np.float64(47.0)]"
2023-12-29,21737.65,21762.4,21677.3,21726.45,85.10000000000218,-45.04999999999927,19,755.4000000000015,0.11265554673021183,Multi_Wave_Oscillating,"[np.float64(-20.1), np.float64(24.8), np.float64(-22.8), np.float64(54.2), np.float64(-35.2), np.float64(20.0)]"
2024-01-01,21727.75,21832.4,21682.75,21685.35,149.65000000000146,1.2999999999992724,10,586.3500000000058,0.2552229896819305,Multi_Wave_Oscillating,"[np.float64(-26.2), np.float64(27.8), np.float64(-26.2), np.float64(51.0), np.float64(-41.5), np.float64(53.0)]"
2024-01-02,21751.35,21755.6,21557.5,21660.25,198.09999999999854,66.0,27,1194.0999999999913,0.16589900343354827,Multi_Wave_Oscillating,"[np.float64(-16.0), np.float64(26.8), np.float64(-30.2), np.float64(33.7), np.float64(-21.0), np.float64(31.5)]"
2024-01-03,21661.1,21677.0,21501.5,21526.15,175.5,0.8499999999985448,25,991.9500000000007,0.1769242401330711,Multi_Wave_Oscillating,"[np.float64(-19.4), np.float64(28.7), np.float64(-21.2), np.float64(28.4), np.float64(-76.2), np.float64(38.7)]"
2024-01-04,21605.8,21684.8,21569.25,21668.6,115.54999999999927,79.64999999999782,16,510.6999999999971,0.22625807714901103,Multi_Wave_Oscillating,"[np.float64(-13.5), np.float64(55.0), np.float64(-28.1), np.float64(25.1), np.float64(-29.5), np.float64(57.3)]"
2024-01-05,21705.75,21749.2,21629.75,21705.35,119.45000000000073,37.150000000001455,20,741.6999999999935,0.16104894162060374,Multi_Wave_Oscillating,"[np.float64(12.5), np.float64(-32.5), np.float64(26.6), np.float64(-23.8), np.float64(24.5), np.float64(-23.3)]"
2024-01-08,21747.6,21763.4,21493.6,21511.1,269.8000000000029,42.25,25,1168.0500000000175,0.2309832627027943,Multi_Wave_Oscillating,"[np.float64(-20.1), np.float64(35.7), np.float64(-34.2), np.float64(49.6), np.float64(-117.8), np.float64(45.7)]"
2024-01-09,21653.6,21723.7,21518.05,21551.95,205.65000000000146,142.5,27,1185.4000000000196,0.17348574320904173,Multi_Wave_Oscillating,"[np.float64(-10.8), np.float64(34.3), np.float64(-28.2), np.float64(28.1), np.float64(-69.2), np.float64(27.1)]"
2024-01-10,21529.3,21641.3,21448.75,21623.8,192.54999999999927,-22.650000000001455,32,1574.75,0.12227337672646406,Multi_Wave_Oscillating,"[np.float64(29.1), np.float64(-114.5), np.float64(91.1), np.float64(-40.1), np.float64(64.5), np.float64(-42.6)]"
2024-01-11,21688.0,21725.25,21594.0,21665.55,131.25,64.20000000000073,20,766.1500000000015,0.17131110095934185,Multi_Wave_Oscillating,"[np.float64(22.0), np.float64(-34.8), np.float64(29.6), np.float64(-36.5), np.float64(22.2), np.float64(-50.7)]"
2024-01-12,21773.55,21927.2,21718.75,21908.0,208.45000000000073,108.0,15,723.2999999999993,0.2881930042859131,Multi_Wave_Oscillating,"[np.float64(-9.8), np.float64(27.3), np.float64(-27.2), np.float64(112.4), np.float64(-26.2), np.float64(42.6)]"
2024-01-15,22053.15,22113.55,21964.1,22110.45,149.45000000000073,145.15000000000146,21,838.6000000000095,0.17821368948246966,Multi_Wave_Oscillating,"[np.float64(-7.5), np.float64(60.5), np.float64(-22.7), np.float64(20.1), np.float64(-83.2), np.float64(26.2)]"
2024-01-16,22080.5,22123.55,21971.2,22031.5,152.34999999999854,-29.950000000000728,31,1212.5500000000138,0.1256443033276952,Multi_Wave_Oscillating,"[np.float64(-30.5), np.float64(51.8), np.float64(-42.6), np.float64(37.9), np.float64(-27.0), np.float64(55.8)]"
2024-01-17,21647.25,21851.15,21551.5,21578.4,299.65000000000146,-384.25,42,1711.950000000008,0.17503431759105118,Multi_Wave_Oscillating,"[np.float64(54.1), np.float64(-29.5), np.float64(45.2), np.float64(-92.9), np.float64(30.2), np.float64(-21.8)]"
2024-01-18,21414.2,21539.05,21286.45,21479.15,252.59999999999854,-164.20000000000073,50,2167.8499999999767,0.11652097700486715,Multi_Wave_Oscillating,"[np.float64(14.1), np.float64(-50.5), np.float64(62.5), np.float64(-29.5), np.float64(21.3), np.float64(-35.8)]"
2024-01-19,21615.2,21670.5,21576.0,21638.65,94.5,136.04999999999927,29,1172.2999999999847,0.08061076516250212,Multi_Wave_Oscillating,"[np.float64(-8.3), np.float64(42.8), np.float64(-21.8), np.float64(34.8), np.float64(-44.0), np.float64(30.9)]"
2024-01-20,21706.15,21718.5,21542.05,21585.7,176.45000000000073,67.5,32,1299.550000000003,0.13577776922780987,Multi_Wave_Oscillating,"[np.float64(2.6), np.float64(-50.0), np.float64(48.2), np.float64(-39.3), np.float64(20.1), np.float64(-45.9)]"
2024-01-23,21716.7,21749.25,21193.0,21241.65,556.25,131.0,61,2584.500000000018,0.21522538208550826,Multi_Wave_Oscillating,"[np.float64(12.7), np.float64(-42.6), np.float64(20.0), np.float64(-26.2), np.float64(25.8), np.float64(-38.3)]"
2024-01-24,21185.25,21481.9,21137.95,21465.9,343.9500000000007,-56.400000000001455,59,3066.200000000026,0.11217467875546207,Multi_Wave_Oscillating,"[np.float64(11.0), np.float64(-90.8), np.float64(114.5), np.float64(-77.5), np.float64(94.0), np.float64(-31.4)]"
2024-01-25,21454.6,21456.9,21248.15,21378.2,208.75,-11.30000000000291,58,2349.8499999999876,0.08883545758239934,Multi_Wave_Oscillating,"[np.float64(-34.1), np.float64(42.3), np.float64(-37.0), np.float64(29.7), np.float64(-64.0), np.float64(68.6)]"
2024-01-29,21433.1,21762.8,21433.1,21740.05,329.7000000000007,54.89999999999782,41,1569.3999999999905,0.21008028545941296,Multi_Wave_Oscillating,"[np.float64(7.2), np.float64(-21.5), np.float64(46.2), np.float64(-23.5), np.float64(67.2), np.float64(-23.0)]"
2024-01-30,21775.75,21811.0,21502.3,21528.8,308.7000000000007,35.70000000000073,46,1902.8499999999985,0.1622303387024731,Multi_Wave_Oscillating,"[np.float64(8.9), np.float64(-36.5), np.float64(31.6), np.float64(-99.3), np.float64(20.2), np.float64(-37.1)]"
2024-01-31,21487.25,21739.35,21449.65,21708.1,289.6999999999971,-41.54999999999927,40,1668.1500000000015,0.17366543776039137,Multi_Wave_Oscillating,"[np.float64(-12.5), np.float64(23.6), np.float64(-24.5), np.float64(29.3), np.float64(-40.2), np.float64(74.6)]"
2024-02-01,21780.65,21832.7,21659.8,21689.65,172.90000000000146,72.55000000000291,80,3035.900000000016,0.0569518100069174,Multi_Wave_Oscillating,"[np.float64(-15.1), np.float64(35.3), np.float64(-47.6), np.float64(43.8), np.float64(-37.9), np.float64(34.5)]"
2024-02-02,21812.75,22125.85,21805.95,21854.8,319.8999999999978,123.09999999999854,51,2577.699999999979,0.12410288241455578,Multi_Wave_Oscillating,"[np.float64(102.2), np.float64(-21.1), np.float64(29.9), np.float64(-37.9), np.float64(24.6), np.float64(-37.5)]"
2024-02-05,21921.05,21963.4,21727.5,21759.1,235.90000000000146,66.25,50,2146.2500000000036,0.10991263832265628,Multi_Wave_Oscillating,"[np.float64(-10.8), np.float64(28.2), np.float64(-34.6), np.float64(26.2), np.float64(-25.6), np.float64(76.6)]"
2024-02-06,21825.2,21950.75,21738.5,21939.15,212.25,66.10000000000218,35,1481.9500000000044,0.14322345558217173,Multi_Wave_Oscillating,"[np.float64(-15.9), np.float64(20.4), np.float64(-55.5), np.float64(29.3), np.float64(-38.0), np.float64(75.2)]"
2024-02-07,22045.05,22051.1,21860.85,21948.75,190.25,105.89999999999782,31,1455.2999999999884,0.13072905930048892,Multi_Wave_Oscillating,"[np.float64(-42.0), np.float64(30.9), np.float64(-46.9), np.float64(43.7), np.float64(-56.5), np.float64(48.4)]"
2024-02-08,22009.65,22009.95,21666.0,21760.0,343.9500000000007,60.900000000001455,49,2174.2999999999774,0.15818884238605727,Multi_Wave_Oscillating,"[np.float64(-17.5), np.float64(45.5), np.float64(-54.5), np.float64(21.0), np.float64(-23.9), np.float64(27.5)]"
2024-02-09,21727.0,21803.15,21631.35,21785.9,171.8000000000029,-33.0,54,2162.55000000001,0.07944324986705607,Multi_Wave_Oscillating,"[np.float64(-38.9), np.float64(85.4), np.float64(-23.5), np.float64(35.2), np.float64(-36.5), np.float64(52.3)]"
2024-02-12,21800.8,21830.55,21575.2,21612.45,255.34999999999854,14.899999999997817,50,2304.599999999995,0.11080013885272894,Multi_Wave_Oscillating,"[np.float64(-24.8), np.float64(66.0), np.float64(-64.7), np.float64(44.2), np.float64(-22.6), np.float64(29.8)]"
2024-02-13,21664.3,21766.45,21544.4,21729.2,222.04999999999927,51.849999999998545,54,2249.6999999999716,0.09870204916211142,Multi_Wave_Oscillating,"[np.float64(-17.0), np.float64(28.6), np.float64(-43.2), np.float64(38.8), np.float64(-83.7), np.float64(54.0)]"
2024-02-14,21578.15,21870.2,21530.9,21850.05,339.2999999999993,-151.04999999999927,37,1755.7000000000044,0.19325625106794922,Multi_Wave_Oscillating,"[np.float64(-7.5), np.float64(44.8), np.float64(-46.1), np.float64(29.0), np.float64(-48.9), np.float64(31.1)]"
2024-02-15,21906.55,21952.8,21796.1,21927.35,156.70000000000073,56.5,65,2343.550000000003,0.06686437242644729,Multi_Wave_Oscillating,"[np.float64(-8.5), np.float64(25.8), np.float64(-42.2), np.float64(38.8), np.float64(-54.5), np.float64(21.7)]"
2024-02-16,22020.3,22067.5,21969.55,22032.6,97.95000000000073,92.95000000000073,29,1003.2000000000044,0.09763755980861274,Multi_Wave_Oscillating,"[np.float64(-11.0), np.float64(21.8), np.float64(-28.8), np.float64(30.4), np.float64(-39.8), np.float64(43.8)]"
2024-02-19,22103.45,22186.3,22021.7,22116.25,164.59999999999854,70.85000000000218,23,965.8000000000175,0.1704286601780861,Multi_Wave_Oscillating,"[np.float64(-16.5), np.float64(28.5), np.float64(-41.9), np.float64(41.1), np.float64(-46.9), np.float64(24.3)]"
2024-02-20,22099.2,22214.95,22046.65,22209.2,168.29999999999927,-17.049999999999272,21,1000.4000000000087,0.1682327069172309,Multi_Wave_Oscillating,"[np.float64(-27.0), np.float64(38.7), np.float64(-24.1), np.float64(47.5), np.float64(-73.0), np.float64(35.5)]"
2024-02-21,22248.85,22249.2,21998.0,22029.25,251.20000000000073,39.64999999999782,51,1876.600000000013,0.13385910689544867,Multi_Wave_Oscillating,"[np.float64(-1.2), np.float64(22.9), np.float64(-28.5), np.float64(23.6), np.float64(-29.5), np.float64(56.0)]"
2024-02-22,22081.55,22251.05,21875.25,22217.65,375.7999999999993,52.29999999999927,60,2556.200000000008,0.1470151005398631,Multi_Wave_Oscillating,"[np.float64(-32.2), np.float64(51.2), np.float64(-103.5), np.float64(96.2), np.float64(-32.2), np.float64(32.0)]"
2024-02-23,22290.0,22297.45,22187.55,22193.65,109.90000000000146,72.34999999999854,30,1103.8499999999985,0.09956062870861222,Multi_Wave_Oscillating,"[np.float64(-32.7), np.float64(51.6), np.float64(-24.0), np.float64(21.1), np.float64(-31.0), np.float64(28.5)]"
2024-02-26,22169.2,22201.25,22075.7,22115.05,125.54999999999927,-24.450000000000728,26,978.7499999999964,0.12827586206896524,Multi_Wave_Oscillating,"[np.float64(-1.4), np.float64(47.5), np.float64(-21.8), np.float64(33.6), np.float64(-74.7), np.float64(23.0)]"
2024-02-27,22090.2,22217.35,22086.45,22193.8,130.89999999999782,-24.849999999998545,28,1110.4999999999927,0.11787483115713523,Multi_Wave_Oscillating,"[np.float64(11.4), np.float64(-28.5), np.float64(51.3), np.float64(-27.8), np.float64(32.8), np.float64(-20.8)]"
2024-02-28,22214.1,22228.45,21918.9,21927.25,309.5499999999993,20.299999999999272,36,1685.250000000011,0.1836819462987671,Multi_Wave_Oscillating,"[np.float64(-23.3), np.float64(25.2), np.float64(-29.4), np.float64(22.5), np.float64(-21.5), np.float64(27.6)]"
2024-02-29,21935.2,22059.8,21861.35,22034.1,198.45000000000073,7.950000000000728,64,2795.1999999999753,0.07099670864338956,Multi_Wave_Oscillating,"[np.float64(-20.9), np.float64(39.2), np.float64(-54.8), np.float64(104.1), np.float64(-69.7), np.float64(43.8)]"
2024-03-01,22048.3,22352.95,22048.3,22327.3,304.65000000000146,14.200000000000728,21,851.9000000000015,0.3576123958211069,Multi_Wave_Oscillating,"[np.float64(61.5), np.float64(-33.5), np.float64(36.0), np.float64(-27.4), np.float64(51.6), np.float64(-21.4)]"
2024-03-02,22406.95,22418.85,22367.1,22376.25,51.75,79.65000000000146,4,156.75,0.33014354066985646,Multi_Wave_Oscillating,"[np.float64(-27.5), np.float64(45.4), np.float64(-24.0), np.float64(21.8)]"
2024-03-04,22403.5,22440.9,22358.9,22400.25,82.0,27.25,25,978.5999999999949,0.08379317392192973,Multi_Wave_Oscillating,"[np.float64(-6.7), np.float64(33.0), np.float64(-42.2), np.float64(31.0), np.float64(-43.0), np.float64(26.8)]"
2024-03-05,22371.25,22415.6,22269.95,22356.85,145.64999999999782,-29.0,21,950.6499999999978,0.15321096092147285,Multi_Wave_Oscillating,"[np.float64(-15.4), np.float64(58.7), np.float64(-24.2), np.float64(21.4), np.float64(-98.8), np.float64(25.0)]"
2024-03-06,22327.5,22493.0,22225.65,22482.85,267.34999999999854,-29.349999999998545,49,2018.4499999999825,0.13245311996829293,Multi_Wave_Oscillating,"[np.float64(-4.5), np.float64(23.3), np.float64(-27.1), np.float64(47.1), np.float64(-51.1), np.float64(35.0)]"
2024-03-07,22505.3,22524.0,22431.1,22484.6,92.90000000000146,22.450000000000728,35,1251.150000000005,0.07425168844662997,Multi_Wave_Oscillating,"[np.float64(-12.9), np.float64(24.0), np.float64(-35.0), np.float64(23.5), np.float64(-38.8), np.float64(30.8)]"
2024-03-11,22517.5,22517.5,22308.25,22318.4,209.25,32.900000000001455,24,1088.749999999989,0.19219288174512247,Multi_Wave_Oscillating,"[np.float64(-25.7), np.float64(50.5), np.float64(-42.8), np.float64(29.7), np.float64(-42.4), np.float64(26.6)]"
2024-03-12,22334.45,22451.25,22256.75,22330.15,194.5,16.049999999999272,44,1925.7000000000262,0.10100223295424902,Multi_Wave_Oscillating,"[np.float64(31.6), np.float64(-28.0), np.float64(23.0), np.float64(-48.8), np.float64(117.5), np.float64(-27.1)]"
2024-03-13,22446.75,22446.75,21905.75,21981.75,541.0,116.59999999999854,67,3006.6500000000015,0.17993447857249753,Multi_Wave_Oscillating,"[np.float64(-15.6), np.float64(24.6), np.float64(-89.2), np.float64(29.5), np.float64(-46.3), np.float64(28.6)]"
2024-03-14,21982.55,22204.15,21920.05,22151.0,284.1000000000022,0.7999999999992724,60,2344.600000000013,0.12117205493474392,Multi_Wave_Oscillating,"[np.float64(-34.2), np.float64(41.5), np.float64(-34.5), np.float64(85.9), np.float64(-50.4), np.float64(63.2)]"
2024-03-15,22064.85,22120.55,21931.9,21996.55,188.64999999999782,-86.15000000000146,37,1598.9499999999898,0.11798367678789144,Multi_Wave_Oscillating,"[np.float64(25.3), np.float64(-24.8), np.float64(46.4), np.float64(-20.6), np.float64(21.5), np.float64(-103.8)]"
2024-03-18,21990.1,22123.5,21918.25,22051.15,205.25,-6.450000000000728,45,1855.9499999999716,0.11059026374633106,Multi_Wave_Oscillating,"[np.float64(0.0), np.float64(69.8), np.float64(-24.7), np.float64(44.5), np.float64(-88.2), np.float64(24.3)]"
2024-03-19,21946.45,21976.7,21794.4,21813.5,182.29999999999927,-104.70000000000073,34,1289.6500000000015,0.14135618190981977,Multi_Wave_Oscillating,"[np.float64(12.1), np.float64(-32.8), np.float64(21.3), np.float64(-38.7), np.float64(21.7), np.float64(-22.5)]"
2024-03-20,21843.9,21930.5,21710.35,21853.6,220.15000000000146,30.400000000001455,52,2030.899999999987,0.10840021665271696,Multi_Wave_Oscillating,"[np.float64(13.4), np.float64(-28.1), np.float64(25.4), np.float64(-50.3), np.float64(26.5), np.float64(-33.0)]"
2024-03-21,21989.9,22080.8,21941.95,22014.8,138.84999999999854,136.3000000000029,37,1343.0999999999913,0.1033802397438757,Multi_Wave_Oscillating,"[np.float64(13.3), np.float64(-31.6), np.float64(26.9), np.float64(-35.2), np.float64(46.5), np.float64(-29.7)]"
2024-03-22,21932.2,22179.0,21884.15,22084.3,294.84999999999854,-82.59999999999854,38,1555.8499999999985,0.1895105569302946,Multi_Wave_Oscillating,"[np.float64(9.3), np.float64(-93.1), np.float64(85.1), np.float64(-56.0), np.float64(96.3), np.float64(-20.1)]"
2024-03-26,21947.9,22072.65,21947.9,22020.85,124.75,-136.39999999999782,26,909.2500000000146,0.1372009898267781,Multi_Wave_Oscillating,"[np.float64(12.0), np.float64(-24.6), np.float64(37.5), np.float64(-26.9), np.float64(25.4), np.float64(-51.2)]"
2024-03-27,22053.95,22193.15,22053.95,22147.95,139.20000000000073,33.10000000000218,18,727.1499999999869,0.19143230420133842,Multi_Wave_Oscillating,"[np.float64(16.5), np.float64(-35.2), np.float64(69.4), np.float64(-21.8), np.float64(57.6), np.float64(-27.6)]"
2024-03-28,22163.6,22513.2,22163.6,22343.5,349.6000000000022,15.649999999997817,34,1609.899999999987,0.21715634511460652,Multi_Wave_Oscillating,"[np.float64(28.1), np.float64(-31.6), np.float64(142.4), np.float64(-24.5), np.float64(25.0), np.float64(-21.0)]"
2024-04-01,22455.0,22529.1,22427.85,22475.55,101.25,111.5,21,813.9000000000015,0.12440103206782138,Multi_Wave_Oscillating,"[np.float64(34.2), np.float64(-28.2), np.float64(32.3), np.float64(-28.8), np.float64(40.0), np.float64(-62.4)]"
2024-04-02,22458.8,22496.9,22389.15,22464.3,107.75,-16.75,17,667.4499999999971,0.1614353135066304,Multi_Wave_Oscillating,"[np.float64(-17.0), np.float64(81.0), np.float64(-68.2), np.float64(26.7), np.float64(-28.8), np.float64(21.7)]"
2024-04-03,22385.7,22520.9,22347.8,22446.4,173.10000000000218,-78.59999999999854,19,774.1999999999971,0.22358563678636378,Multi_Wave_Oscillating,"[np.float64(-17.6), np.float64(22.3), np.float64(-27.9), np.float64(36.0), np.float64(-21.5), np.float64(103.8)]"
2024-04-04,22592.1,22619.0,22307.45,22543.6,311.5499999999993,145.6999999999971,49,2474.800000000003,0.12588896072409847,Multi_Wave_Oscillating,"[np.float64(-19.7), np.float64(43.0), np.float64(-51.7), np.float64(21.3), np.float64(-86.8), np.float64(52.6)]"
2024-04-05,22486.4,22536.6,22429.0,22525.5,107.59999999999854,-57.19999999999709,27,1040.0999999999985,0.10345159119315325,Multi_Wave_Oscillating,"[np.float64(-18.5), np.float64(42.7), np.float64(-50.2), np.float64(66.5), np.float64(-42.2), np.float64(36.4)]"
2024-04-08,22580.25,22696.95,22550.35,22661.0,146.60000000000218,54.75,11,529.2499999999927,0.2769957487009999,Multi_Wave_Oscillating,"[np.float64(-22.0), np.float64(73.5), np.float64(-37.2), np.float64(44.2), np.float64(-24.8), np.float64(91.0)]"
2024-04-09,22760.0,22768.35,22613.15,22642.05,155.1999999999971,99.0,14,707.75,0.2192864712115819,Multi_Wave_Oscillating,"[np.float64(-51.8), np.float64(83.9), np.float64(-25.8), np.float64(34.8), np.float64(-41.2), np.float64(30.4)]"
2024-04-10,22721.25,22775.7,22674.55,22735.05,101.15000000000146,79.20000000000073,20,684.1500000000124,0.14784769421910346,Multi_Wave_Oscillating,"[np.float64(-11.5), np.float64(21.6), np.float64(-29.8), np.float64(47.6), np.float64(-24.8), np.float64(21.8)]"
2024-04-12,22677.4,22726.44922,22503.75,22519.4,222.6992199999986,-57.64999999999782,32,1330.703120000002,0.1673545486238871,Multi_Wave_Oscillating,"[np.float64(-16.3), np.float64(69.2), np.float64(-101.6), np.float64(34.0), np.float64(-26.0), np.float64(29.4)]"
2024-04-15,22356.7,22427.44922,22259.55078,22277.45,167.8984399999972,-162.70000000000073,31,1375.1984399999856,0.12209033628630278,Multi_Wave_Oscillating,"[np.float64(15.5), np.float64(-65.0), np.float64(26.4), np.float64(-32.5), np.float64(53.7), np.float64(-31.9)]"
2024-04-16,22125.3,22213.75,22079.44922,22177.45,134.3007800000014,-152.15000000000146,25,1061.1038999999946,0.12656704023046383,Multi_Wave_Oscillating,"[np.float64(-20.2), np.float64(69.0), np.float64(-36.4), np.float64(60.0), np.float64(-30.7), np.float64(44.0)]"
2024-04-18,22212.35,22326.5,21961.69922,22045.75,364.8007800000014,34.89999999999782,52,2778.7062400000104,0.13128439946210363,Multi_Wave_Oscillating,"[np.float64(20.7), np.float64(-50.2), np.float64(29.5), np.float64(-68.5), np.float64(25.3), np.float64(-34.6)]"
2024-04-19,21861.5,22179.55078,21777.65039,22149.7,401.9003900000025,-184.25,67,2581.300779999983,0.1556968459909601,Multi_Wave_Oscillating,"[np.float64(-9.5), np.float64(35.0), np.float64(-58.4), np.float64(88.8), np.float64(-37.3), np.float64(28.2)]"
2024-04-22,22336.9,22375.65039,22198.15039,22370.5,177.5,187.20000000000073,31,1154.09883000001,0.15379965336244078,Multi_Wave_Oscillating,"[np.float64(-28.7), np.float64(46.4), np.float64(-48.4), np.float64(30.1), np.float64(-36.6), np.float64(27.2)]"
2024-04-23,22447.05,22447.55078,22349.44922,22361.0,98.10156000000279,76.54999999999927,22,809.1023399999976,0.12124740610687527,Multi_Wave_Oscillating,"[np.float64(-17.3), np.float64(40.0), np.float64(-42.5), np.float64(22.2), np.float64(-28.5), np.float64(23.7)]"
2024-04-24,22421.55,22476.44922,22384.0,22412.2,92.4492199999986,60.54999999999927,11,437.9468799999995,0.21109688005997146,Multi_Wave_Oscillating,"[np.float64(-17.4), np.float64(21.8), np.float64(-25.6), np.float64(76.6), np.float64(-38.1), np.float64(26.6)]"
2024-04-25,22316.9,22625.94922,22305.25,22559.25,320.6992199999986,-95.29999999999927,37,1723.1499999999905,0.1861121898848042,Multi_Wave_Oscillating,"[np.float64(18.0), np.float64(-39.4), np.float64(80.3), np.float64(-31.4), np.float64(50.0), np.float64(-20.1)]"
2024-04-26,22620.4,22620.4,22385.55078,22450.2,234.84922000000006,61.150000000001455,41,1470.4492200000022,0.15971256729287103,Multi_Wave_Oscillating,"[np.float64(-7.3), np.float64(26.3), np.float64(-27.1), np.float64(20.8), np.float64(-25.5), np.float64(33.8)]"
2024-04-29,22475.55,22655.80078,22441.90039,22633.15,213.90039000000252,25.349999999998545,23,878.3484399999907,0.24352566733084285,Multi_Wave_Oscillating,"[np.float64(24.3), np.float64(-30.3), np.float64(38.3), np.float64(-21.7), np.float64(43.5), np.float64(-80.8)]"
2024-04-30,22679.65,22783.34961,22568.40039,22587.75,214.94922000000224,46.5,23,1052.046880000009,0.20431524876534057,Multi_Wave_Oscillating,"[np.float64(-17.2), np.float64(34.5), np.float64(-27.4), np.float64(85.9), np.float64(-54.4), np.float64(42.3)]"
2024-05-02,22567.85,22710.5,22567.85,22656.75,142.65000000000146,-19.900000000001455,40,1521.1484400000045,0.0937778301241929,Multi_Wave_Oscillating,"[np.float64(11.1), np.float64(-33.6), np.float64(35.8), np.float64(-43.4), np.float64(49.6), np.float64(-50.0)]"
2024-05-03,22766.35,22794.69922,22348.05078,22456.7,446.6484399999972,109.59999999999854,52,2350.1460999999763,0.19005135042455518,Multi_Wave_Oscillating,"[np.float64(-5.3), np.float64(24.1), np.float64(-20.8), np.float64(33.9), np.float64(-40.7), np.float64(24.2)]"
2024-05-06,22561.6,22588.80078,22409.44922,22458.0,179.3515600000028,104.89999999999782,43,1915.1015600000173,0.09365120040944522,Multi_Wave_Oscillating,"[np.float64(-32.9), np.float64(24.8), np.float64(-28.9), np.float64(91.6), np.float64(-154.9), np.float64(70.3)]"
2024-05-07,22489.75,22499.05078,22232.05078,22304.5,267.0,31.75,47,1872.1960999999937,0.14261326577915684,Multi_Wave_Oscillating,"[np.float64(-33.3), np.float64(52.0), np.float64(-44.2), np.float64(23.2), np.float64(-28.8), np.float64(39.1)]"
2024-05-08,22231.19922,22368.65039,22185.19922,22306.75,183.45117000000027,-73.3007800000014,43,1933.8585799999928,0.0948627639566079,Multi_Wave_Oscillating,"[np.float64(-23.6), np.float64(97.1), np.float64(-65.8), np.float64(46.2), np.float64(-27.3), np.float64(36.6)]"
2024-05-09,22224.80078,22307.75,21932.40039,21968.15,375.3496100000011,-81.9492199999986,44,1850.7961000000068,0.20280440941063133,Multi_Wave_Oscillating,"[np.float64(17.1), np.float64(-61.2), np.float64(22.3), np.float64(-35.1), np.float64(39.2), np.float64(-51.9)]"
2024-05-10,21990.94922,22131.30078,21950.30078,22054.0,181.0,22.79921999999715,42,1741.7468799999988,0.10391865895003075,Multi_Wave_Oscillating,"[np.float64(-17.1), np.float64(42.3), np.float64(-65.8), np.float64(105.8), np.float64(-23.6), np.float64(22.0)]"
2024-05-13,22027.94922,22131.65039,21821.05078,22119.4,310.5996099999975,-26.050780000001396,39,1959.5964899999926,0.15850181993334692,Multi_Wave_Oscillating,"[np.float64(-64.2), np.float64(49.6), np.float64(-127.4), np.float64(46.1), np.float64(-69.3), np.float64(58.2)]"
2024-05-14,22112.90039,22270.05078,22081.25,22223.8,188.8007800000014,-6.499610000002576,28,1294.3515599999846,0.14586514656033917,Multi_Wave_Oscillating,"[np.float64(18.9), np.float64(-87.5), np.float64(49.4), np.float64(-33.8), np.float64(34.5), np.float64(-43.0)]"
2024-05-15,22255.59961,22297.55078,22151.75,22210.4,145.8007800000014,31.79961000000185,35,1472.852340000005,0.09899212299856272,Multi_Wave_Oscillating,"[np.float64(-13.7), np.float64(35.8), np.float64(-31.0), np.float64(30.8), np.float64(-28.8), np.float64(49.1)]"
2024-05-16,22319.19922,22432.25,22054.55078,22392.35,377.6992199999986,108.79921999999715,72,3211.248439999985,0.11761756433893367,Multi_Wave_Oscillating,"[np.float64(-11.7), np.float64(48.8), np.float64(-82.7), np.float64(20.4), np.float64(-21.8), np.float64(22.0)]"
2024-05-17,22415.25,22502.15039,22345.65039,22465.55,156.5,22.900000000001455,38,1386.952340000007,0.11283733080546891,Multi_Wave_Oscillating,"[np.float64(-9.9), np.float64(29.4), np.float64(-24.0), np.float64(21.8), np.float64(-44.1), np.float64(47.3)]"
2024-05-18,22512.84961,22519.84961,22470.09961,22506.8,49.75,47.29961000000185,3,116.0023399999991,0.4288706589884341,V_Shape_Reversal,"[np.float64(-2.5), np.float64(23.1), np.float64(-48.7)]"
2024-05-21,22404.55078,22591.09961,22404.55078,22507.55,186.54882999999973,-102.24921999999788,23,935.103120000007,0.19949546313137992,Multi_Wave_Oscillating,"[np.float64(7.7), np.float64(-52.4), np.float64(65.6), np.float64(-46.9), np.float64(22.1), np.float64(-29.8)]"
2024-05-22,22576.59961,22629.5,22483.15039,22620.5,146.34961000000112,69.04961000000185,37,1352.6515599999839,0.10819461147851178,Multi_Wave_Oscillating,"[np.float64(-16.6), np.float64(22.9), np.float64(-33.9), np.float64(44.9), np.float64(-21.9), np.float64(20.2)]"
2024-05-23,22614.09961,22993.59961,22577.44922,22951.0,416.1503900000025,-6.400389999998879,46,1885.5961000000098,0.2206996450618456,Multi_Wave_Oscillating,"[np.float64(-8.9), np.float64(25.4), np.float64(-27.0), np.float64(26.2), np.float64(-31.7), np.float64(109.2)]"
2024-05-24,22930.75,23026.40039,22908.0,22952.0,118.40038999999888,-20.25,34,1320.5523399999984,0.08965974798090852,Multi_Wave_Oscillating,"[np.float64(-7.7), np.float64(75.1), np.float64(-24.1), np.float64(45.1), np.float64(-70.1), np.float64(50.2)]"
2024-05-27,23038.94922,23110.80078,22871.19922,22931.05,239.6015600000028,86.9492199999986,26,1382.5038999999815,0.1733098619107013,Multi_Wave_Oscillating,"[np.float64(-43.3), np.float64(38.5), np.float64(-49.0), np.float64(46.5), np.float64(-63.2), np.float64(21.8)]"
2024-05-28,22977.15039,22998.55078,22858.5,22868.65,140.0507800000014,46.10038999999961,33,1252.6023399999976,0.11180785435863201,Multi_Wave_Oscillating,"[np.float64(6.0), np.float64(-31.2), np.float64(27.5), np.float64(-52.2), np.float64(37.3), np.float64(-32.0)]"
2024-05-29,22762.75,22825.5,22685.44922,22705.8,140.0507800000014,-105.90000000000146,34,1310.9531200000129,0.106831264873911,Multi_Wave_Oscillating,"[np.float64(20.2), np.float64(-49.2), np.float64(23.7), np.float64(-24.7), np.float64(23.9), np.float64(-20.2)]"
2024-05-30,22617.44922,22705.75,22417.0,22557.1,288.75,-88.35078000000067,34,1594.2945399999953,0.1811145887760494,Multi_Wave_Oscillating,"[np.float64(21.7), np.float64(-40.1), np.float64(70.2), np.float64(-78.3), np.float64(21.1), np.float64(-27.1)]"
2024-05-31,22568.09961,22653.75,22465.09961,22550.45,188.65038999999888,10.999610000002576,48,2154.1507800000036,0.08757529498468931,Multi_Wave_Oscillating,"[np.float64(22.3), np.float64(-35.8), np.float64(78.2), np.float64(-21.3), np.float64(32.7), np.float64(-28.2)]"
2024-06-03,23337.9,23338.69922,23062.30078,23307.25,276.3984399999972,787.4500000000007,45,2169.101559999999,0.1274253105972582,Multi_Wave_Oscillating,"[np.float64(-25.9), np.float64(103.8), np.float64(-104.8), np.float64(47.9), np.float64(-40.8), np.float64(53.0)]"
2024-06-04,23179.5,23179.5,21281.44922,21996.45,1898.0507800000014,-127.75,149,17773.05311999995,0.1067937380924233,Multi_Wave_Oscillating,"[np.float64(-31.1), np.float64(225.7), np.float64(-383.6), np.float64(182.6), np.float64(-359.7), np.float64(67.2)]"
2024-06-05,22128.34961,22670.40039,21791.94922,22573.0,878.4511700000003,131.8996100000004,132,7487.099219999989,0.11732864012986882,Multi_Wave_Oscillating,"[np.float64(-18.3), np.float64(81.1), np.float64(-210.1), np.float64(68.1), np.float64(-168.2), np.float64(263.0)]"
2024-06-06,22798.59961,22910.15039,22642.59961,22849.05,267.55077999999776,225.59961000000112,123,5899.301559999993,0.04535295869838498,Multi_Wave_Oscillating,"[np.float64(-26.1), np.float64(76.9), np.float64(-105.2), np.float64(96.9), np.float64(-79.7), np.float64(117.0)]"
2024-06-07,22821.84961,23320.19922,22789.05078,23270.05,531.1484399999972,-27.20038999999815,72,3254.149220000025,0.16322190658484714,Multi_Wave_Oscillating,"[np.float64(-20.1), np.float64(144.0), np.float64(-30.3), np.float64(24.5), np.float64(-21.2), np.float64(37.3)]"
2024-06-10,23319.15039,23411.90039,23227.15039,23234.45,184.75,49.10038999999961,47,2191.251169999974,0.08431256194149674,Multi_Wave_Oscillating,"[np.float64(18.6), np.float64(-28.5), np.float64(23.9), np.float64(-62.6), np.float64(64.4), np.float64(-167.8)]"
2024-06-11,23283.75,23389.44922,23206.65039,23261.8,182.79882999999973,49.29999999999927,29,1268.2499999999927,0.14413469741770216,Multi_Wave_Oscillating,"[np.float64(-13.2), np.float64(25.1), np.float64(-24.0), np.float64(59.1), np.float64(-83.2), np.float64(82.2)]"
2024-06-12,23344.44922,23441.94922,23295.94922,23308.4,146.0,82.64921999999933,34,1335.9476600000016,0.10928571857373501,Multi_Wave_Oscillating,"[np.float64(-30.9), np.float64(43.8), np.float64(-23.8), np.float64(45.4), np.float64(-21.6), np.float64(80.6)]"
2024-06-13,23480.94922,23481.05078,23353.9,23399.35,127.15077999999994,172.54921999999715,29,1039.3992199999811,0.12233103272869711,Multi_Wave_Oscillating,"[np.float64(-29.0), np.float64(46.3), np.float64(-35.1), np.float64(21.0), np.float64(-45.3), np.float64(31.3)]"
2024-06-14,23464.94922,23490.40039,23334.25,23454.15,156.15038999999888,65.59922000000006,18,733.4499999999935,0.21289847978730694,Multi_Wave_Oscillating,"[np.float64(-92.1), np.float64(29.7), np.float64(-32.8), np.float64(34.2), np.float64(-29.7), np.float64(108.8)]"
2024-06-18,23570.80078,23579.05078,23499.69922,23562.3,79.35156000000279,116.65077999999994,15,556.1531199999954,0.1426793398192272,Multi_Wave_Oscillating,"[np.float64(-6.2), np.float64(25.7), np.float64(-42.1), np.float64(24.6), np.float64(-27.1), np.float64(73.1)]"
2024-06-19,23629.84961,23664.0,23412.90039,23521.4,251.09961000000112,67.54961000000185,56,2331.849220000029,0.10768260994164879,Multi_Wave_Oscillating,"[np.float64(-7.3), np.float64(25.1), np.float64(-26.7), np.float64(33.2), np.float64(-72.2), np.float64(72.6)]"
2024-06-20,23586.15039,23624.0,23442.59961,23579.15,181.40038999999888,64.75038999999742,53,2233.000000000018,0.08123618002686851,Multi_Wave_Oscillating,"[np.float64(-22.2), np.float64(35.3), np.float64(-66.6), np.float64(26.1), np.float64(-45.8), np.float64(93.5)]"
2024-06-21,23661.15039,23667.09961,23398.19922,23453.15,268.9003900000025,82.00038999999742,64,2753.2570199999864,0.09766628689100876,Multi_Wave_Oscillating,"[np.float64(-19.5), np.float64(41.4), np.float64(-41.9), np.float64(32.9), np.float64(-33.0), np.float64(30.2)]"
2024-06-24,23382.30078,23558.09961,23350.0,23548.65,208.09961000000112,-70.84922000000006,41,1559.2437599999794,0.13346188411233653,Multi_Wave_Oscillating,"[np.float64(-28.0), np.float64(61.6), np.float64(-30.6), np.float64(56.7), np.float64(-59.6), np.float64(24.0)]"
2024-06-25,23577.09961,23754.15039,23562.05078,23721.9,192.09960999999748,28.449609999999666,23,933.4007799999854,0.20580613828070776,Multi_Wave_Oscillating,"[np.float64(20.3), np.float64(-30.4), np.float64(30.8), np.float64(-32.6), np.float64(30.5), np.float64(-27.3)]"
2024-06-26,23723.09961,23889.90039,23670.44922,23840.25,219.45117000000027,1.1996099999996659,36,1384.2499999999964,0.15853434711937933,Multi_Wave_Oscillating,"[np.float64(-13.7), np.float64(53.3), np.float64(-72.2), np.float64(54.8), np.float64(-26.0), np.float64(22.8)]"
2024-06-27,23881.55078,24087.44922,23805.40039,24036.1,282.0488299999997,41.300780000001396,54,2413.1500000000015,0.1168799411557506,Multi_Wave_Oscillating,"[np.float64(-12.9), np.float64(41.9), np.float64(-55.6), np.float64(22.3), np.float64(-24.5), np.float64(74.4)]"
2024-06-28,24085.90039,24174.0,23985.80078,24009.8,188.1992199999986,49.800390000000334,46,1829.3445399999982,0.10287795212158272,Multi_Wave_Oscillating,"[np.float64(10.9), np.float64(-30.7), np.float64(25.0), np.float64(-27.0), np.float64(46.2), np.float64(-28.2)]"
2024-07-01,23992.94922,24164.0,23992.69922,24123.15,171.3007800000014,-16.85078000000067,25,845.0999999999985,0.20269882854100307,Multi_Wave_Oscillating,"[np.float64(13.6), np.float64(-36.7), np.float64(53.9), np.float64(-27.2), np.float64(50.8), np.float64(-20.1)]"
2024-07-02,24228.75,24236.34961,24056.40039,24117.8,179.94922000000224,105.59999999999854,32,1334.2992199999971,0.13486421733799905,Multi_Wave_Oscillating,"[np.float64(-21.7), np.float64(36.8), np.float64(-41.5), np.float64(25.5), np.float64(-123.6), np.float64(53.6)]"
2024-07-03,24291.75,24309.15039,24207.09961,24290.8,102.05077999999776,173.95000000000073,21,789.2511699999995,0.12930076492632608,Multi_Wave_Oscillating,"[np.float64(-12.8), np.float64(59.0), np.float64(-36.8), np.float64(77.9), np.float64(-39.3), np.float64(22.9)]"
2024-07-04,24369.94922,24401.0,24281.0,24304.65,120.0,79.14921999999933,27,952.5999999999767,0.1259710266638704,Multi_Wave_Oscillating,"[np.float64(-28.1), np.float64(38.4), np.float64(-23.5), np.float64(37.8), np.float64(-25.6), np.float64(54.8)]"
2024-07-05,24213.34961,24363.0,24168.84961,24316.75,194.15038999999888,-91.30039000000033,27,1113.900779999989,0.17429774131229245,Multi_Wave_Oscillating,"[np.float64(10.1), np.float64(-77.1), np.float64(24.2), np.float64(-37.7), np.float64(35.6), np.float64(-25.2)]"
2024-07-08,24329.44922,24344.59961,24240.55078,24331.05,104.04882999999973,12.699219999998604,29,1139.7949299999855,0.09128732481728187,Multi_Wave_Oscillating,"[np.float64(-2.9), np.float64(55.8), np.float64(-30.6), np.float64(26.7), np.float64(-72.3), np.float64(36.1)]"
2024-07-09,24351.0,24443.59961,24331.90039,24417.25,111.69922000000224,19.950000000000728,17,569.2046799999916,0.19623735349471105,Multi_Wave_Oscillating,"[np.float64(10.5), np.float64(-21.3), np.float64(22.2), np.float64(-22.1), np.float64(32.5), np.float64(-33.8)]"
2024-07-10,24459.84961,24461.05078,24141.80078,24312.4,319.25,42.59961000000112,42,1797.3500000000022,0.17762261106629182,Multi_Wave_Oscillating,"[np.float64(-33.0), np.float64(40.5), np.float64(-25.0), np.float64(20.1), np.float64(-52.2), np.float64(28.0)]"
2024-07-11,24396.55078,24402.65039,24193.75,24338.5,208.90038999999888,84.15077999999994,38,1388.2984400000023,0.15047225004444903,Multi_Wave_Oscillating,"[np.float64(-18.7), np.float64(29.0), np.float64(-52.8), np.float64(20.7), np.float64(-46.1), np.float64(41.9)]"
2024-07-12,24387.94922,24592.19922,24331.15039,24512.4,261.0488299999997,49.449219999998604,41,1919.1515599999912,0.13602304030641588,Multi_Wave_Oscillating,"[np.float64(-20.1), np.float64(26.4), np.float64(-49.1), np.float64(98.3), np.float64(-34.8), np.float64(23.0)]"
2024-07-15,24587.6,24635.05078,24522.75,24588.35,112.3007800000014,75.19999999999709,26,966.9492200000059,0.11613927358046859,Multi_Wave_Oscillating,"[np.float64(-16.4), np.float64(30.9), np.float64(-44.5), np.float64(26.9), np.float64(-20.3), np.float64(28.2)]"
2024-07-16,24615.90039,24661.25,24587.65039,24601.1,73.59961000000112,27.550390000000334,24,793.5507800000269,0.09274719634198914,Multi_Wave_Oscillating,"[np.float64(21.6), np.float64(-44.2), np.float64(25.1), np.float64(-20.0), np.float64(32.2), np.float64(-22.8)]"
2024-07-18,24543.80078,24837.75,24504.44922,24779.35,333.3007800000014,-57.29921999999715,39,1879.6515599999875,0.17732051359561748,Multi_Wave_Oscillating,"[np.float64(23.3), np.float64(-70.8), np.float64(54.8), np.float64(-23.0), np.float64(112.0), np.float64(-20.2)]"
2024-07-19,24853.80078,24854.80078,24508.15039,24525.85,346.6503900000025,74.45078000000285,41,1669.3007800000123,0.20766203080549686,Multi_Wave_Oscillating,"[np.float64(-47.2), np.float64(46.0), np.float64(-27.3), np.float64(20.1), np.float64(-62.2), np.float64(35.7)]"
2024-07-22,24445.75,24595.19922,24362.30078,24515.9,232.8984399999972,-80.09999999999854,39,1561.6468800000075,0.1491364296133298,Multi_Wave_Oscillating,"[np.float64(-35.9), np.float64(66.1), np.float64(-41.5), np.float64(54.8), np.float64(-21.1), np.float64(37.2)]"
2024-07-23,24568.90039,24582.55078,24074.19922,24476.4,508.3515600000028,53.000389999997424,96,5314.253120000016,0.0956581383161518,Multi_Wave_Oscillating,"[np.float64(6.2), np.float64(-37.7), np.float64(23.9), np.float64(-66.2), np.float64(39.9), np.float64(-35.5)]"
2024-07-24,24444.94922,24504.25,24307.25,24441.9,197.0,-31.45078000000285,67,2773.2999999999665,0.07103450762629444,Multi_Wave_Oscillating,"[np.float64(-35.4), np.float64(46.5), np.float64(-22.6), np.float64(57.6), np.float64(-33.7), np.float64(24.6)]"
2024-07-25,24230.94922,24426.15039,24210.80078,24415.0,215.34960999999748,-210.95078000000285,38,1338.793759999986,0.1608534611036727,Multi_Wave_Oscillating,"[np.float64(25.3), np.float64(-49.0), np.float64(22.1), np.float64(-38.8), np.float64(46.4), np.float64(-23.6)]"
2024-07-26,24423.34961,24861.15039,24410.90039,24851.75,450.25,8.349610000001121,34,1411.7527300000147,0.3189297887881508,Multi_Wave_Oscillating,"[np.float64(17.3), np.float64(-24.5), np.float64(43.7), np.float64(-30.7), np.float64(128.9), np.float64(-24.2)]"
2024-07-29,24943.30078,24999.75,24774.59961,24840.95,225.15038999999888,91.5507800000014,40,1969.9476599999944,0.11429257465652642,Multi_Wave_Oscillating,"[np.float64(24.7), np.float64(-63.2), np.float64(28.7), np.float64(-48.1), np.float64(26.2), np.float64(-30.0)]"
2024-07-30,24839.40039,24971.75,24798.65039,24840.9,173.09961000000112,-1.5496100000018487,24,1251.5945399999982,0.13830326393082648,Multi_Wave_Oscillating,"[np.float64(-29.4), np.float64(51.2), np.float64(-36.2), np.float64(30.5), np.float64(-27.5), np.float64(30.2)]"
2024-07-31,24886.69922,24984.59961,24856.5,24979.3,128.09961000000112,45.79921999999715,22,938.8949299999913,0.13643657656134356,Multi_Wave_Oscillating,"[np.float64(13.5), np.float64(-31.0), np.float64(42.6), np.float64(-72.6), np.float64(53.5), np.float64(-37.1)]"
2024-08-01,25030.94922,25078.30078,24956.40039,25006.0,121.90039000000252,51.64921999999933,20,797.4015599999912,0.1528720234758556,Multi_Wave_Oscillating,"[np.float64(-21.2), np.float64(69.5), np.float64(-52.1), np.float64(30.4), np.float64(-53.0), np.float64(37.6)]"
2024-08-02,24789.0,24851.90039,24686.84961,24699.45,165.05077999999776,-217.0,39,1552.3054600000105,0.10632622525208192,Multi_Wave_Oscillating,"[np.float64(24.4), np.float64(-34.9), np.float64(29.3), np.float64(-21.7), np.float64(37.6), np.float64(-27.5)]"
2024-08-05,24302.84961,24350.05078,23893.69922,24051.8,456.3515600000028,-396.6003899999996,99,4501.950000000015,0.10136753184731088,Multi_Wave_Oscillating,"[np.float64(18.5), np.float64(-63.2), np.float64(32.6), np.float64(-109.8), np.float64(25.9), np.float64(-43.0)]"
2024-08-06,24189.84961,24382.59961,23960.40039,24033.05,422.19922000000224,138.04961000000185,78,3434.3937599999954,0.12293267735264078,Multi_Wave_Oscillating,"[np.float64(19.1), np.float64(-42.3), np.float64(39.5), np.float64(-27.6), np.float64(56.2), np.float64(-105.6)]"
2024-08-07,24289.40039,24337.69922,24184.90039,24315.25,152.79882999999973,256.3503899999996,39,1743.3960999999945,0.08764435689629006,Multi_Wave_Oscillating,"[np.float64(-17.8), np.float64(57.9), np.float64(-61.8), np.float64(32.2), np.float64(-34.2), np.float64(42.3)]"
2024-08-08,24248.55078,24340.5,24079.69922,24098.7,260.8007800000014,-66.6992199999986,75,3492.2468800000024,0.07467993786281261,Multi_Wave_Oscillating,"[np.float64(-6.1), np.float64(22.5), np.float64(-52.5), np.float64(55.6), np.float64(-39.5), np.float64(46.0)]"
2024-08-09,24386.84961,24419.75,24311.19922,24364.4,108.5507800000014,288.1496100000004,32,1119.301560000018,0.09698081721605002,Multi_Wave_Oscillating,"[np.float64(-28.2), np.float64(64.7), np.float64(-23.0), np.float64(47.9), np.float64(-34.9), np.float64(49.2)]"
2024-08-12,24320.05078,24472.80078,24212.09961,24348.8,260.7011700000003,-44.34922000000006,38,1793.6531199999954,0.1453464814869003,Multi_Wave_Oscillating,"[np.float64(-39.0), np.float64(53.9), np.float64(-52.4), np.float64(61.8), np.float64(-56.2), np.float64(35.7)]"
2024-08-13,24342.34961,24359.94922,24116.5,24141.2,243.4492199999986,-6.450389999998151,42,1656.5539000000317,0.14696124285481682,Multi_Wave_Oscillating,"[np.float64(15.7), np.float64(-44.2), np.float64(26.2), np.float64(-33.5), np.float64(42.7), np.float64(-35.6)]"
2024-08-14,24184.40039,24196.5,24099.69922,24144.5,96.8007800000014,43.20038999999815,31,1109.7484399999958,0.08722767837366978,Multi_Wave_Oscillating,"[np.float64(-10.3), np.float64(21.0), np.float64(-23.9), np.float64(37.0), np.float64(-56.3), np.float64(26.6)]"
2024-08-16,24334.84961,24563.90039,24204.5,24539.2,359.4003899999989,190.34961000000112,48,2081.2515600000006,0.17268474263630043,Multi_Wave_Oscillating,"[np.float64(-19.8), np.float64(100.8), np.float64(-30.1), np.float64(25.1), np.float64(-50.5), np.float64(34.9)]"
2024-08-19,24636.34961,24638.80078,24522.94922,24579.0,115.85156000000279,97.1496100000004,23,956.0523399999911,0.1211770058530518,Multi_Wave_Oscillating,"[np.float64(-22.8), np.float64(30.5), np.float64(-62.6), np.float64(38.5), np.float64(-26.7), np.float64(37.9)]"
2024-08-20,24648.90039,24734.30078,24607.19922,24672.85,127.10156000000279,69.90038999999888,22,803.0531199999969,0.1582729172386545,Multi_Wave_Oscillating,"[np.float64(-17.1), np.float64(33.2), np.float64(-39.4), np.float64(21.6), np.float64(-27.8), np.float64(81.2)]"
2024-08-21,24680.55078,24787.94922,24654.5,24781.9,133.4492199999986,7.700780000002851,20,822.5476600000075,0.16223889081393458,Multi_Wave_Oscillating,"[np.float64(20.6), np.float64(-47.4), np.float64(29.8), np.float64(-20.2), np.float64(23.4), np.float64(-25.1)]"
2024-08-22,24863.40039,24867.34961,24784.44922,24810.9,82.90039000000252,81.50038999999742,13,487.4023400000042,0.1700861551054552,Multi_Wave_Oscillating,"[np.float64(-29.6), np.float64(40.7), np.float64(-55.1), np.float64(38.8), np.float64(-30.2), np.float64(54.8)]"
2024-08-23,24845.40039,24858.40039,24771.65039,24831.85,86.75,34.500389999997424,17,678.6476599999951,0.12782774495973453,Multi_Wave_Oscillating,"[np.float64(-22.6), np.float64(54.3), np.float64(-74.9), np.float64(30.0), np.float64(-25.7), np.float64(59.6)]"
2024-08-26,24906.09961,25043.80078,24874.69922,25011.45,169.1015600000028,74.24961000000258,18,702.3523400000013,0.2407645712407002,Multi_Wave_Oscillating,"[np.float64(-5.2), np.float64(110.5), np.float64(-20.4), np.float64(32.6), np.float64(-31.2), np.float64(77.6)]"
2024-08-27,25024.80078,25073.09961,24973.65039,24997.05,99.44922000000224,13.350780000000668,18,736.8492199999891,0.13496549538317176,Multi_Wave_Oscillating,"[np.float64(-9.2), np.float64(48.7), np.float64(-63.0), np.float64(70.0), np.float64(-24.0), np.float64(21.6)]"
2024-08-28,25030.80078,25129.59961,24964.65039,25044.85,164.94922000000224,33.75078000000212,17,746.6507800000036,0.22091883437127255,Multi_Wave_Oscillating,"[np.float64(17.0), np.float64(-83.5), np.float64(61.1), np.float64(-37.8), np.float64(41.5), np.float64(-29.5)]"
2024-08-29,25035.30078,25192.90039,24998.5,25156.75,194.40038999999888,-9.549219999997149,33,1667.9046799999887,0.11655365701114298,Multi_Wave_Oscillating,"[np.float64(-17.5), np.float64(56.2), np.float64(-30.0), np.float64(73.1), np.float64(-24.4), np.float64(25.5)]"
2024-08-30,25249.69922,25268.34961,25199.40039,25247.0,68.94922000000224,92.9492199999986,30,976.4976600000082,0.07060868942584221,Multi_Wave_Oscillating,"[np.float64(-22.2), np.float64(22.9), np.float64(-21.9), np.float64(33.7), np.float64(-53.2), np.float64(38.9)]"
2024-09-02,25333.59961,25333.65039,25235.5,25273.9,98.15038999999888,86.59961000000112,18,626.850779999997,0.15657696078801936,Multi_Wave_Oscillating,"[np.float64(-16.5), np.float64(33.2), np.float64(-41.8), np.float64(39.8), np.float64(-39.9), np.float64(40.3)]"
2024-09-03,25313.40039,25321.69922,25235.80078,25268.85,85.89843999999721,39.500389999997424,14,490.85077999999703,0.17499909035490935,Multi_Wave_Oscillating,"[np.float64(-2.0), np.float64(28.7), np.float64(-31.4), np.float64(21.4), np.float64(-35.3), np.float64(33.4)]"
2024-09-04,25089.94922,25216.0,25083.80078,25206.35,132.1992199999986,-178.90077999999994,12,581.3484399999834,0.22740100584083855,Multi_Wave_Oscillating,"[np.float64(27.6), np.float64(-47.9), np.float64(35.1), np.float64(-27.1), np.float64(23.2), np.float64(-26.6)]"
2024-09-05,25250.5,25275.44922,25127.75,25144.8,147.6992199999986,44.150000000001455,26,839.904679999996,0.1758523598177823,Multi_Wave_Oscillating,"[np.float64(-11.4), np.float64(25.3), np.float64(-54.6), np.float64(29.0), np.float64(-45.8), np.float64(36.1)]"
2024-09-06,25093.69922,25168.75,24801.3,24868.5,367.4500000000007,-51.10078000000067,40,2025.9039000000012,0.18137582932734397,Multi_Wave_Oscillating,"[np.float64(18.1), np.float64(-46.6), np.float64(83.7), np.float64(-125.2), np.float64(42.7), np.float64(-80.2)]"
2024-09-09,24823.40039,24957.5,24753.15,24942.25,204.34999999999854,-45.09961000000112,30,1363.3476599999922,0.14988840043925386,Multi_Wave_Oscillating,"[np.float64(-32.6), np.float64(48.9), np.float64(-39.3), np.float64(44.3), np.float64(-71.4), np.float64(94.0)]"
2024-09-10,24999.40039,25130.5,24896.80078,25052.1,233.6992199999986,57.15038999999888,32,1241.0515600000108,0.18830742213481974,Multi_Wave_Oscillating,"[np.float64(15.0), np.float64(-48.7), np.float64(40.8), np.float64(-30.1), np.float64(24.8), np.float64(-39.4)]"
2024-09-11,25034.0,25113.69922,24885.15039,24951.8,228.54882999999973,-18.099999999998545,37,1590.2023399999998,0.14372311261974358,Multi_Wave_Oscillating,"[np.float64(-5.0), np.float64(27.7), np.float64(-53.3), np.float64(92.2), np.float64(-45.3), np.float64(22.6)]"
2024-09-12,25059.65039,25433.34961,24941.44922,25314.95,491.9003900000025,107.8503899999996,70,2905.805459999996,0.16928194153782175,Multi_Wave_Oscillating,"[np.float64(-16.8), np.float64(32.3), np.float64(-34.1), np.float64(46.9), np.float64(-20.5), np.float64(36.1)]"
2024-09-13,25430.44922,25430.5,25292.44922,25343.55,138.0507800000014,115.49921999999788,32,1102.550000000003,0.12521044850573765,Multi_Wave_Oscillating,"[np.float64(-3.8), np.float64(26.4), np.float64(-74.0), np.float64(79.3), np.float64(-55.4), np.float64(38.2)]"
2024-09-16,25406.65039,25445.69922,25336.19922,25377.2,109.5,63.10038999999961,14,609.0499999999956,0.17978819472949806,Multi_Wave_Oscillating,"[np.float64(-28.8), np.float64(39.0), np.float64(-23.3), np.float64(64.0), np.float64(-55.9), np.float64(22.2)]"
2024-09-17,25416.90039,25441.65039,25352.25,25407.15,89.40038999999888,39.70038999999815,12,440.0992199999964,0.20313689717514066,Multi_Wave_Oscillating,"[np.float64(-25.5), np.float64(44.8), np.float64(-49.3), np.float64(63.6), np.float64(-23.5), np.float64(40.3)]"
2024-09-18,25402.40039,25482.19922,25285.55078,25343.45,196.6484399999972,-4.749610000002576,22,1077.4929799999954,0.1825055417066365,Multi_Wave_Oscillating,"[np.float64(-17.9), np.float64(37.3), np.float64(-24.2), np.float64(49.1), np.float64(-35.0), np.float64(70.5)]"
2024-09-19,25487.05078,25611.94922,25376.05078,25445.0,235.8984399999972,143.60078000000067,50,1939.2984400000241,0.1216411229619688,Multi_Wave_Oscillating,"[np.float64(53.2), np.float64(-57.4), np.float64(46.0), np.float64(-21.8), np.float64(51.9), np.float64(-22.8)]"
2024-09-20,25525.94922,25849.25,25426.59961,25820.35,422.6503899999989,80.9492199999986,98,5117.346099999981,0.08259171487345765,Multi_Wave_Oscillating,"[np.float64(-20.7), np.float64(21.4), np.float64(-71.6), np.float64(53.5), np.float64(-35.0), np.float64(29.5)]"
2024-09-23,25872.55078,25956.0,25847.34961,25930.15,108.65038999999888,52.20078000000285,15,628.4015599999948,0.1728996185178149,Multi_Wave_Oscillating,"[np.float64(19.4), np.float64(-42.0), np.float64(48.9), np.float64(-27.5), np.float64(28.8), np.float64(-31.8)]"
2024-09-24,25921.44922,26011.55078,25886.84961,25951.9,124.70117000000027,-8.700780000002851,21,834.6570199999987,0.14940408696257113,Multi_Wave_Oscillating,"[np.float64(-25.6), np.float64(47.0), np.float64(-22.5), np.float64(26.8), np.float64(-20.0), np.float64(57.5)]"
2024-09-25,25899.44922,26032.80078,25871.34961,26013.5,161.45117000000027,-52.45078000000285,20,737.5031200000049,0.2189159145523333,Multi_Wave_Oscillating,"[np.float64(-6.7), np.float64(60.1), np.float64(-29.7), np.float64(32.1), np.float64(-24.6), np.float64(21.1)]"
2024-09-26,26005.40039,26250.90039,25998.40039,26184.65,252.5,-8.099610000001121,33,1304.1015599999846,0.1936198895429609,Multi_Wave_Oscillating,"[np.float64(39.1), np.float64(-21.2), np.float64(25.9), np.float64(-30.0), np.float64(25.2), np.float64(-27.0)]"
2024-09-27,26248.25,26277.34961,26151.40039,26175.0,125.94922000000224,63.599999999998545,34,1204.7515600000115,0.10454372850117001,Multi_Wave_Oscillating,"[np.float64(-14.7), np.float64(30.8), np.float64(-21.0), np.float64(53.1), np.float64(-26.6), np.float64(32.1)]"
2024-09-30,26061.30078,26134.69922,25794.09961,25822.8,340.5996099999975,-113.6992199999986,42,1609.1906399999934,0.21165895546098806,Multi_Wave_Oscillating,"[np.float64(36.8), np.float64(-56.9), np.float64(24.9), np.float64(-47.5), np.float64(24.6), np.float64(-100.3)]"
2024-10-01,25788.44922,25907.59961,25739.19922,25812.55,168.40039000000252,-34.35078000000067,42,1631.7523400000136,0.10320217466334451,Multi_Wave_Oscillating,"[np.float64(12.0), np.float64(-36.0), np.float64(30.9), np.float64(-80.6), np.float64(40.0), np.float64(-26.9)]"
2024-10-03,25452.84961,25639.44922,25230.30078,25266.0,409.1484399999972,-359.70038999999815,52,2183.9453199999843,0.18734371975943068,Multi_Wave_Oscillating,"[np.float64(58.5), np.float64(-79.8), np.float64(37.5), np.float64(-37.1), np.float64(53.2), np.float64(-25.8)]"
2024-10-04,25181.90039,25485.05078,24966.80078,25049.1,518.25,-84.09961000000112,108,5153.555459999981,0.1005616421560741,Multi_Wave_Oscillating,"[np.float64(20.9), np.float64(-123.7), np.float64(29.8), np.float64(-45.5), np.float64(42.4), np.float64(-72.6)]"
2024-10-07,25084.09961,25143.0,24694.34961,24819.0,448.6503899999989,34.999610000002576,106,4936.153119999992,0.09089069546529781,Multi_Wave_Oscillating,"[np.float64(25.5), np.float64(-62.1), np.float64(44.3), np.float64(-33.0), np.float64(22.1), np.float64(-43.5)]"
2024-10-08,24832.19922,25044.0,24756.80078,25039.5,287.1992199999986,13.199219999998604,69,2926.3476600000176,0.09814254947411029,Multi_Wave_Oscillating,"[np.float64(-12.6), np.float64(52.1), np.float64(-49.1), np.float64(55.4), np.float64(-47.2), np.float64(68.9)]"
2024-10-09,25065.80078,25234.05078,24947.69922,25019.55,286.3515600000028,26.300780000001396,51,2255.5015600000006,0.12695693280744294,Multi_Wave_Oscillating,"[np.float64(-19.2), np.float64(28.3), np.float64(-32.7), np.float64(35.5), np.float64(-26.8), np.float64(22.0)]"
2024-10-10,25067.05078,25134.05078,24979.40039,25007.55,154.65039000000252,47.50078000000212,31,1336.9976599999754,0.11566990326670082,Multi_Wave_Oscillating,"[np.float64(-30.1), np.float64(35.6), np.float64(-43.6), np.float64(49.3), np.float64(-60.0), np.float64(20.3)]"
2024-10-11,24985.30078,25028.65039,24920.05078,24975.05,108.59960999999748,-22.249219999997877,31,1039.7507799999948,0.10444773121497251,Multi_Wave_Oscillating,"[np.float64(-29.2), np.float64(46.7), np.float64(-24.0), np.float64(35.1), np.float64(-21.0), np.float64(22.4)]"
2024-10-14,25023.44922,25159.75,25017.5,25142.3,142.25,48.39921999999933,24,951.298439999995,0.14953246428113637,Multi_Wave_Oscillating,"[np.float64(27.1), np.float64(-49.0), np.float64(40.0), np.float64(-28.7), np.float64(91.5), np.float64(-26.1)]"
2024-10-15,25186.30078,25212.05078,25008.15039,25065.15,203.90039000000252,44.00078000000212,24,1090.5046800000055,0.18697800544973497,Multi_Wave_Oscillating,"[np.float64(17.5), np.float64(-45.8), np.float64(20.6), np.float64(-72.7), np.float64(25.4), np.float64(-97.5)]"
2024-10-16,25008.55078,25093.40039,24908.44922,24959.9,184.95117000000027,-56.59922000000006,29,1187.0500000000102,0.15580739648708875,Multi_Wave_Oscillating,"[np.float64(17.1), np.float64(-21.6), np.float64(28.5), np.float64(-22.9), np.float64(79.0), np.float64(-49.7)]"
2024-10-17,25027.40039,25029.5,24728.90039,24750.2,300.5996100000011,67.50038999999742,35,1379.200780000021,0.21795203016053727,Multi_Wave_Oscillating,"[np.float64(-63.3), np.float64(27.0), np.float64(-41.8), np.float64(31.1), np.float64(-109.4), np.float64(23.9)]"
2024-10-18,24664.94922,24886.19922,24567.65039,24862.65,318.5488299999997,-85.25078000000212,57,2326.245320000002,0.13693690311217885,Multi_Wave_Oscillating,"[np.float64(28.1), np.float64(-98.9), np.float64(21.4), np.float64(-45.8), np.float64(27.1), np.float64(-31.0)]"
2024-10-21,24956.15039,24978.30078,24679.59961,24739.45,298.7011700000003,93.50038999999742,54,2582.203119999991,0.11567686820857118,Multi_Wave_Oscillating,"[np.float64(-12.6), np.float64(35.0), np.float64(-66.0), np.float64(22.1), np.float64(-22.6), np.float64(22.5)]"
2024-10-22,24798.65039,24882.0,24445.80078,24481.75,436.1992199999986,59.20038999999815,79,3269.352340000005,0.13342068233612225,Multi_Wave_Oscillating,"[np.float64(-31.9), np.float64(77.4), np.float64(-20.3), np.float64(41.6), np.float64(-68.4), np.float64(36.4)]"
2024-10-23,24378.15039,24604.25,24378.09961,24436.0,226.15038999999888,-103.59961000000112,64,2770.9554599999647,0.08161458863723553,Multi_Wave_Oscillating,"[np.float64(17.2), np.float64(-40.5), np.float64(83.1), np.float64(-36.6), np.float64(25.5), np.float64(-64.8)]"
2024-10-24,24412.69922,24480.65039,24341.19922,24414.6,139.45117000000027,-23.300780000001396,30,1094.5038999999997,0.12741039113702593,Multi_Wave_Oscillating,"[np.float64(17.7), np.float64(-79.8), np.float64(62.9), np.float64(-61.8), np.float64(23.6), np.float64(-44.5)]"
2024-10-25,24418.05078,24440.25,24073.90039,24211.8,366.3496100000011,3.450780000002851,54,2485.5507800000087,0.14739172216791316,Multi_Wave_Oscillating,"[np.float64(-11.9), np.float64(58.2), np.float64(-44.0), np.float64(53.2), np.float64(-84.2), np.float64(51.9)]"
2024-10-28,24251.09961,24492.6,24134.90039,24367.7,357.69960999999967,39.29961000000185,55,2540.0992199999782,0.14082111721604432,Multi_Wave_Oscillating,"[np.float64(-17.7), np.float64(37.2), np.float64(-39.4), np.float64(44.1), np.float64(-102.9), np.float64(52.3)]"
2024-10-29,24328.84961,24484.5,24140.84961,24454.0,343.6503899999989,-38.85038999999961,56,2466.299219999979,0.13933848221384987,Multi_Wave_Oscillating,"[np.float64(-46.1), np.float64(45.5), np.float64(-36.8), np.float64(49.5), np.float64(-70.7), np.float64(47.2)]"
2024-10-30,24371.44922,24498.19922,24307.30078,24350.3,190.8984399999972,-82.5507800000014,41,1816.3976599999914,0.10509727258732436,Multi_Wave_Oscillating,"[np.float64(56.7), np.float64(-98.8), np.float64(34.0), np.float64(-22.5), np.float64(62.3), np.float64(-40.3)]"
2024-10-31,24349.84961,24372.44922,24172.59961,24238.5,199.84960999999748,-0.4503899999981513,29,1142.9476600000125,0.1748545598317208,Multi_Wave_Oscillating,"[np.float64(-7.5), np.float64(42.3), np.float64(-35.1), np.float64(34.9), np.float64(-41.0), np.float64(24.7)]"
2024-11-04,24315.75,24316.75,23816.15039,23990.95,500.5996100000011,77.25,66,2710.147659999988,0.1847130388460101,Multi_Wave_Oscillating,"[np.float64(-104.3), np.float64(31.1), np.float64(-51.4), np.float64(42.7), np.float64(-47.8), np.float64(37.8)]"
2024-11-05,23916.5,24229.05078,23842.75,24198.15,386.3007800000014,-74.45000000000073,61,2849.5507799999905,0.13556550131035133,Multi_Wave_Oscillating,"[np.float64(85.5), np.float64(-28.3), np.float64(43.9), np.float64(-45.7), np.float64(47.8), np.float64(-49.2)]"
2024-11-06,24308.75,24537.59961,24204.05078,24493.9,333.5488299999997,110.59999999999854,35,1859.8945399999757,0.17933749620019,Multi_Wave_Oscillating,"[np.float64(-56.2), np.float64(39.3), np.float64(-68.5), np.float64(145.9), np.float64(-54.8), np.float64(57.6)]"
2024-11-07,24489.59961,24503.34961,24179.05078,24194.6,324.2988299999997,-4.300390000000334,32,1396.1968799999995,0.23227299433587034,Multi_Wave_Oscillating,"[np.float64(-31.7), np.float64(34.3), np.float64(-22.9), np.float64(33.2), np.float64(-113.1), np.float64(20.5)]"
2024-11-08,24207.69922,24276.15039,24066.65039,24110.35,209.5,13.09922000000006,40,1814.7007799999956,0.11544602962037659,Multi_Wave_Oscillating,"[np.float64(-35.8), np.float64(24.2), np.float64(-47.6), np.float64(36.0), np.float64(-28.5), np.float64(118.0)]"
2024-11-11,24087.25,24336.80078,24004.59961,24122.1,332.2011700000003,-23.099999999998545,42,2162.4015599999984,0.15362603142036232,Multi_Wave_Oscillating,"[np.float64(-10.0), np.float64(101.7), np.float64(-45.4), np.float64(27.7), np.float64(-23.2), np.float64(80.2)]"
2024-11-12,24225.80078,24242.0,23839.15039,23842.95,402.8496100000011,103.70078000000285,65,2890.0472700000137,0.13939204876742353,Multi_Wave_Oscillating,"[np.float64(7.0), np.float64(-41.8), np.float64(31.2), np.float64(-44.9), np.float64(22.9), np.float64(-26.7)]"
2024-11-13,23822.44922,23873.59961,23509.59961,23602.9,364.0,-20.500780000002123,65,3004.0492200000117,0.12116978562688084,Multi_Wave_Oscillating,"[np.float64(13.1), np.float64(-21.8), np.float64(32.5), np.float64(-58.2), np.float64(69.2), np.float64(-76.3)]"
2024-11-14,23542.15039,23675.90039,23484.15039,23559.6,191.75,-60.749610000002576,48,2063.60156000001,0.09292006931803204,Multi_Wave_Oscillating,"[np.float64(45.6), np.float64(-75.8), np.float64(42.5), np.float64(-53.6), np.float64(65.7), np.float64(-51.4)]"
2024-11-18,23605.30078,23606.80078,23350.40039,23465.3,256.4003900000025,45.70078000000285,58,2735.699999999986,0.09372386957634384,Multi_Wave_Oscillating,"[np.float64(-76.9), np.float64(75.8), np.float64(-102.8), np.float64(35.3), np.float64(-55.5), np.float64(25.4)]"
2024-11-19,23529.55078,23780.65039,23464.80078,23468.7,315.8496099999975,64.25078000000212,39,1817.2023399999853,0.17381091970198545,Multi_Wave_Oscillating,"[np.float64(50.6), np.float64(-22.2), np.float64(62.9), np.float64(-22.0), np.float64(52.9), np.float64(-31.7)]"
2024-11-21,23488.44922,23507.30078,23263.15039,23346.75,244.15039000000252,19.749219999997877,40,1936.1992200000095,0.1260977628118254,Multi_Wave_Oscillating,"[np.float64(-108.0), np.float64(101.2), np.float64(-86.9), np.float64(65.5), np.float64(-59.3), np.float64(62.5)]"
2024-11-22,23411.80078,23956.09961,23359.0,23873.5,597.0996100000011,65.0507800000014,84,4053.1453200000105,0.14731759235318995,Multi_Wave_Oscillating,"[np.float64(-40.7), np.float64(65.7), np.float64(-35.2), np.float64(123.4), np.float64(-24.6), np.float64(52.8)]"
2024-11-25,24253.55078,24351.55078,24135.44922,24250.8,216.1015600000028,380.0507800000014,52,2207.099999999995,0.09791199311313638,Multi_Wave_Oscillating,"[np.float64(23.8), np.float64(-46.5), np.float64(27.0), np.float64(-60.0), np.float64(65.4), np.float64(-33.4)]"
2024-11-26,24343.30078,24343.30078,24125.40039,24192.95,217.90039000000252,92.50078000000212,40,1646.3468799999937,0.1323538755089106,Multi_Wave_Oscillating,"[np.float64(-6.0), np.float64(55.8), np.float64(-50.9), np.float64(34.3), np.float64(-84.0), np.float64(26.5)]"
2024-11-27,24204.80078,24354.55078,24145.65039,24277.35,208.90039000000252,11.850780000000668,33,1341.0999999999985,0.15576794422489207,Multi_Wave_Oscillating,"[np.float64(-10.3), np.float64(52.9), np.float64(-34.1), np.float64(21.0), np.float64(-33.0), np.float64(29.3)]"
2024-11-28,24274.15039,24345.75,23873.34961,23957.45,472.4003899999989,-3.199609999999666,52,2945.4538999999786,0.1603828836024228,Multi_Wave_Oscillating,"[np.float64(22.4), np.float64(-57.2), np.float64(23.7), np.float64(-35.2), np.float64(62.2), np.float64(-23.7)]"
2024-11-29,23927.15039,24188.44922,23927.15039,24123.65,261.2988299999997,-30.29961000000185,65,2630.4999999999964,0.09933428245580692,Multi_Wave_Oscillating,"[np.float64(30.2), np.float64(-34.8), np.float64(38.0), np.float64(-45.4), np.float64(102.0), np.float64(-49.9)]"
2024-12-02,24140.84961,24301.69922,24008.65039,24275.25,293.0488299999997,17.199609999999666,45,1853.9914199999985,0.15806374659490063,Multi_Wave_Oscillating,"[np.float64(-17.8), np.float64(28.3), np.float64(-37.5), np.float64(36.2), np.float64(-48.9), np.float64(120.7)]"
2024-12-03,24367.5,24481.34961,24280.0,24445.85,201.34961000000112,92.25,24,1001.5492200000081,0.20103815766538113,Multi_Wave_Oscillating,"[np.float64(-22.8), np.float64(29.1), np.float64(-52.0), np.float64(27.0), np.float64(-29.7), np.float64(41.3)]"
2024-12-04,24488.75,24573.19922,24366.30078,24461.55,206.8984399999972,42.900000000001455,50,2201.8492200000037,0.09396576210608866,Multi_Wave_Oscillating,"[np.float64(-18.9), np.float64(106.0), np.float64(-23.0), np.float64(33.0), np.float64(-23.7), np.float64(26.0)]"
2024-12-05,24539.15039,24857.75,24295.55078,24701.55,562.1992199999986,77.6003899999996,74,4041.9476600000053,0.13909116774659022,Multi_Wave_Oscillating,"[np.float64(-23.9), np.float64(44.6), np.float64(-29.7), np.float64(37.0), np.float64(-78.5), np.float64(43.5)]"
2024-12-06,24729.44922,24751.05078,24620.5,24669.0,130.5507800000014,27.89921999999933,46,1847.4031200000027,0.0706671860552023,Multi_Wave_Oscillating,"[np.float64(-6.3), np.float64(23.4), np.float64(-27.7), np.float64(48.4), np.float64(-40.6), np.float64(37.7)]"
2024-12-09,24633.90039,24705.0,24580.05078,24625.75,124.9492199999986,-35.09961000000112,36,1342.146879999993,0.09309653202785023,Multi_Wave_Oscillating,"[np.float64(26.7), np.float64(-22.1), np.float64(29.6), np.float64(-20.2), np.float64(41.1), np.float64(-45.7)]"
2024-12-10,24652.65039,24677.80078,24510.65039,24620.5,167.15039000000252,26.90038999999888,31,1243.7000000000226,0.13439767628849358,Multi_Wave_Oscillating,"[np.float64(-15.5), np.float64(20.7), np.float64(-25.4), np.float64(33.3), np.float64(-50.7), np.float64(62.9)]"
2024-12-11,24620.5,24691.75,24583.84961,24629.5,107.90038999999888,0.0,26,971.8015600000072,0.11103129943524487,Multi_Wave_Oscillating,"[np.float64(-17.5), np.float64(51.4), np.float64(-65.2), np.float64(59.7), np.float64(-30.0), np.float64(20.8)]"
2024-12-12,24604.44922,24675.25,24527.94922,24539.5,147.3007800000014,-25.050780000001396,21,782.6523400000078,0.18820716743784338,Multi_Wave_Oscillating,"[np.float64(27.7), np.float64(-31.4), np.float64(52.8), np.float64(-52.7), np.float64(27.9), np.float64(-59.3)]"
2024-12-13,24498.34961,24792.30078,24180.80078,24781.3,611.5,-41.15038999999888,76,3944.854680000033,0.15501204723718615,Multi_Wave_Oscillating,"[np.float64(3.8), np.float64(-102.0), np.float64(22.1), np.float64(-58.5), np.float64(26.5), np.float64(-28.9)]"
2024-12-16,24753.40039,24781.25,24601.75,24648.25,179.5,-27.899610000000393,34,1445.1992200000022,0.12420432942110204,Multi_Wave_Oscillating,"[np.float64(-15.7), np.float64(26.4), np.float64(-22.5), np.float64(27.5), np.float64(-34.4), np.float64(20.4)]"
2024-12-17,24584.80078,24624.09961,24303.44922,24319.35,320.6503900000025,-63.449219999998604,60,2412.75467999998,0.1328980491294727,Multi_Wave_Oscillating,"[np.float64(-11.6), np.float64(28.9), np.float64(-20.7), np.float64(48.5), np.float64(-42.5), np.float64(26.0)]"
2024-12-18,24297.94922,24394.44922,24149.84961,24214.7,244.59960999999748,-21.40077999999994,52,2151.8968800000075,0.11366697552904888,Multi_Wave_Oscillating,"[np.float64(11.7), np.float64(-31.5), np.float64(64.1), np.float64(-82.9), np.float64(61.6), np.float64(-33.6)]"
2024-12-19,23877.15039,24004.90039,23870.30078,23961.95,134.59960999999748,-337.54961000000185,32,1408.6015600000028,0.09555548838097071,Multi_Wave_Oscillating,"[np.float64(46.1), np.float64(-102.1), np.float64(39.5), np.float64(-55.7), np.float64(44.6), np.float64(-45.3)]"
2024-12-20,23960.69922,24065.80078,23537.34961,23631.35,528.4511700000003,-1.2507800000021234,91,4088.9476599999834,0.1292389176730138,Multi_Wave_Oscillating,"[np.float64(-39.5), np.float64(48.2), np.float64(-43.4), np.float64(37.7), np.float64(-28.9), np.float64(34.0)]"
2024-12-23,23738.19922,23869.55078,23647.19922,23747.2,222.3515600000028,106.84922000000006,55,2422.1539000000157,0.09179910492062512,Multi_Wave_Oscillating,"[np.float64(27.0), np.float64(-37.5), np.float64(44.2), np.float64(-28.7), np.float64(42.5), np.float64(-84.6)]"
2024-12-24,23769.09961,23867.65039,23685.15039,23730.35,182.5,21.899610000000393,26,1145.4027300000052,0.15933260434956284,Multi_Wave_Oscillating,"[np.float64(-15.1), np.float64(32.6), np.float64(-69.0), np.float64(27.4), np.float64(-27.4), np.float64(76.3)]"
2024-12-26,23775.80078,23854.5,23653.59961,23760.3,200.90038999999888,45.45078000000285,30,1362.7984399999987,0.1474175374019353,Multi_Wave_Oscillating,"[np.float64(56.7), np.float64(-36.2), np.float64(39.2), np.float64(-46.8), np.float64(31.4), np.float64(-74.8)]"
2024-12-27,23801.40039,23938.84961,23800.59961,23832.45,138.25,41.10038999999961,28,1039.2000000000044,0.13303502694380237,Multi_Wave_Oscillating,"[np.float64(22.5), np.float64(-26.3), np.float64(32.7), np.float64(-29.6), np.float64(43.8), np.float64(-32.5)]"
2024-12-30,23796.90039,23915.34961,23599.30078,23658.65,316.0488299999997,-35.54961000000185,56,2543.144539999983,0.12427482002261729,Multi_Wave_Oscillating,"[np.float64(-17.6), np.float64(42.4), np.float64(-57.4), np.float64(20.0), np.float64(-61.0), np.float64(41.4)]"
2024-12-31,23560.59961,23689.84961,23460.44922,23668.0,229.40039000000252,-98.05039000000033,47,1902.0539000000063,0.12060667155646944,Multi_Wave_Oscillating,"[np.float64(-12.0), np.float64(32.6), np.float64(-44.1), np.float64(26.2), np.float64(-21.5), np.float64(52.0)]"
2025-01-01,23637.65039,23822.80078,23562.80078,23758.7,260.0,-30.34961000000112,44,1882.3453200000004,0.13812555923585793,Multi_Wave_Oscillating,"[np.float64(32.1), np.float64(-74.6), np.float64(76.5), np.float64(-58.2), np.float64(24.6), np.float64(-39.5)]"
2025-01-02,23783.0,24226.69922,23751.55078,24167.95,475.1484399999972,24.299999999999272,47,2132.301560000007,0.22283360332953825,Multi_Wave_Oscillating,"[np.float64(20.8), np.float64(-25.3), np.float64(29.0), np.float64(-57.8), np.float64(34.3), np.float64(-37.2)]"
2025-01-03,24196.40039,24196.44922,23976.0,23990.15,220.4492199999986,28.45038999999815,44,1913.8968800000075,0.11518343663322014,Multi_Wave_Oscillating,"[np.float64(-14.0), np.float64(48.9), np.float64(-96.1), np.float64(36.6), np.float64(-57.9), np.float64(30.9)]"
2025-01-06,24045.80078,24089.94922,23551.90039,23629.6,538.0488299999997,55.65077999999994,71,3650.79766,0.14737843071806936,Multi_Wave_Oscillating,"[np.float64(-19.2), np.float64(33.9), np.float64(-36.2), np.float64(20.7), np.float64(-22.5), np.float64(73.5)]"
2025-01-07,23679.90039,23795.19922,23637.80078,23694.6,157.3984399999972,50.300390000000334,45,1993.995319999991,0.07893621335079058,Multi_Wave_Oscillating,"[np.float64(18.6), np.float64(-55.4), np.float64(57.5), np.float64(-54.2), np.float64(51.7), np.float64(-34.0)]"
2025-01-08,23746.65039,23751.84961,23496.15039,23675.2,255.69922000000224,52.050390000000334,62,2579.055460000014,0.0991445216924497,Multi_Wave_Oscillating,"[np.float64(-57.3), np.float64(20.3), np.float64(-33.4), np.float64(26.8), np.float64(-32.4), np.float64(61.5)]"
2025-01-09,23674.75,23689.5,23503.05078,23557.2,186.4492199999986,-0.4500000000007276,35,1316.1507799999963,0.14166250769535624,Multi_Wave_Oscillating,"[np.float64(-36.0), np.float64(35.0), np.float64(-41.9), np.float64(30.1), np.float64(-37.0), np.float64(26.2)]"
2025-01-10,23551.90039,23596.59961,23344.34961,23437.35,252.25,-5.299610000001849,64,2848.047659999993,0.08856944479644017,Multi_Wave_Oscillating,"[np.float64(15.4), np.float64(-26.5), np.float64(35.0), np.float64(-163.7), np.float64(48.5), np.float64(-27.2)]"
2025-01-13,23195.40039,23340.94922,23047.25,23088.7,293.6992199999986,-241.94960999999967,68,2716.4999999999854,0.1081167752622861,Multi_Wave_Oscillating,"[np.float64(10.5), np.float64(-55.5), np.float64(74.5), np.float64(-36.6), np.float64(42.4), np.float64(-27.2)]"
2025-01-14,23165.90039,23264.95,23134.15039,23206.85,130.79961000000185,77.20038999999815,28,1214.6945399999931,0.10768107181909502,Multi_Wave_Oscillating,"[np.float64(23.4), np.float64(-35.5), np.float64(29.9), np.float64(-57.8), np.float64(24.0), np.float64(-37.7)]"
2025-01-15,23250.44922,23293.65039,23146.44922,23228.1,147.20117000000027,43.59922000000006,33,1461.6031199999961,0.10071213449517039,Multi_Wave_Oscillating,"[np.float64(-27.1), np.float64(25.2), np.float64(-73.7), np.float64(55.0), np.float64(-36.1), np.float64(46.0)]"
2025-01-16,23377.25,23391.65039,23272.05078,23350.8,119.59960999999748,149.15000000000146,17,648.5492199999935,0.18441099967709262,Multi_Wave_Oscillating,"[np.float64(-18.2), np.float64(35.3), np.float64(-31.6), np.float64(38.9), np.float64(-63.4), np.float64(30.1)]"
2025-01-17,23277.09961,23292.09961,23100.34961,23203.1,191.75,-73.70038999999815,34,1701.9976599999973,0.11266172951142618,Multi_Wave_Oscillating,"[np.float64(-33.2), np.float64(46.1), np.float64(-33.8), np.float64(69.8), np.float64(-78.6), np.float64(46.2)]"
2025-01-20,23290.40039,23391.09961,23170.65039,23337.05,220.44922000000224,87.30039000000033,30,1285.6999999999862,0.17146240958233228,Multi_Wave_Oscillating,"[np.float64(-42.9), np.float64(20.9), np.float64(-31.1), np.float64(38.9), np.float64(-57.9), np.float64(50.6)]"
2025-01-21,23421.65039,23426.30078,22976.84961,23053.05,449.4511700000003,84.6003899999996,111,5413.402339999993,0.08302563559316022,Multi_Wave_Oscillating,"[np.float64(-5.5), np.float64(26.0), np.float64(-42.1), np.float64(49.9), np.float64(-53.0), np.float64(20.4)]"
2025-01-22,23099.15039,23169.55078,22981.30078,23161.75,188.25,46.10038999999961,59,2366.7515599999933,0.07953940040922611,Multi_Wave_Oscillating,"[np.float64(19.4), np.float64(-44.9), np.float64(53.1), np.float64(-46.9), np.float64(24.3), np.float64(-35.4)]"
2025-01-23,23128.30078,23270.80078,23090.65039,23216.3,180.15039000000252,-33.449219999998604,21,809.6000000000022,0.22251777420948868,Multi_Wave_Oscillating,"[np.float64(-8.9), np.float64(36.8), np.float64(-24.5), np.float64(117.2), np.float64(-31.8), np.float64(47.1)]"
2025-01-24,23183.90039,23347.30078,23050.0,23090.35,297.3007800000014,-32.39961000000039,49,2427.5992200000037,0.12246699436655814,Multi_Wave_Oscillating,"[np.float64(55.8), np.float64(-99.5), np.float64(55.4), np.float64(-96.2), np.float64(26.6), np.float64(-48.8)]"
2025-01-27,22940.15039,23007.44922,22786.9,22816.85,220.54921999999715,-150.19960999999967,47,2139.500780000013,0.10308443075211023,Multi_Wave_Oscillating,"[np.float64(9.5), np.float64(-41.2), np.float64(22.8), np.float64(-23.3), np.float64(76.7), np.float64(-39.4)]"
2025-01-28,22960.44922,23137.94922,22857.65039,22976.3,280.2988299999997,143.59922000000006,69,2812.9523400000035,0.09964577999213431,Multi_Wave_Oscillating,"[np.float64(-18.7), np.float64(24.6), np.float64(-43.0), np.float64(26.7), np.float64(-41.6), np.float64(25.4)]"
2025-01-29,23026.75,23183.34961,22976.5,23176.2,206.84961000000112,50.45000000000073,48,2042.251170000036,0.10128509805187061,Multi_Wave_Oscillating,"[np.float64(8.7), np.float64(-37.5), np.float64(41.4), np.float64(-73.6), np.float64(93.3), np.float64(-40.7)]"
2025-01-30,23169.5,23322.05078,23139.19922,23297.95,182.8515600000028,-6.700000000000728,46,2031.5039000000288,0.090007978818057,Multi_Wave_Oscillating,"[np.float64(-6.2), np.float64(36.7), np.float64(-37.0), np.float64(56.4), np.float64(-29.3), np.float64(44.8)]"
2025-01-31,23296.75,23546.80078,23277.40039,23533.85,269.4003900000025,-1.2000000000007276,37,1566.6976599999907,0.17195429397654435,Multi_Wave_Oscillating,"[np.float64(-8.3), np.float64(33.9), np.float64(-21.0), np.float64(42.2), np.float64(-36.8), np.float64(88.9)]"
2025-02-01,23528.59961,23632.44922,23318.30078,23495.3,314.1484399999972,-5.250389999997424,78,4501.8945399999975,0.06978138586071751,Multi_Wave_Oscillating,"[np.float64(59.4), np.float64(-116.4), np.float64(110.4), np.float64(-37.8), np.float64(21.4), np.float64(-34.5)]"
2025-02-03,23319.34961,23381.59961,23222.0,23359.7,159.59961000000112,-175.95038999999815,32,1521.293760000004,0.10491044806494224,Multi_Wave_Oscillating,"[np.float64(-24.9), np.float64(20.6), np.float64(-20.9), np.float64(24.8), np.float64(-32.2), np.float64(104.7)]"
2025-02-04,23509.90039,23762.75,23423.15039,23707.7,339.5996100000011,150.20038999999815,54,2375.8453199999785,0.1429384342243308,Multi_Wave_Oscillating,"[np.float64(-16.3), np.float64(54.8), np.float64(-51.5), np.float64(99.3), np.float64(-48.0), np.float64(21.3)]"
2025-02-05,23801.75,23807.30078,23680.44922,23686.75,126.85156000000279,94.04999999999927,21,874.3992200000066,0.14507281925526172,Multi_Wave_Oscillating,"[np.float64(-18.1), np.float64(30.8), np.float64(-25.0), np.float64(44.1), np.float64(-59.0), np.float64(29.4)]"
2025-02-06,23761.94922,23773.55078,23556.25,23628.05,217.3007800000014,75.1992199999986,25,933.3523400000013,0.2328175231231553,Multi_Wave_Oscillating,"[np.float64(-11.5), np.float64(21.0), np.float64(-91.4), np.float64(35.0), np.float64(-41.2), np.float64(21.9)]"
2025-02-07,23649.5,23694.5,23443.19922,23563.15,251.3007800000014,21.450000000000728,40,2108.5523399999875,0.11918166565407758,Multi_Wave_Oscillating,"[np.float64(-43.6), np.float64(49.4), np.float64(-35.7), np.float64(30.4), np.float64(-27.0), np.float64(26.1)]"
2025-02-10,23543.80078,23568.59961,23316.30078,23376.05,252.29882999999973,-19.34922000000006,32,1367.2015600000086,0.18453667504592236,Multi_Wave_Oscillating,"[np.float64(-23.4), np.float64(52.8), np.float64(-87.4), np.float64(26.5), np.float64(-43.0), np.float64(58.1)]"
2025-02-11,23383.55078,23390.05078,22986.65039,23070.5,403.4003900000025,7.500780000002123,34,1825.3546800000222,0.2209983596174293,Multi_Wave_Oscillating,"[np.float64(-15.0), np.float64(27.8), np.float64(-64.5), np.float64(29.0), np.float64(-25.9), np.float64(47.8)]"
2025-02-12,23050.80078,23144.69922,22798.34961,23057.8,346.3496099999975,-19.699219999998604,85,3955.0023399999736,0.08757254237174479,Multi_Wave_Oscillating,"[np.float64(-24.0), np.float64(35.8), np.float64(-61.4), np.float64(26.2), np.float64(-79.2), np.float64(25.4)]"
2025-02-13,23055.75,23235.5,22992.19922,23019.4,243.3007800000014,-2.0499999999992724,55,2318.8062400000017,0.10492501520955076,Multi_Wave_Oscillating,"[np.float64(17.8), np.float64(-49.1), np.float64(31.0), np.float64(-104.7), np.float64(54.1), np.float64(-35.6)]"
2025-02-14,23096.44922,23133.69922,22774.84961,22897.25,358.8496099999975,77.04921999999715,63,2916.50234000001,0.12304108420499202,Multi_Wave_Oscillating,"[np.float64(19.7), np.float64(-66.5), np.float64(25.3), np.float64(-82.8), np.float64(26.6), np.float64(-29.1)]"
2025-02-17,22809.90039,22974.19922,22725.44922,22963.5,248.75,-87.34961000000112,69,3191.25,0.07794751273012143,Multi_Wave_Oscillating,"[np.float64(-28.1), np.float64(148.3), np.float64(-48.5), np.float64(49.5), np.float64(-56.2), np.float64(24.8)]"
2025-02-18,22963.65039,22992.5,22801.5,22923.15,191.0,0.15038999999887892,44,1949.6984400000038,0.09796386768407099,Multi_Wave_Oscillating,"[np.float64(-23.2), np.float64(31.3), np.float64(-87.4), np.float64(24.6), np.float64(-21.4), np.float64(27.7)]"
2025-02-19,22847.25,23049.94922,22814.84961,22914.4,235.09960999999748,-75.90000000000146,44,1842.1015599999919,0.12762575913566812,Multi_Wave_Oscillating,"[np.float64(-13.7), np.float64(48.9), np.float64(-24.8), np.float64(38.2), np.float64(-36.9), np.float64(21.8)]"
2025-02-20,22821.09961,22923.84961,22812.75,22906.25,111.09961000000112,-93.30039000000033,26,951.4000000000124,0.11677486861467277,Multi_Wave_Oscillating,"[np.float64(10.8), np.float64(-23.9), np.float64(21.8), np.float64(-26.4), np.float64(37.7), np.float64(-39.0)]"
2025-02-21,22857.19922,22921.0,22720.30078,22764.35,200.6992199999986,-49.050780000001396,37,1491.6976600000053,0.13454416761637736,Multi_Wave_Oscillating,"[np.float64(35.3), np.float64(-38.7), np.float64(24.0), np.float64(-74.5), np.float64(21.2), np.float64(-42.9)]"
2025-02-24,22609.35,22668.05078,22518.80078,22548.85,149.25,-155.0,33,1168.749219999987,0.1277006199841585,Multi_Wave_Oscillating,"[np.float64(2.8), np.float64(-46.3), np.float64(34.6), np.float64(-44.0), np.float64(32.9), np.float64(-26.3)]"
2025-02-25,22516.44922,22625.30078,22513.90039,22526.3,111.40039000000252,-32.40077999999994,21,770.7519500000053,0.1445346846024869,Multi_Wave_Oscillating,"[np.float64(24.2), np.float64(-43.9), np.float64(24.2), np.float64(-32.8), np.float64(84.1), np.float64(-24.7)]"
2025-02-27,22568.94922,22613.30078,22508.40039,22510.85,104.90039000000252,42.64921999999933,11,457.79883000001064,0.2291407996826905,Multi_Wave_Oscillating,"[np.float64(28.7), np.float64(-62.7), np.float64(25.7), np.float64(-41.2), np.float64(34.9), np.float64(-40.0)]"
2025-02-28,22433.40039,22450.34961,22104.84961,22127.4,345.5,-77.44960999999967,45,1797.7531199999976,0.19218434175210913,Multi_Wave_Oscillating,"[np.float64(-28.1), np.float64(23.5), np.float64(-29.9), np.float64(42.7), np.float64(-42.7), np.float64(21.2)]"
2025-03-03,22194.55078,22261.55078,22004.69922,22143.15,256.8515600000028,67.15077999999994,52,2331.1054600000098,0.11018444442234789,Multi_Wave_Oscillating,"[np.float64(42.2), np.float64(-106.7), np.float64(44.3), np.float64(-46.6), np.float64(29.5), np.float64(-28.3)]"
2025-03-04,21974.44922,22105.05078,21964.59961,22080.3,140.45117000000027,-168.70078000000285,29,1234.6507799999963,0.11375781093338855,Multi_Wave_Oscillating,"[np.float64(31.1), np.float64(-52.1), np.float64(85.1), np.float64(-60.5), np.float64(80.2), np.float64(-55.7)]"
2025-03-05,22073.05078,22394.90039,22067.80078,22346.65,327.0996099999975,-7.249219999997877,30,1217.0523400000093,0.26876379860540345,Multi_Wave_Oscillating,"[np.float64(16.4), np.float64(-31.9), np.float64(33.3), np.float64(-27.7), np.float64(57.4), np.float64(-20.5)]"
2025-03-06,22476.34961,22556.44922,22245.84961,22529.2,310.5996099999975,129.69960999999967,64,2591.9515599999904,0.1198323359098573,Multi_Wave_Oscillating,"[np.float64(-34.5), np.float64(48.4), np.float64(-108.2), np.float64(23.7), np.float64(-81.6), np.float64(30.5)]"
2025-03-07,22508.65039,22633.80078,22464.75,22536.95,169.0507800000014,-20.54961000000185,36,1727.1007800000116,0.0978812481342289,Multi_Wave_Oscillating,"[np.float64(-15.2), np.float64(108.1), np.float64(-71.9), np.float64(20.1), np.float64(-24.9), np.float64(39.8)]"
2025-03-10,22521.84961,22676.75,22429.05078,22441.1,247.6992199999986,-15.100389999999607,31,1405.3968800000002,0.17624859107414453,Multi_Wave_Oscillating,"[np.float64(13.2), np.float64(-75.4), np.float64(104.6), np.float64(-24.4), np.float64(21.3), np.float64(-24.8)]"
2025-03-11,22345.94922,22522.09961,22314.69922,22520.5,207.40039000000252,-95.15077999999994,47,1844.2964900000115,0.11245501529962854,Multi_Wave_Oscillating,"[np.float64(-29.7), np.float64(66.4), np.float64(-57.1), np.float64(45.3), np.float64(-35.2), np.float64(53.6)]"
2025-03-12,22536.34961,22577.40039,22329.55078,22468.5,247.84960999999748,15.849610000001121,37,1701.949219999995,0.14562691241751516,Multi_Wave_Oscillating,"[np.float64(31.5), np.float64(-41.8), np.float64(37.6), np.float64(-77.2), np.float64(30.7), np.float64(-74.4)]"
2025-03-13,22541.5,22558.05078,22377.34961,22383.3,180.70117000000027,73.0,38,1351.3031200000005,0.13372363855712863,Multi_Wave_Oscillating,"[np.float64(-24.1), np.float64(20.7), np.float64(-39.8), np.float64(39.9), np.float64(-39.9), np.float64(31.5)]"
2025-03-17,22353.15039,22577.0,22353.15039,22515.25,223.84961000000112,-30.149610000000393,30,1190.2999999999884,0.1880615055028172,Multi_Wave_Oscillating,"[np.float64(96.7), np.float64(-50.5), np.float64(23.3), np.float64(-26.9), np.float64(31.6), np.float64(-34.8)]"
2025-03-18,22662.25,22857.80078,22599.19922,22848.75,258.6015600000028,147.0,27,1110.0577999999841,0.23296224755143966,Multi_Wave_Oscillating,"[np.float64(-14.1), np.float64(38.0), np.float64(-31.9), np.float64(66.0), np.float64(-32.1), np.float64(64.2)]"
2025-03-19,22874.94922,22940.69922,22807.94922,22911.8,132.75,26.199219999998604,25,1050.5507800000123,0.1263622877896473,Multi_Wave_Oscillating,"[np.float64(-10.8), np.float64(55.0), np.float64(-77.8), np.float64(56.0), np.float64(-51.8), np.float64(65.6)]"
2025-03-20,23036.59961,23216.69922,22973.94922,23165.7,242.75,124.79961000000185,24,1071.8976600000096,0.22646751556487008,Multi_Wave_Oscillating,"[np.float64(-13.4), np.float64(68.4), np.float64(-29.8), np.float64(38.0), np.float64(-37.0), np.float64(23.3)]"
2025-03-21,23168.25,23402.69922,23132.80078,23355.65,269.8984399999972,2.5499999999992724,32,1424.292199999978,0.18949653729761448,Multi_Wave_Oscillating,"[np.float64(-23.4), np.float64(66.6), np.float64(-44.3), np.float64(121.6), np.float64(-35.7), np.float64(34.0)]"
2025-03-24,23515.40039,23708.75,23433.5,23674.15,275.25,159.75038999999742,29,1330.354680000004,0.20689971188735862,Multi_Wave_Oscillating,"[np.float64(-23.6), np.float64(48.0), np.float64(-22.6), np.float64(27.9), np.float64(-35.4), np.float64(36.4)]"
2025-03-25,23752.85,23869.59961,23601.40039,23605.95,268.19922000000224,78.69999999999709,61,2793.9449299999724,0.09599302302640765,Multi_Wave_Oscillating,"[np.float64(3.4), np.float64(-72.6), np.float64(25.0), np.float64(-53.6), np.float64(132.8), np.float64(-24.0)]"
2025-03-26,23700.94922,23736.5,23451.69922,23464.3,284.8007800000014,94.99921999999788,50,2150.053899999981,0.1324621582742665,Multi_Wave_Oscillating,"[np.float64(-22.4), np.float64(48.0), np.float64(-26.7), np.float64(45.5), np.float64(-29.2), np.float64(35.5)]"
2025-03-27,23433.94922,23646.44922,23412.19922,23601.05,234.25,-30.35078000000067,40,1563.1500000000015,0.14985765921376692,Multi_Wave_Oscillating,"[np.float64(15.7), np.float64(-29.0), np.float64(96.0), np.float64(-46.5), np.float64(67.6), np.float64(-21.4)]"
2025-03-28,23600.40039,23649.19922,23450.19922,23495.15,199.0,-0.6496100000003935,46,2060.6515600000057,0.09657139705851069,Multi_Wave_Oscillating,"[np.float64(-16.3), np.float64(41.2), np.float64(-62.6), np.float64(21.2), np.float64(-29.1), np.float64(31.8)]"
2025-04-01,23341.09961,23565.15039,23136.4,23179.7,428.7503899999974,-154.05039000000033,62,2558.596879999983,0.16757246651531926,Multi_Wave_Oscillating,"[np.float64(33.6), np.float64(-40.7), np.float64(56.8), np.float64(-40.6), np.float64(138.7), np.float64(-44.2)]"
2025-04-02,23192.59961,23350.0,23158.44922,23330.8,191.5507800000014,12.899610000000393,41,1779.0531199999969,0.10767007339275049,Multi_Wave_Oscillating,"[np.float64(46.2), np.float64(-57.6), np.float64(31.8), np.float64(-66.3), np.float64(135.2), np.float64(-43.5)]"
2025-04-03,23150.30078,23306.5,23145.80078,23241.6,160.6992199999986,-180.49921999999788,23,947.1984399999892,0.16965739512831168,Multi_Wave_Oscillating,"[np.float64(18.6), np.float64(-23.4), np.float64(67.2), np.float64(-38.0), np.float64(46.8), np.float64(-50.0)]"
2025-04-04,23190.40039,23214.69922,22857.44922,22912.05,357.25,-51.199609999999666,53,2198.5039000000143,0.16249686889343143,Multi_Wave_Oscillating,"[np.float64(-17.8), np.float64(26.3), np.float64(-90.4), np.float64(22.1), np.float64(-35.0), np.float64(50.7)]"
2025-04-07,21758.40039,22254.0,21743.65039,22238.0,510.3496100000011,-1153.6496100000004,118,6297.696880000032,0.08103749985502613,Multi_Wave_Oscillating,"[np.float64(76.3), np.float64(-235.6), np.float64(213.0), np.float64(-68.8), np.float64(66.2), np.float64(-39.4)]"
2025-04-08,22446.75,22697.19922,22270.84961,22547.2,426.3496099999975,208.75,122,6177.402340000015,0.06901762043881966,Multi_Wave_Oscillating,"[np.float64(28.9), np.float64(-56.8), np.float64(26.7), np.float64(-42.9), np.float64(50.7), np.float64(-60.2)]"
2025-04-09,22460.30078,22468.69922,22353.25,22420.4,115.4492199999986,-86.89921999999933,31,1646.6492200000248,0.07011160519056807,Multi_Wave_Oscillating,"[np.float64(-52.7), np.float64(99.2), np.float64(-56.8), np.float64(59.6), np.float64(-90.2), np.float64(21.8)]"
2025-04-11,22695.40039,22923.90039,22695.40039,22844.5,228.5,275.0003899999974,48,2153.5976600000213,0.10610152687480062,Multi_Wave_Oscillating,"[np.float64(51.1), np.float64(-57.1), np.float64(73.1), np.float64(-24.7), np.float64(62.7), np.float64(-62.5)]"
2025-04-15,23368.34961,23368.34961,23207.0,23344.1,161.34961000000112,523.8496100000011,17,698.4499999999935,0.23101096714153144,Multi_Wave_Oscillating,"[np.float64(-50.0), np.float64(79.0), np.float64(-25.5), np.float64(45.1), np.float64(-25.3), np.float64(35.2)]"
2025-04-16,23344.09961,23452.19922,23273.05078,23433.3,179.1484399999972,-0.00038999999742372893,26,1082.247659999979,0.16553368200398852,Multi_Wave_Oscillating,"[np.float64(-15.3), np.float64(25.8), np.float64(-24.9), np.float64(79.6), np.float64(-20.2), np.float64(27.7)]"
2025-04-17,23401.84961,23872.34961,23298.55078,23837.75,573.7988299999997,-31.45038999999815,46,2381.9953200000127,0.240889990497545,Multi_Wave_Oscillating,"[np.float64(-26.5), np.float64(36.1), np.float64(-79.6), np.float64(24.3), np.float64(-33.1), np.float64(35.5)]"
2025-04-21,23949.15039,24189.55078,23903.65039,24121.2,285.9003900000025,111.40038999999888,32,1488.2492200000124,0.19210518383473443,Multi_Wave_Oscillating,"[np.float64(20.6), np.float64(-100.5), np.float64(71.8), np.float64(-48.5), np.float64(41.9), np.float64(-37.7)]"
2025-04-22,24185.40039,24242.59961,24072.0,24134.05,170.59961000000112,64.20038999999815,24,1084.5007800000058,0.1573070422319108,Multi_Wave_Oscillating,"[np.float64(-67.8), np.float64(71.0), np.float64(-39.5), np.float64(55.8), np.float64(-35.0), np.float64(66.0)]"
2025-04-23,24357.59961,24359.30078,24119.94922,24300.85,239.3515600000028,223.54961000000185,30,1556.9976599999754,0.15372634535623295,Multi_Wave_Oscillating,"[np.float64(-9.7), np.float64(72.2), np.float64(-60.5), np.float64(35.8), np.float64(-65.0), np.float64(81.1)]"
2025-04-24,24277.90039,24347.84961,24216.15039,24245.05,131.69922000000224,-22.949609999999666,16,732.4507799999956,0.1798062389939745,Multi_Wave_Oscillating,"[np.float64(16.0), np.float64(-49.9), np.float64(102.6), np.float64(-108.4), np.float64(51.6), np.float64(-29.5)]"
2025-04-25,24289.0,24365.44922,23847.84961,23991.65,517.5996099999975,43.95000000000073,71,3695.801560000018,0.14005070391279204,Multi_Wave_Oscillating,"[np.float64(23.1), np.float64(-69.2), np.float64(27.8), np.float64(-28.7), np.float64(51.5), np.float64(-158.2)]"
2025-04-28,24070.25,24355.09961,24054.05078,24312.9,301.0488299999997,78.59999999999854,51,2070.3507800000116,0.14540957643902164,Multi_Wave_Oscillating,"[np.float64(39.3), np.float64(-70.1), np.float64(48.4), np.float64(-46.0), np.float64(24.0), np.float64(-25.8)]"
2025-04-29,24370.69922,24457.65039,24290.75,24325.45,166.90038999999888,57.79921999999715,35,1564.7500000000036,0.10666265537625723,Multi_Wave_Oscillating,"[np.float64(38.1), np.float64(-64.1), np.float64(59.4), np.float64(-149.0), np.float64(60.6), np.float64(-56.4)]"
2025-04-30,24342.05,24396.15039,24198.75,24246.25,197.40038999999888,16.599999999998545,34,1583.64609999998,0.12464930769570384,Multi_Wave_Oscillating,"[np.float64(-8.3), np.float64(26.9), np.float64(-27.3), np.float64(61.2), np.float64(-32.3), np.float64(34.7)]"
2025-05-02,24311.90039,24589.15039,24238.5,24313.65,350.6503899999989,65.65038999999888,65,2956.2953199999756,0.11861142140562661,Multi_Wave_Oscillating,"[np.float64(8.8), np.float64(-27.4), np.float64(32.2), np.float64(-58.9), np.float64(78.8), np.float64(-24.5)]"
2025-05-05,24419.5,24526.40039,24400.65039,24459.5,125.75,105.84999999999854,38,1473.953120000002,0.08531478938760266,Multi_Wave_Oscillating,"[np.float64(10.1), np.float64(-39.2), np.float64(23.6), np.float64(-20.9), np.float64(28.9), np.float64(-38.5)]"
2025-05-06,24500.75,24509.65039,24331.80078,24335.9,177.84960999999748,41.25,30,1117.84687999999,0.15910015332332372,Multi_Wave_Oscillating,"[np.float64(-5.9), np.float64(35.8), np.float64(-54.4), np.float64(27.5), np.float64(-39.0), np.float64(32.1)]"
2025-05-07,24233.30078,24449.59961,24220.0,24409.3,229.59961000000112,-102.59922000000006,33,1564.8484400000088,0.1467232251578305,Multi_Wave_Oscillating,"[np.float64(43.4), np.float64(-37.8), np.float64(23.6), np.float64(-24.1), np.float64(95.7), np.float64(-31.8)]"
2025-05-08,24431.5,24447.25,24150.19922,24154.1,297.0507800000014,22.200000000000728,25,1170.7499999999964,0.253726910100365,Multi_Wave_Oscillating,"[np.float64(10.0), np.float64(-65.3), np.float64(35.0), np.float64(-43.5), np.float64(33.2), np.float64(-32.8)]"
2025-05-09,23935.75,24164.25,23935.75,24038.65,228.5,-218.34999999999854,54,2862.7468799999697,0.07981844346643822,Multi_Wave_Oscillating,"[np.float64(9.3), np.float64(-68.3), np.float64(92.4), np.float64(-50.0), np.float64(52.4), np.float64(-101.3)]"
2025-05-12,24420.09961,24944.80078,24378.84961,24920.25,565.9511700000003,381.44960999999967,29,1494.604680000015,0.3786627845966564,Multi_Wave_Oscillating,"[np.float64(76.3), np.float64(-27.8), np.float64(32.7), np.float64(-23.0), np.float64(61.4), np.float64(-50.2)]"
2025-05-13,24864.05,24973.80078,24547.5,24593.65,426.3007800000014,-56.20000000000073,98,4792.956239999992,0.08894318217267973,Multi_Wave_Oscillating,"[np.float64(16.9), np.float64(-182.9), np.float64(50.3), np.float64(-64.9), np.float64(45.1), np.float64(-37.0)]"
2025-05-14,24613.80078,24767.55078,24535.55078,24685.75,232.0,20.15077999999994,32,1880.648440000019,0.12336170602943614,Multi_Wave_Oscillating,"[np.float64(51.7), np.float64(-89.5), np.float64(118.9), np.float64(-21.1), np.float64(58.0), np.float64(-80.0)]"
2025-05-15,24694.44922,25116.25,24494.44922,25035.3,621.8007800000014,8.699219999998604,106,5258.806240000038,0.11823991066078847,Multi_Wave_Oscillating,"[np.float64(-10.8), np.float64(32.9), np.float64(-78.0), np.float64(38.7), np.float64(-32.3), np.float64(37.1)]"
2025-05-16,25064.65039,25070.0,24953.05078,25013.1,116.9492199999986,29.350389999999607,30,1286.0468799999871,0.09093698046217395,Multi_Wave_Oscillating,"[np.float64(-4.5), np.float64(45.6), np.float64(-56.1), np.float64(39.7), np.float64(-30.2), np.float64(76.5)]"
2025-05-19,25005.35,25062.95,24916.65,24935.35,146.29999999999927,-7.75,28,1243.798439999984,0.1176235596500677,Multi_Wave_Oscillating,"[np.float64(-12.1), np.float64(82.1), np.float64(-41.8), np.float64(41.0), np.float64(-43.8), np.float64(53.2)]"
2025-05-20,24996.19922,25010.34961,24669.69922,24713.85,340.6503900000025,60.84922000000006,35,1563.6500000000124,0.21785590765196805,Multi_Wave_Oscillating,"[np.float64(-51.3), np.float64(49.0), np.float64(-68.3), np.float64(40.2), np.float64(-26.1), np.float64(30.9)]"
2025-05-21,24744.25,24946.19922,24685.34961,24800.95,260.8496099999975,30.400000000001455,49,2409.6499999999833,0.10825207395264844,Multi_Wave_Oscillating,"[np.float64(7.4), np.float64(-65.8), np.float64(53.1), np.float64(-60.8), np.float64(53.4), np.float64(-23.5)]"
2025-05-22,24733.94922,24737.5,24462.40039,24637.0,275.0996100000011,-67.00078000000212,45,2135.8999999999796,0.12879798211526933,Multi_Wave_Oscillating,"[np.float64(-94.7), np.float64(25.3), np.float64(-61.3), np.float64(34.8), np.float64(-23.2), np.float64(21.7)]"
2025-05-23,24639.5,24909.05078,24614.05078,24845.15,295.0,2.5,45,1895.6546800000178,0.15561906032379128,Multi_Wave_Oscillating,"[np.float64(17.2), np.float64(-45.6), np.float64(20.8), np.float64(-28.8), np.float64(119.5), np.float64(-37.5)]"
2025-05-26,24919.34961,25079.19922,24900.5,24996.35,178.6992199999986,74.19960999999967,35,1567.4976599999827,0.11400286237109954,Multi_Wave_Oscillating,"[np.float64(20.6), np.float64(-22.4), np.float64(47.2), np.float64(-33.3), np.float64(49.5), np.float64(-31.6)]"
2025-05-27,24956.65039,25062.90039,24704.09961,24837.7,358.80077999999776,-39.699609999999666,87,4245.301560000018,0.08451714794083938,Multi_Wave_Oscillating,"[np.float64(-37.3), np.float64(45.0), np.float64(-63.0), np.float64(20.2), np.float64(-115.6), np.float64(59.4)]"
2025-05-28,24832.5,24864.25,24737.05078,24757.15,127.1992199999986,-5.200000000000728,34,1462.0961000000061,0.0869978519195818,Multi_Wave_Oscillating,"[np.float64(-44.3), np.float64(59.9), np.float64(-39.6), np.float64(78.9), np.float64(-81.0), np.float64(29.9)]"
2025-05-29,24825.09961,24892.59961,24677.30078,24880.85,215.29882999999973,67.94960999999967,34,1457.3972700000195,0.14772830609185705,Multi_Wave_Oscillating,"[np.float64(5.2), np.float64(-49.1), np.float64(30.5), np.float64(-77.2), np.float64(32.9), np.float64(-47.0)]"
2025-05-30,24812.59961,24863.94922,24717.40039,24736.65,146.54882999999973,-68.25038999999742,39,1464.3484400000088,0.10007784076308972,Multi_Wave_Oscillating,"[np.float64(31.5), np.float64(-67.8), np.float64(80.9), np.float64(-22.6), np.float64(24.6), np.float64(-32.9)]"
2025-06-02,24669.7,24754.40039,24526.15,24690.35,228.25038999999742,-66.95000000000073,33,1513.8007800000123,0.1507796752489423,Multi_Wave_Oscillating,"[np.float64(-70.3), np.float64(38.6), np.float64(-39.5), np.float64(49.2), np.float64(-61.5), np.float64(65.0)]"
2025-06-03,24786.30078,24845.09961,24502.15039,24538.4,342.94922000000224,95.95078000000285,45,2555.248439999985,0.1342136500824962,Multi_Wave_Oscillating,"[np.float64(42.2), np.float64(-176.2), np.float64(37.0), np.float64(-51.5), np.float64(29.5), np.float64(-31.0)]"
2025-06-04,24560.44922,24644.25,24530.44922,24612.0,113.8007800000014,22.04921999999715,21,767.052340000002,0.14836116659262275,Multi_Wave_Oscillating,"[np.float64(21.0), np.float64(-45.3), np.float64(44.4), np.float64(-51.3), np.float64(20.7), np.float64(-34.0)]"
2025-06-05,24691.19922,24899.84961,24613.09961,24761.1,286.75,79.1992199999986,41,1868.9007800000181,0.1534324363650794,Multi_Wave_Oscillating,"[np.float64(-48.5), np.float64(136.8), np.float64(-20.3), np.float64(23.5), np.float64(-20.5), np.float64(28.6)]"
2025-06-06,24748.69922,25029.5,24671.44922,25000.3,358.0507800000014,-12.40077999999994,30,1424.3492200000037,0.25137850674008194,Multi_Wave_Oscillating,"[np.float64(-10.8), np.float64(32.6), np.float64(-74.8), np.float64(34.2), np.float64(-43.8), np.float64(145.7)]"
2025-06-09,25160.09961,25160.09961,25077.15039,25103.1,82.94922000000224,159.79961000000185,15,553.0468799999908,0.1499858746151929,Multi_Wave_Oscillating,"[np.float64(-12.7), np.float64(38.6), np.float64(-56.1), np.float64(42.5), np.float64(-47.7), np.float64(25.0)]"
2025-06-10,25196.05078,25199.30078,25055.44922,25091.5,143.8515600000028,92.95078000000285,16,708.4015600000093,0.2030649960736971,Multi_Wave_Oscillating,"[np.float64(-31.9), np.float64(27.5), np.float64(-94.1), np.float64(75.5), np.float64(-27.3), np.float64(38.4)]"
2025-06-11,25134.15039,25222.40039,25081.30078,25126.8,141.09960999999748,42.65038999999888,20,812.999219999976,0.17355442235233834,Multi_Wave_Oscillating,"[np.float64(-29.1), np.float64(56.2), np.float64(-22.5), np.float64(35.4), np.float64(-38.0), np.float64(46.5)]"
2025-06-12,25164.44922,25196.19922,24825.90039,24856.0,370.2988299999997,37.64921999999933,36,1786.5984399999907,0.20726472256407077,Multi_Wave_Oscillating,"[np.float64(-11.8), np.float64(55.0), np.float64(-23.3), np.float64(46.9), np.float64(-112.8), np.float64(43.1)]"
2025-06-13,24473.0,24754.34961,24473.0,24735.55,281.3496100000011,-383.0,30,1438.5507800000014,0.1955785043611744,Multi_Wave_Oscillating,"[np.float64(48.7), np.float64(-53.5), np.float64(87.1), np.float64(-39.9), np.float64(61.2), np.float64(-27.6)]"
2025-06-16,24732.34961,24967.09961,24703.59961,24940.95,263.5,-3.2003899999981513,33,1339.4038999999975,0.1967293062234629,Multi_Wave_Oscillating,"[np.float64(37.5), np.float64(-26.0), np.float64(38.5), np.float64(-23.8), np.float64(24.0), np.float64(-49.1)]"
2025-06-17,24977.84961,24982.05078,24813.69922,24841.5,168.3515600000028,36.89961000000039,24,982.7554600000149,0.17130564708335505,Multi_Wave_Oscillating,"[np.float64(-12.5), np.float64(52.7), np.float64(-99.2), np.float64(30.1), np.float64(-36.0), np.float64(50.6)]"
2025-06-18,24788.34961,24947.55078,24750.44922,24798.75,197.1015600000028,-53.15038999999888,17,960.8023399999984,0.20514267273745723,Multi_Wave_Oscillating,"[np.float64(156.2), np.float64(-45.9), np.float64(22.0), np.float64(-22.0), np.float64(27.2), np.float64(-86.4)]"
2025-06-19,24803.25,24863.09961,24733.40039,24744.7,129.69922000000224,4.5,26,1082.9011700000228,0.11977013562558023,Multi_Wave_Oscillating,"[np.float64(-16.5), np.float64(46.5), np.float64(-75.9), np.float64(87.2), np.float64(-24.8), np.float64(62.7)]"
2025-06-20,24787.65039,25136.19922,24783.65039,25079.75,352.5488299999997,42.95038999999815,33,1460.1492200000248,0.24144712415077257,Multi_Wave_Oscillating,"[np.float64(16.7), np.float64(-57.7), np.float64(27.6), np.float64(-36.6), np.float64(32.2), np.float64(-28.9)]"
2025-06-23,24939.75,25057.0,24824.84961,24958.9,232.15038999999888,-140.0,23,1158.6492200000102,0.20036296231226636,Multi_Wave_Oscillating,"[np.float64(19.7), np.float64(-76.9), np.float64(33.1), np.float64(-53.3), np.float64(25.7), np.float64(-58.0)]"
2025-06-24,25179.90039,25317.69922,24999.69922,25071.55,318.0,221.00038999999742,70,3233.147659999966,0.0983561635412604,Multi_Wave_Oscillating,"[np.float64(34.3), np.float64(-33.3), np.float64(30.5), np.float64(-53.8), np.float64(23.1), np.float64(-77.2)]"
2025-06-25,25150.34961,25266.80078,25125.05078,25236.35,141.75,78.79961000000185,24,888.8492199999746,0.1594758670092595,Multi_Wave_Oscillating,"[np.float64(-21.5), np.float64(59.9), np.float64(-36.0), np.float64(28.8), np.float64(-22.5), np.float64(45.2)]"
2025-06-26,25268.94922,25565.30078,25259.90039,25530.4,305.4003900000025,32.59922000000006,47,2168.6515600000275,0.14082501570699474,Multi_Wave_Oscillating,"[np.float64(107.6), np.float64(-53.2), np.float64(55.3), np.float64(-20.3), np.float64(66.2), np.float64(-53.4)]"
2025-06-27,25576.65039,25654.19922,25523.55078,25632.45,130.6484399999972,46.250389999997424,17,724.7960999999959,0.18025544011618985,Multi_Wave_Oscillating,"[np.float64(6.3), np.float64(-98.9), np.float64(50.2), np.float64(-45.3), np.float64(41.3), np.float64(-33.7)]"
2025-06-30,25661.65039,25669.34961,25473.3,25507.45,196.04961000000185,29.20038999999815,24,969.401560000013,0.2022377702796344,Multi_Wave_Oscillating,"[np.float64(-38.6), np.float64(59.5), np.float64(-107.4), np.float64(38.2), np.float64(-25.3), np.float64(43.5)]"
2025-07-01,25551.34961,25593.40039,25501.80078,25533.0,91.59960999999748,43.89961000000039,20,709.8476600000031,0.1290412227322086,Multi_Wave_Oscillating,"[np.float64(-7.7), np.float64(61.9), np.float64(-23.7), np.float64(37.8), np.float64(-22.7), np.float64(26.3)]"
2025-07-02,25588.30078,25608.09961,25378.75,25442.85,229.34961000000112,55.300780000001396,19,859.2484400000103,0.26691885527310166,Multi_Wave_Oscillating,"[np.float64(8.8), np.float64(-76.8), np.float64(27.8), np.float64(-62.3), np.float64(31.3), np.float64(-64.7)]"
2025-07-03,25505.09961,25587.5,25384.34961,25397.4,203.15038999999888,62.249610000002576,34,1642.3515600000064,0.1236948257290285,Multi_Wave_Oscillating,"[np.float64(-2.2), np.float64(53.1), np.float64(-107.3), np.float64(66.4), np.float64(-42.3), np.float64(61.5)]"
2025-07-04,25428.84961,25470.25,25331.65039,25467.8,138.59961000000112,31.449609999999666,22,884.7461000000039,0.15665467188835364,Multi_Wave_Oscillating,"[np.float64(21.8), np.float64(-48.4), np.float64(30.6), np.float64(-34.9), np.float64(22.3), np.float64(-34.5)]"
2025-07-07,25450.44922,25489.80078,25407.25,25454.95,82.5507800000014,-17.35078000000067,17,771.4523399999998,0.10700697336662614,Multi_Wave_Oscillating,"[np.float64(-17.4), np.float64(73.7), np.float64(-47.2), np.float64(56.1), np.float64(-50.9), np.float64(34.4)]"
2025-07-08,25427.84961,25548.05078,25424.15039,25523.1,123.90039000000252,-27.100389999999607,19,690.7038999999932,0.17938278616930314,Multi_Wave_Oscillating,"[np.float64(7.6), np.float64(-24.5), np.float64(31.5), np.float64(-20.2), np.float64(51.7), np.float64(-37.6)]"
2025-07-09,25514.59961,25548.7,25424.34961,25464.65,124.3503899999996,-8.500389999997424,13,611.4007800000072,0.2033860506360462,Multi_Wave_Oscillating,"[np.float64(-26.1), np.float64(22.5), np.float64(-28.7), np.float64(65.5), np.float64(-21.8), np.float64(33.0)]"
2025-07-10,25511.65039,25524.05078,25340.44922,25348.15,183.6015600000028,47.000389999997424,32,1139.2507799999985,0.16115991599321358,Multi_Wave_Oscillating,"[np.float64(-15.2), np.float64(36.0), np.float64(-57.4), np.float64(20.5), np.float64(-34.0), np.float64(24.4)]"
2025-07-11,25255.5,25322.44922,25129.0,25140.55,193.4492199999986,-92.65000000000146,17,879.4492199999986,0.21996633301920368,Multi_Wave_Oscillating,"[np.float64(55.0), np.float64(-32.6), np.float64(37.0), np.float64(-165.3), np.float64(20.1), np.float64(-28.0)]"
2025-07-14,25149.5,25151.09961,25001.94922,25087.1,149.15039000000252,8.950000000000728,23,1002.3515600000101,0.1488004767508927,Multi_Wave_Oscillating,"[np.float64(-33.0), np.float64(21.5), np.float64(-56.8), np.float64(28.0), np.float64(-37.2), np.float64(85.3)]"
2025-07-15,25089.5,25245.19922,25088.44922,25219.65,156.75,2.400000000001455,20,874.4007800000036,0.17926562233853377,Multi_Wave_Oscillating,"[np.float64(0.7), np.float64(-28.1), np.float64(32.8), np.float64(-66.6), np.float64(33.5), np.float64(-26.5)]"
2025-07-16,25196.59961,25255.30078,25121.05078,25198.55,134.25,-23.050390000000334,16,710.3499999999913,0.18899134229605358,Multi_Wave_Oscillating,"[np.float64(-10.2), np.float64(29.5), np.float64(-60.2), np.float64(40.0), np.float64(-32.8), np.float64(30.8)]"
2025-07-17,25230.75,25238.34961,25101.0,25109.5,137.34961000000112,32.20000000000073,21,791.5484400000059,0.17352015752819888,Multi_Wave_Oscillating,"[np.float64(-17.2), np.float64(30.2), np.float64(-35.2), np.float64(30.0), np.float64(-50.2), np.float64(21.9)]"
2025-07-18,25108.55078,25144.59961,24918.65039,24967.45,225.94922000000224,-0.9492199999986042,24,1099.6515600000057,0.2054734683411908,Multi_Wave_Oscillating,"[np.float64(28.7), np.float64(-83.5), np.float64(25.1), np.float64(-60.0), np.float64(24.0), np.float64(-112.0)]"
2025-07-21,24999.0,25111.40039,24882.30078,25093.3,229.09960999999748,31.549999999999272,20,1058.246880000006,0.21648975709713048,Multi_Wave_Oscillating,"[np.float64(-11.5), np.float64(24.3), np.float64(-79.3), np.float64(21.5), np.float64(-33.7), np.float64(166.8)]"
2025-07-22,25166.65039,25182.0,25035.55078,25064.9,146.4492199999986,73.3503899999996,25,967.8992199999993,0.15130626926220553,Multi_Wave_Oscillating,"[np.float64(-22.1), np.float64(36.5), np.float64(-49.8), np.float64(30.1), np.float64(-32.7), np.float64(28.0)]"
2025-07-23,25139.34961,25233.5,25085.5,25209.2,148.0,74.44960999999967,18,734.3023400000166,0.2015518566916138,Multi_Wave_Oscillating,"[np.float64(-24.0), np.float64(32.3), np.float64(-23.1), np.float64(22.5), np.float64(-37.9), np.float64(22.3)]"
2025-07-24,25243.30078,25246.25,25018.69922,25051.9,227.5507800000014,34.10078000000067,18,836.3999999999978,0.27205975609756333,Multi_Wave_Oscillating,"[np.float64(-65.1), np.float64(28.5), np.float64(-93.2), np.float64(24.9), np.float64(-95.9), np.float64(72.5)]"
2025-07-25,25010.34961,25010.34961,24806.34961,24832.2,204.0,-41.550390000000334,32,1407.8023399999947,0.14490670615024034,Multi_Wave_Oscillating,"[np.float64(-16.1), np.float64(20.5), np.float64(-51.5), np.float64(86.4), np.float64(-47.5), np.float64(32.4)]"
2025-07-28,24782.44922,24889.19922,24646.59961,24673.95,242.59960999999748,-49.75078000000212,34,1535.3523399999867,0.1580090795315423,Multi_Wave_Oscillating,"[np.float64(-22.4), np.float64(64.0), np.float64(-35.4), np.float64(93.3), np.float64(-73.5), np.float64(45.8)]"
2025-07-29,24609.65039,24847.15039,24598.59961,24830.4,248.55077999999776,-64.29961000000185,41,1611.2515599999897,0.1542594503368545,Multi_Wave_Oscillating,"[np.float64(22.4), np.float64(-35.6), np.float64(71.2), np.float64(-38.0), np.float64(38.5), np.float64(-29.4)]"
2025-07-30,24890.40039,24902.30078,24771.94922,24844.55,130.3515600000028,60.000389999997424,28,1159.4023400000042,0.11242996111255246,Multi_Wave_Oscillating,"[np.float64(-19.1), np.float64(55.3), np.float64(-45.2), np.float64(35.2), np.float64(-26.1), np.float64(46.9)]"
2025-07-31,24642.25,24956.5,24635.0,24765.6,321.5,-202.29999999999927,49,2139.6422000000057,0.15025876756403436,Multi_Wave_Oscillating,"[np.float64(1.0), np.float64(-60.5), np.float64(75.4), np.float64(-28.4), np.float64(42.4), np.float64(-35.2)]"
2025-08-01,24734.90039,24784.15039,24535.05078,24572.15,249.09960999999748,-30.699609999999666,39,1774.65312000001,0.14036523937703166,Multi_Wave_Oscillating,"[np.float64(-27.6), np.float64(36.7), np.float64(-60.4), np.float64(66.5), np.float64(-43.1), np.float64(29.7)]"
2025-08-04,24596.05078,24736.25,24554.0,24726.9,182.25,23.90077999999994,30,1457.6984399999856,0.12502585925796958,Multi_Wave_Oscillating,"[np.float64(34.7), np.float64(-23.6), np.float64(45.0), np.float64(-115.9), np.float64(92.3), np.float64(-49.2)]"
2025-08-05,24720.25,24733.09961,24590.30078,24649.5,142.79882999999973,-6.650000000001455,30,1194.9968799999988,0.11949724086308901,Multi_Wave_Oscillating,"[np.float64(-35.7), np.float64(33.6), np.float64(-38.2), np.float64(28.7), np.float64(-25.8), np.float64(20.8)]"
2025-08-06,24641.34961,24671.40039,24539.19922,24569.6,132.20117000000027,-8.150389999998879,29,1229.2038999999968,0.10755023637656912,Multi_Wave_Oscillating,"[np.float64(21.6), np.float64(-31.0), np.float64(37.1), np.float64(-65.6), np.float64(37.6), np.float64(-30.7)]"
2025-08-07,24464.19922,24634.19922,24344.15039,24626.65,290.0488299999997,-105.40077999999994,36,1559.4992199999906,0.1859884418537904,Multi_Wave_Oscillating,"[np.float64(14.4), np.float64(-25.9), np.float64(43.6), np.float64(-37.1), np.float64(46.3), np.float64(-42.7)]"
2025-08-08,24544.25,24585.5,24337.5,24350.85,248.0,-82.40000000000146,29,1319.0515600000108,0.18801387869932695,Multi_Wave_Oscillating,"[np.float64(19.4), np.float64(-31.8), np.float64(39.2), np.float64(-83.8), np.float64(31.3), np.float64(-95.4)]"
2025-08-11,24371.5,24600.84961,24347.44922,24562.15,253.40039000000252,20.650000000001455,28,1310.1031200000034,0.19342018664912564,Multi_Wave_Oscillating,"[np.float64(-13.2), np.float64(81.0), np.float64(-67.0), np.float64(58.5), np.float64(-52.5), np.float64(22.6)]"
2025-08-12,24563.34961,24702.59961,24465.65039,24485.85,236.94922000000224,1.1996099999996659,36,1707.797659999993,0.1387454881510982,Multi_Wave_Oscillating,"[np.float64(-13.2), np.float64(57.2), np.float64(-20.5), np.float64(60.5), np.float64(-20.9), np.float64(95.5)]"
2025-08-13,24586.19922,24664.55078,24535.25,24630.4,129.3007800000014,100.34922000000006,29,1143.553119999986,0.11306932554213396,Multi_Wave_Oscillating,"[np.float64(-15.5), np.float64(32.8), np.float64(-55.7), np.float64(31.0), np.float64(-39.5), np.float64(78.9)]"
2025-08-14,24607.25,24673.65039,24596.90039,24616.05,76.75,-23.150000000001455,33,1177.5000000000036,0.06518046709129492,Multi_Wave_Oscillating,"[np.float64(19.3), np.float64(-48.5), np.float64(28.0), np.float64(-27.3), np.float64(56.3), np.float64(-47.2)]"
2025-08-18,24938.19922,25022.0,24852.84961,24884.05,169.15038999999888,322.14921999999933,25,1087.2007799999847,0.15558339647254602,Multi_Wave_Oscillating,"[np.float64(-35.1), np.float64(73.2), np.float64(-20.2), np.float64(84.6), np.float64(-32.5), np.float64(20.2)]"
2025-08-19,24891.34961,25012.65039,24873.94922,24989.7,138.70117000000027,7.299610000001849,26,1025.6999999999898,0.135225865262749,Multi_Wave_Oscillating,"[np.float64(29.7), np.float64(-32.4), np.float64(28.0), np.float64(-32.8), np.float64(43.3), np.float64(-62.5)]"
2025-08-20,24965.80078,25088.69922,24929.69922,25047.15,159.0,-23.89921999999933,15,647.6499999999978,0.2455029722844137,Multi_Wave_Oscillating,"[np.float64(-29.6), np.float64(62.0), np.float64(-44.3), np.float64(72.9), np.float64(-33.0), np.float64(43.7)]"
2025-08-21,25142.0,25153.65039,25054.9,25076.95,98.75038999999742,94.84999999999854,14,636.8499999999949,0.15506067362801007,Multi_Wave_Oscillating,"[np.float64(-36.8), np.float64(28.1), np.float64(-31.8), np.float64(80.1), np.float64(-22.0), np.float64(32.7)]"
2025-08-22,25064.15039,25084.84961,24859.15039,24869.45,225.69922000000224,-12.799610000001849,16,746.3511699999945,0.3024035187082294,Multi_Wave_Oscillating,"[np.float64(-101.6), np.float64(35.1), np.float64(-26.0), np.float64(24.4), np.float64(-38.8), np.float64(25.4)]"
2025-08-25,24949.15,25021.55078,24894.34961,24979.55,127.20117000000027,79.70000000000073,15,643.2007799999883,0.19776277323544694,Multi_Wave_Oscillating,"[np.float64(-12.5), np.float64(20.5), np.float64(-26.8), np.float64(58.9), np.float64(-79.6), np.float64(37.3)]"
2025-08-26,24899.5,24919.65039,24689.59961,24710.7,230.05077999999776,-80.04999999999927,24,1040.0523399999875,0.221191541187245,Multi_Wave_Oscillating,"[np.float64(9.2), np.float64(-123.1), np.float64(22.5), np.float64(-60.3), np.float64(23.2), np.float64(-26.4)]"
2025-08-28,24695.80078,24702.65039,24481.59961,24533.1,221.05077999999776,-14.899219999999332,33,1497.4015599999912,0.14762291285445106,Multi_Wave_Oscillating,"[np.float64(-101.2), np.float64(29.0), np.float64(-36.1), np.float64(70.8), np.float64(-28.5), np.float64(32.5)]"
2025-08-29,24466.69922,24572.45,24404.69922,24433.65,167.75078000000212,-66.40077999999994,28,1325.4007800000036,0.12656607912966647,Multi_Wave_Oscillating,"[np.float64(22.2), np.float64(-62.8), np.float64(54.3), np.float64(-74.0), np.float64(44.7), np.float64(-24.6)]"
2025-09-01,24432.69922,24635.59961,24432.69922,24624.3,202.90039000000252,-0.950780000002851,17,615.0015600000079,0.32991849646690313,Multi_Wave_Oscillating,"[np.float64(16.5), np.float64(-26.6), np.float64(31.0), np.float64(-21.1), np.float64(28.8), np.float64(-21.1)]"
2025-09-02,24653.0,24756.09961,24522.34961,24575.0,233.75,28.700000000000728,27,1320.2531200000194,0.17704938277290083,Multi_Wave_Oscillating,"[np.float64(10.1), np.float64(-54.5), np.float64(116.2), np.float64(-28.7), np.float64(22.6), np.float64(-32.6)]"
2025-09-03,24616.5,24737.05078,24533.19922,24713.6,203.8515600000028,41.5,22,1034.3523400000122,0.19708135430911328,Multi_Wave_Oscillating,"[np.float64(-26.9), np.float64(26.6), np.float64(-69.7), np.float64(66.6), np.float64(-38.5), np.float64(31.9)]"
2025-09-04,24980.75,24980.75,24708.19922,24739.8,272.5507800000014,267.15000000000146,40,1661.4500000000153,0.16404392548677293,Multi_Wave_Oscillating,"[np.float64(-10.7), np.float64(26.8), np.float64(-45.5), np.float64(35.7), np.float64(-20.4), np.float64(71.4)]"
2025-09-05,24818.84961,24832.34961,24621.59961,24743.95,210.75,79.04961000000185,38,1602.903900000034,0.13148012179644428,Multi_Wave_Oscillating,"[np.float64(-15.7), np.float64(28.2), np.float64(-36.4), np.float64(41.7), np.float64(-52.9), np.float64(33.5)]"
2025-09-08,24802.59961,24885.5,24751.55078,24791.2,133.9492199999986,58.64961000000039,26,1138.746879999977,0.11762861646655078,Multi_Wave_Oscillating,"[np.float64(26.4), np.float64(-50.3), np.float64(27.7), np.float64(-50.2), np.float64(87.2), np.float64(-43.7)]"
2025-09-09,24864.09961,24891.80078,24814.0,24878.8,77.8007800000014,72.8996100000004,28,964.2054600000047,0.08068900584736476,Multi_Wave_Oscillating,"[np.float64(7.0), np.float64(-33.6), np.float64(38.2), np.float64(-36.7), np.float64(22.7), np.float64(-33.6)]"
2025-09-10,24991.0,25035.69922,24915.05078,24977.55,120.64843999999721,112.20000000000073,17,701.3968800000002,0.1720116576509396,Multi_Wave_Oscillating,"[np.float64(-12.9), np.float64(24.9), np.float64(-23.2), np.float64(57.7), np.float64(-27.5), np.float64(45.7)]"
2025-09-11,24945.5,25037.30078,24940.15039,25008.1,97.15039000000252,-32.04999999999927,23,776.1968800000104,0.12516204651582882,Multi_Wave_Oscillating,"[np.float64(19.0), np.float64(-24.1), np.float64(54.8), np.float64(-36.6), np.float64(22.6), np.float64(-27.5)]"
2025-09-12,25074.44922,25139.44922,25038.05078,25107.7,101.39843999999721,66.34922000000006,11,386.0968799999937,0.26262434443914406,Multi_Wave_Oscillating,"[np.float64(-6.0), np.float64(22.7), np.float64(-41.9), np.float64(23.1), np.float64(-21.2), np.float64(99.5)]"
2025-09-15,25118.90039,25138.44922,25048.75,25069.7,89.6992199999986,11.200389999998151,18,688.9976599999973,0.13018798931769807,Multi_Wave_Oscillating,"[np.float64(-32.8), np.float64(36.9), np.float64(-40.8), np.float64(30.6), np.float64(-42.0), np.float64(32.8)]"
2025-09-16,25073.59961,25261.40039,25070.44922,25254.45,190.95117000000027,3.8996100000003935,18,734.2964900000006,0.26004641531106887,Multi_Wave_Oscillating,"[np.float64(16.5), np.float64(-40.8), np.float64(111.4), np.float64(-34.0), np.float64(55.2), np.float64(-50.3)]"
2025-09-17,25276.59961,25346.5,25275.34961,25330.15,71.15038999999888,22.149610000000393,18,599.349999999984,0.11871258863769213,Multi_Wave_Oscillating,"[np.float64(9.7), np.float64(-34.3), np.float64(42.3), np.float64(-41.4), np.float64(59.2), np.float64(-36.7)]"
2025-09-18,25441.05078,25448.94922,25329.75,25420.75,119.1992199999986,110.90077999999994,20,782.8007799999978,0.15227274045383418,Multi_Wave_Oscillating,"[np.float64(-24.9), np.float64(43.3), np.float64(-33.2), np.float64(24.7), np.float64(-27.2), np.float64(41.1)]"
2025-09-19,25410.19922,25428.75,25286.30078,25352.5,142.4492199999986,-10.550780000001396,21,818.4968799999951,0.17403758460264315,Multi_Wave_Oscillating,"[np.float64(-38.2), np.float64(30.5), np.float64(-66.2), np.float64(24.4), np.float64(-50.2), np.float64(48.2)]"
2025-09-22,25238.09961,25331.69922,25151.05078,25200.2,180.6484399999972,-114.40038999999888,22,988.6968799999777,0.18271367458952767,Multi_Wave_Oscillating,"[np.float64(21.9), np.float64(-52.8), np.float64(120.1), np.float64(-47.0), np.float64(39.8), np.float64(-26.5)]"
2025-09-23,25209.0,25261.90039,25084.65039,25185.8,177.25,8.799999999999272,44,1706.7476600000227,0.1038524933439766,Multi_Wave_Oscillating,"[np.float64(13.4), np.float64(-38.7), np.float64(35.1), np.float64(-92.7), np.float64(24.2), np.float64(-68.7)]"
2025-09-24,25108.75,25149.84961,25027.44922,25060.9,122.40039000000252,-77.04999999999927,22,935.3492199999928,0.13086063192526473,Multi_Wave_Oscillating,"[np.float64(39.6), np.float64(-86.8), np.float64(24.1), np.float64(-33.4), np.float64(30.0), np.float64(-34.4)]"
2025-09-25,25034.5,25092.69922,24878.30078,24904.55,214.3984399999972,-26.400000000001455,31,1257.2421999999933,0.170530737832375,Multi_Wave_Oscillating,"[np.float64(-11.0), np.float64(88.8), np.float64(-44.2), np.float64(32.8), np.float64(-36.3), np.float64(37.6)]"
2025-09-26,24818.55078,24868.59961,24629.44922,24673.1,239.15039000000252,-85.99921999999788,30,1282.5968800000119,0.1864579539597822,Multi_Wave_Oscillating,"[np.float64(45.1), np.float64(-59.5), np.float64(31.8), np.float64(-55.7), np.float64(41.7), np.float64(-67.8)]"
2025-09-29,24728.55078,24791.30078,24606.19922,24677.55,185.1015600000028,55.45078000000285,43,1783.7054600000083,0.10377361293719532,Multi_Wave_Oscillating,"[np.float64(-42.7), np.float64(45.2), np.float64(-28.5), np.float64(22.7), np.float64(-22.8), np.float64(71.0)]"
2025-09-30,24691.94922,24731.80078,24587.69922,24633.6,144.1015600000028,14.399219999999332,40,1564.4039000000012,0.092112759371159,Multi_Wave_Oscillating,"[np.float64(10.1), np.float64(-29.3), np.float64(40.7), np.float64(-39.9), np.float64(26.1), np.float64(-64.7)]"
2025-10-01,24620.55078,24867.94922,24605.94922,24853.4,262.0,-13.049219999997149,32,1382.6038999999946,0.1894975126281656,Multi_Wave_Oscillating,"[np.float64(23.7), np.float64(-42.2), np.float64(25.7), np.float64(-39.4), np.float64(88.1), np.float64(-37.5)]"
2025-10-03,24759.55078,24904.80078,24747.55078,24895.0,157.25,-93.84922000000006,30,1229.598439999987,0.12788728001314126,Multi_Wave_Oscillating,"[np.float64(59.0), np.float64(-93.2), np.float64(39.5), np.float64(-54.4), np.float64(32.2), np.float64(-22.2)]"
2025-10-06,24916.55078,25095.94922,24881.65039,25072.55,214.29882999999973,21.550780000001396,22,983.2992199999899,0.217938574180911,Multi_Wave_Oscillating,"[np.float64(-7.6), np.float64(37.5), np.float64(-44.2), np.float64(33.3), np.float64(-50.5), np.float64(86.2)]"
2025-10-07,25085.30078,25220.90039,25076.30078,25112.8,144.59960999999748,12.750780000002123,36,1427.7976599999965,0.10127458116158969,Multi_Wave_Oscillating,"[np.float64(17.2), np.float64(-63.4), np.float64(44.3), np.float64(-25.7), np.float64(107.3), np.float64(-32.3)]"
2025-10-08,25079.75,25192.5,25008.5,25023.8,184.0,-33.04999999999927,39,1548.901560000002,0.11879386318133721,Multi_Wave_Oscillating,"[np.float64(26.4), np.float64(-38.1), np.float64(89.4), np.float64(-24.3), np.float64(34.8), np.float64(-55.2)]"
2025-10-09,25074.3,25199.25,25024.3,25170.3,174.95000000000073,50.5,41,1577.797659999993,0.11088240554242013,Multi_Wave_Oscillating,"[np.float64(9.7), np.float64(-46.4), np.float64(81.2), np.float64(-47.9), np.float64(32.1), np.float64(-48.0)]"
2025-10-10,25167.65039,25330.75,25156.84961,25278.2,173.90038999999888,-2.6496100000003935,35,1211.6554600000163,0.14352296980529147,Multi_Wave_Oscillating,"[np.float64(16.5), np.float64(-30.7), np.float64(85.2), np.float64(-23.1), np.float64(38.0), np.float64(-21.5)]"
2025-10-13,25177.30078,25267.30078,25152.30078,25237.15,115.0,-100.89921999999933,34,1390.9484400000147,0.08267739960224463,Multi_Wave_Oscillating,"[np.float64(28.4), np.float64(-65.1), np.float64(47.2), np.float64(-36.7), np.float64(23.6), np.float64(-58.6)]"
2025-10-14,25277.55,25310.35,25060.55,25123.35,249.79999999999927,40.39999999999782,51,2078.0499999999993,0.12020884964269356,Multi_Wave_Oscillating,"[np.float64(14.6), np.float64(-25.8), np.float64(29.9), np.float64(-73.6), np.float64(27.1), np.float64(-37.7)]"
2025-10-15,25181.95,25365.15,25159.35,25327.75,205.8000000000029,58.60000000000218,22,892.7000000000189,0.2305365744370993,Multi_Wave_Oscillating,"[np.float64(34.3), np.float64(-23.6), np.float64(36.5), np.float64(-52.9), np.float64(24.1), np.float64(-30.1)]"
2025-10-16,25394.90039,25625.40039,25376.84961,25566.3,248.55077999999776,67.15038999999888,21,838.9968799999988,0.2962475617310974,Multi_Wave_Oscillating,"[np.float64(20.2), np.float64(-25.7), np.float64(27.6), np.float64(-21.9), np.float64(35.2), np.float64(-28.9)]"
2025-10-17,25546.84961,25781.5,25508.59961,25704.7,272.9003899999989,-19.45038999999815,45,1979.700000000008,0.13784936606556436,Multi_Wave_Oscillating,"[np.float64(13.5), np.float64(-28.4), np.float64(26.4), np.float64(-20.9), np.float64(81.1), np.float64(-61.4)]"
2025-10-20,25824.59961,25926.19922,25788.5,25850.7,137.6992199999986,119.8996100000004,50,1946.1984399999928,0.07075291870031461,Multi_Wave_Oscillating,"[np.float64(21.1), np.float64(-97.1), np.float64(45.2), np.float64(-28.1), np.float64(49.1), np.float64(-57.1)]"
2025-10-21,25901.19922,25934.34961,25826.30078,25833.3,108.04882999999973,50.49921999999788,7,291.24765999999363,0.37098608792256765,Multi_Wave_Oscillating,"[np.float64(10.3), np.float64(-60.8), np.float64(34.4), np.float64(-29.2), np.float64(29.2), np.float64(-58.5)]"
2025-10-23,26057.19922,26104.19922,25862.44922,25870.3,241.75,223.89921999999933,38,1591.9984399999848,0.1518531638762173,Multi_Wave_Oscillating,"[np.float64(-25.0), np.float64(47.8), np.float64(-49.2), np.float64(58.9), np.float64(-24.2), np.float64(69.3)]"
2025-10-24,25935.09961,25944.15039,25718.19922,25797.45,225.95117000000027,64.79961000000185,37,1502.5484400000023,0.15037862606279764,Multi_Wave_Oscillating,"[np.float64(-41.9), np.float64(52.1), np.float64(-23.7), np.float64(24.6), np.float64(-33.8), np.float64(33.8)]"
2025-10-27,25843.19922,26005.94922,25827.0,25974.0,178.9492199999986,45.74921999999788,24,961.4953199999836,0.18611553928312585,Multi_Wave_Oscillating,"[np.float64(7.7), np.float64(-28.7), np.float64(96.0), np.float64(-26.0), np.float64(58.1), np.float64(-32.1)]"
2025-10-28,25939.94922,26041.69922,25810.05078,25965.4,231.6484399999972,-34.050780000001396,65,2537.5937600000143,0.09128665259643289,Multi_Wave_Oscillating,"[np.float64(19.0), np.float64(-53.2), np.float64(46.6), np.float64(-43.1), np.float64(83.2), np.float64(-31.8)]"
2025-10-29,25982.0,26097.85,25960.30078,26068.3,137.54921999999715,16.599999999998545,26,1077.9999999999927,0.12759667903524868,Multi_Wave_Oscillating,"[np.float64(13.4), np.float64(-54.4), np.float64(56.7), np.float64(-64.8), np.float64(35.2), np.float64(-30.5)]"
2025-10-30,25984.40039,26032.05078,25845.25,25891.2,186.8007800000014,-83.8996100000004,36,1430.0531200000114,0.13062506377385472,Multi_Wave_Oscillating,"[np.float64(43.8), np.float64(-66.8), np.float64(32.2), np.float64(-33.6), np.float64(29.4), np.float64(-82.8)]"
2025-10-31,25863.8,25953.75,25711.2,25732.55,242.54999999999927,-27.400000000001455,27,1182.050000000003,0.20519436572056907,Multi_Wave_Oscillating,"[np.float64(-11.5), np.float64(131.7), np.float64(-27.2), np.float64(23.7), np.float64(-33.9), np.float64(21.3)]"
2025-11-03,25696.85,25803.1,25645.5,25774.3,157.59999999999854,-35.70000000000073,32,1363.8999999999978,0.11555099347459404,Multi_Wave_Oscillating,"[np.float64(28.0), np.float64(-79.5), np.float64(47.3), np.float64(-41.9), np.float64(21.2), np.float64(-20.3)]"
2025-11-04,25744.75,25787.4,25578.4,25586.25,209.0,-29.549999999999272,33,1218.0500000000138,0.17158573129181695,Multi_Wave_Oscillating,"[np.float64(18.9), np.float64(-48.1), np.float64(24.2), np.float64(-31.5), np.float64(23.8), np.float64(-61.4)]"
2025-11-06,25593.35,25679.15,25491.55,25519.95,187.60000000000218,7.099999999998545,36,1463.5499999999993,0.12818147654675432,Multi_Wave_Oscillating,"[np.float64(11.4), np.float64(-26.3), np.float64(45.7), np.float64(-69.8), np.float64(22.4), np.float64(-21.5)]"
2025-11-07,25433.8,25551.25,25318.45,25510.05,232.79999999999927,-86.15000000000146,20,1105.1000000000022,0.21065966880825157,Multi_Wave_Oscillating,"[np.float64(-16.3), np.float64(26.7), np.float64(-57.2), np.float64(37.2), np.float64(-43.9), np.float64(72.7)]"
2025-11-10,25503.5,25653.45,25503.5,25574.25,149.95000000000073,-6.549999999999272,15,817.3500000000095,0.1834587386064709,Multi_Wave_Oscillating,"[np.float64(14.4), np.float64(-46.3), np.float64(28.9), np.float64(-58.8), np.float64(63.9), np.float64(-35.6)]"
2025-11-11,25617.0,25715.8,25449.25,25705.55,266.5499999999993,42.75,27,1296.1499999999978,0.20564749450295083,Multi_Wave_Oscillating,"[np.float64(-99.4), np.float64(31.6), np.float64(-56.0), np.float64(43.9), np.float64(-46.1), np.float64(41.4)]"
2025-11-12,25834.3,25934.55,25781.15,25874.0,153.39999999999782,128.75,19,769.9999999999964,0.19922077922077733,Multi_Wave_Oscillating,"[np.float64(-14.0), np.float64(26.4), np.float64(-25.4), np.float64(44.8), np.float64(-69.0), np.float64(83.3)]"
2025-11-13,25906.1,26010.7,25808.4,25884.1,202.29999999999927,32.099999999998545,27,1207.1500000000124,0.16758480719048768,Multi_Wave_Oscillating,"[np.float64(-10.1), np.float64(23.7), np.float64(-49.5), np.float64(79.3), np.float64(-55.8), np.float64(56.5)]"
2025-11-14,25767.9,25940.2,25740.8,25916.8,199.40000000000146,-116.19999999999709,40,1759.25,0.11334375444081367,Multi_Wave_Oscillating,"[np.float64(10.2), np.float64(-59.5), np.float64(45.2), np.float64(-29.0), np.float64(25.1), np.float64(-22.0)]"
2025-11-17,25948.2,26024.2,25906.35,26014.3,117.85000000000218,31.400000000001455,19,737.5499999999993,0.1597857772354448,Multi_Wave_Oscillating,"[np.float64(-13.9), np.float64(60.4), np.float64(-24.1), np.float64(36.3), np.float64(-30.0), np.float64(30.8)]"
2025-11-18,26021.8,26029.85,25876.5,25894.7,153.34999999999854,7.5,27,1021.3500000000095,0.15014441670337997,Multi_Wave_Oscillating,"[np.float64(-15.3), np.float64(41.5), np.float64(-20.1), np.float64(20.2), np.float64(-32.8), np.float64(20.1)]"
2025-11-19,25918.1,26074.65,25856.2,26052.7,218.45000000000073,23.399999999997817,18,866.9500000000116,0.25197531576215215,Multi_Wave_Oscillating,"[np.float64(-35.2), np.float64(44.4), np.float64(-46.5), np.float64(59.3), np.float64(-20.8), np.float64(21.4)]"
2025-11-20,26132.1,26246.65,26063.2,26197.4,183.45000000000073,79.39999999999782,20,781.5000000000109,0.23474088291746406,Multi_Wave_Oscillating,"[np.float64(-26.3), np.float64(22.2), np.float64(-24.9), np.float64(31.4), np.float64(-48.7), np.float64(32.3)]"
2025-11-21,26109.55,26179.2,26052.2,26063.95,127.0,-87.85000000000218,21,997.200000000008,0.12735659847573103,Multi_Wave_Oscillating,"[np.float64(20.3), np.float64(-31.0), np.float64(69.5), np.float64(-20.9), np.float64(25.0), np.float64(-80.5)]"
2025-11-24,26122.8,26142.8,25912.15,25943.35,230.64999999999782,58.849999999998545,31,1215.9999999999854,0.18967927631578996,Multi_Wave_Oscillating,"[np.float64(-11.9), np.float64(21.7), np.float64(-29.8), np.float64(34.8), np.float64(-25.9), np.float64(29.2)]"
2025-11-25,25998.5,26032.6,25857.5,25860.3,175.09999999999854,55.150000000001455,30,1204.0999999999913,0.14541981562993092,Multi_Wave_Oscillating,"[np.float64(-10.9), np.float64(52.2), np.float64(-33.8), np.float64(26.6), np.float64(-22.7), np.float64(34.2)]"
2025-11-26,25842.95,26215.15,25842.95,26203.5,372.2000000000007,-17.349999999998545,16,818.25,0.45487320501069445,Multi_Wave_Oscillating,"[np.float64(149.8), np.float64(-36.4), np.float64(69.0), np.float64(-27.4), np.float64(35.8), np.float64(-22.6)]"
2025-11-27,26261.25,26310.45,26141.9,26219.85,168.54999999999927,57.75,32,1355.3499999999913,0.12435902165492335,Multi_Wave_Oscillating,"[np.float64(-27.1), np.float64(86.6), np.float64(-36.9), np.float64(30.6), np.float64(-65.5), np.float64(83.2)]"
2025-11-28,26237.45,26280.75,26172.4,26204.55,108.34999999999854,17.600000000002183,25,948.2499999999927,0.11426311626680662,Multi_Wave_Oscillating,"[np.float64(-25.2), np.float64(70.5), np.float64(-40.7), np.float64(53.9), np.float64(-54.5), np.float64(38.7)]"
2025-12-01,26325.8,26325.8,26124.2,26175.95,201.59999999999854,121.25,20,896.9500000000007,0.22476169240202729,Multi_Wave_Oscillating,"[np.float64(-6.1), np.float64(44.4), np.float64(-51.5), np.float64(27.6), np.float64(-22.2), np.float64(21.0)]"
2025-12-02,26087.95,26154.6,25997.85,26057.0,156.75,-88.0,20,815.9999999999927,0.19209558823529582,Multi_Wave_Oscillating,"[np.float64(26.0), np.float64(-29.2), np.float64(47.5), np.float64(-42.0), np.float64(20.7), np.float64(-86.4)]"
2025-12-03,26004.9,26066.45,25891.0,25985.1,175.45000000000073,-52.099999999998545,31,1262.8500000000095,0.13893178128835523,Multi_Wave_Oscillating,"[np.float64(57.7), np.float64(-62.0), np.float64(36.6), np.float64(-86.7), np.float64(22.2), np.float64(-54.7)]"
2025-12-04,25981.85,26098.25,25938.95,26017.1,159.29999999999927,-3.25,22,958.0499999999811,0.1662752465946479,Multi_Wave_Oscillating,"[np.float64(-11.8), np.float64(55.3), np.float64(-21.0), np.float64(26.2), np.float64(-20.2), np.float64(50.6)]"
2025-12-05,25999.8,26202.6,25985.35,26176.65,217.25,-17.299999999999272,31,1360.3500000000022,0.15970154739589051,Multi_Wave_Oscillating,"[np.float64(57.0), np.float64(-35.6), np.float64(24.7), np.float64(-21.8), np.float64(27.0), np.float64(-28.5)]"
2025-12-08,26159.8,26178.7,25892.25,25932.8,286.4500000000007,-16.850000000002183,26,1201.2999999999847,0.23845001248647663,Multi_Wave_Oscillating,"[np.float64(-8.8), np.float64(51.5), np.float64(-66.8), np.float64(23.5), np.float64(-67.0), np.float64(40.7)]"
2025-12-09,25867.1,25923.65,25728.0,25841.75,195.65000000000146,-65.70000000000073,37,1619.1000000000058,0.12083873757025554,Multi_Wave_Oscillating,"[np.float64(-57.8), np.float64(34.9), np.float64(-76.7), np.float64(20.4), np.float64(-51.2), np.float64(120.8)]"
2025-12-10,25864.05,25947.65,25734.55,25742.65,213.10000000000218,22.299999999999272,28,1346.3500000000022,0.15827979351580335,Multi_Wave_Oscillating,"[np.float64(-13.6), np.float64(60.8), np.float64(-46.7), np.float64(29.0), np.float64(-35.2), np.float64(76.4)]"
2025-12-11,25771.4,25922.8,25693.25,25898.4,229.54999999999927,28.75,31,1500.000000000011,0.15303333333333174,Multi_Wave_Oscillating,"[np.float64(-31.8), np.float64(69.1), np.float64(-31.5), np.float64(38.2), np.float64(-109.8), np.float64(33.5)]"
2025-12-12,25971.2,26057.6,25938.45,26043.0,119.14999999999782,72.79999999999927,23,934.1499999999869,0.12754910881550016,Multi_Wave_Oscillating,"[np.float64(16.8), np.float64(-30.2), np.float64(46.2), np.float64(-35.8), np.float64(60.4), np.float64(-69.8)]"
2025-12-15,25930.05,26047.15,25904.75,26014.0,142.40000000000146,-112.95000000000073,19,827.8499999999985,0.17201183789334024,Multi_Wave_Oscillating,"[np.float64(48.2), np.float64(-57.7), np.float64(22.2), np.float64(-61.5), np.float64(26.7), np.float64(-32.2)]"
2025-12-16,25951.5,25980.75,25834.35,25851.35,146.40000000000146,-62.5,25,918.0,0.15947712418300813,Multi_Wave_Oscillating,"[np.float64(-9.7), np.float64(24.6), np.float64(-46.0), np.float64(42.1), np.float64(-64.5), np.float64(43.4)]"
2025-12-17,25902.4,25929.15,25770.35,25821.8,158.8000000000029,51.05000000000291,29,1163.9000000000196,0.13643783830225983,Multi_Wave_Oscillating,"[np.float64(-8.9), np.float64(34.6), np.float64(-22.5), np.float64(57.1), np.float64(-30.1), np.float64(34.4)]"
2025-12-18,25764.7,25902.35,25726.3,25815.65,176.04999999999927,-57.099999999998545,31,1272.4500000000007,0.1383551416558601,Multi_Wave_Oscillating,"[np.float64(56.9), np.float64(-64.7), np.float64(30.2), np.float64(-22.5), np.float64(34.1), np.float64(-29.4)]"
2025-12-19,25911.5,25993.35,25880.45,25961.4,112.89999999999782,95.84999999999854,22,786.9000000000196,0.1434743931884547,Multi_Wave_Oscillating,"[np.float64(21.7), np.float64(-21.4), np.float64(52.6), np.float64(-30.5), np.float64(26.6), np.float64(-37.5)]"
2025-12-22,26055.85,26180.7,26047.8,26162.75,132.90000000000146,94.44999999999709,14,508.9000000000051,0.26115150324228753,Multi_Wave_Oscillating,"[np.float64(53.8), np.float64(-25.7), np.float64(26.5), np.float64(-25.8), np.float64(30.1), np.float64(-23.8)]"
2025-12-23,26205.2,26233.55,26119.05,26165.95,114.5,42.45000000000073,18,733.7000000000007,0.15605833446912892,Multi_Wave_Oscillating,"[np.float64(-24.1), np.float64(26.2), np.float64(-52.4), np.float64(77.5), np.float64(-33.8), np.float64(34.2)]"
2025-12-24,26170.65,26236.4,26123.0,26141.65,113.40000000000146,4.700000000000728,22,781.2999999999847,0.14514271086650923,Multi_Wave_Oscillating,"[np.float64(-9.3), np.float64(88.1), np.float64(-26.9), np.float64(24.6), np.float64(-23.7), np.float64(32.8)]"
2025-12-26,26121.25,26144.2,26008.6,26047.65,135.60000000000218,-20.400000000001455,9,380.1499999999942,0.3567013021175964,Multi_Wave_Oscillating,"[np.float64(-12.1), np.float64(44.2), np.float64(-68.3), np.float64(30.5), np.float64(-71.2), np.float64(23.5)]"
2025-12-29,26063.35,26106.8,25920.3,25949.8,186.5,15.69999999999709,12,601.3499999999913,0.31013552839445035,Multi_Wave_Oscillating,"[np.float64(38.9), np.float64(-62.6), np.float64(43.0), np.float64(-122.3), np.float64(25.2), np.float64(-59.6)]"
2025-12-30,25940.9,25976.75,25878.0,25970.55,98.75,-8.899999999997817,21,903.8999999999869,0.10924881070915082,Multi_Wave_Oscillating,"[np.float64(-8.8), np.float64(24.7), np.float64(-40.2), np.float64(64.5), np.float64(-36.2), np.float64(48.4)]"
2025-12-31,25971.05,26187.95,25969.0,26141.85,218.95000000000073,0.5,14,711.0500000000029,0.307924899796076,Multi_Wave_Oscillating,"[np.float64(17.9), np.float64(-50.5), np.float64(46.5), np.float64(-54.9), np.float64(27.2), np.float64(-24.5)]"
2026-01-01,26173.3,26197.55,26113.4,26140.25,84.14999999999782,31.450000000000728,31,1079.399999999976,0.07795997776542495,Multi_Wave_Oscillating,"[np.float64(11.8), np.float64(-29.8), np.float64(27.8), np.float64(-44.1), np.float64(40.3), np.float64(-23.5)]"
2026-01-02,26155.1,26340.0,26118.4,26335.7,221.59999999999854,14.849999999998545,16,628.4499999999935,0.35261357307661845,Multi_Wave_Oscillating,"[np.float64(30.9), np.float64(-21.2), np.float64(35.0), np.float64(-20.3), np.float64(76.9), np.float64(-34.2)]"
2026-01-05,26333.7,26373.2,26210.05,26244.65,163.15000000000146,-2.0,24,1093.0500000000102,0.1492612414802616,Multi_Wave_Oscillating,"[np.float64(-22.1), np.float64(42.6), np.float64(-36.2), np.float64(23.9), np.float64(-48.8), np.float64(35.6)]"
2026-01-06,26189.7,26273.95,26124.75,26174.65,149.20000000000073,-54.95000000000073,22,968.0500000000029,0.1541242704405767,Multi_Wave_Oscillating,"[np.float64(2.8), np.float64(-70.3), np.float64(61.0), np.float64(-38.6), np.float64(83.3), np.float64(-55.9)]"
2026-01-07,26143.1,26187.15,26067.9,26142.9,119.25,-31.55000000000291,19,892.8500000000058,0.13356106848854704,Multi_Wave_Oscillating,"[np.float64(-7.4), np.float64(56.2), np.float64(-46.6), np.float64(37.0), np.float64(-49.1), np.float64(23.7)]"
2026-01-08,26106.5,26133.2,25858.45,25868.9,274.75,-36.400000000001455,26,1191.5999999999876,0.2305723397113149,Multi_Wave_Oscillating,"[np.float64(-26.9), np.float64(58.4), np.float64(-83.4), np.float64(53.5), np.float64(-37.1), np.float64(32.9)]"
2026-01-09,25840.4,25940.6,25623.0,25703.7,317.59999999999854,-28.5,40,1721.0500000000102,0.18453850846866546,Multi_Wave_Oscillating,"[np.float64(42.5), np.float64(-91.2), np.float64(22.9), np.float64(-34.7), np.float64(35.5), np.float64(-52.3)]"
2026-01-12,25669.05,25813.15,25473.4,25806.1,339.75,-34.650000000001455,41,2103.6000000000204,0.1615088419851667,Multi_Wave_Oscillating,"[np.float64(-128.4), np.float64(50.1), np.float64(-30.9), np.float64(48.8), np.float64(-53.4), np.float64(64.9)]"
2026-01-13,25897.35,25899.8,25603.3,25714.2,296.5,91.25,56,2577.549999999992,0.11503171616457525,Multi_Wave_Oscillating,"[np.float64(-16.6), np.float64(39.5), np.float64(-62.2), np.float64(38.9), np.float64(-121.1), np.float64(24.5)]"
2026-01-14,25648.55,25791.75,25603.95,25669.1,187.79999999999927,-65.65000000000146,46,2031.5000000000073,0.09244400689145882,Multi_Wave_Oscillating,"[np.float64(47.4), np.float64(-38.8), np.float64(61.8), np.float64(-38.1), np.float64(46.3), np.float64(-28.2)]"
2026-01-16,25696.05,25873.5,25662.4,25701.9,211.09999999999854,26.950000000000728,40,1727.7000000000007,0.12218556462348698,Multi_Wave_Oscillating,"[np.float64(33.8), np.float64(-64.8), np.float64(57.8), np.float64(-31.6), np.float64(27.8), np.float64(-46.0)]"
2026-01-19,25653.1,25653.3,25494.35,25555.5,158.95000000000073,-48.80000000000291,36,1576.8499999999913,0.10080223229857095,Multi_Wave_Oscillating,"[np.float64(-21.4), np.float64(75.5), np.float64(-34.6), np.float64(28.0), np.float64(-64.9), np.float64(64.0)]"
2026-01-20,25580.3,25585.0,25171.35,25225.35,413.65000000000146,24.799999999999272,37,1651.4000000000196,0.25048443744701254,Multi_Wave_Oscillating,"[np.float64(-29.6), np.float64(54.4), np.float64(-99.7), np.float64(34.6), np.float64(-63.9), np.float64(31.4)]"
2026-01-21,25141.0,25300.95,24919.8,25168.1,381.15000000000146,-84.34999999999854,84,3856.05000000005,0.09884467265725198,Multi_Wave_Oscillating,"[np.float64(106.0), np.float64(-91.8), np.float64(48.8), np.float64(-33.1), np.float64(52.9), np.float64(-55.6)]"
2026-01-22,25344.15,25435.75,25168.5,25320.45,267.25,176.0500000000029,64,2971.7000000000153,0.08993168893226053,Multi_Wave_Oscillating,"[np.float64(-30.0), np.float64(123.2), np.float64(-38.7), np.float64(48.8), np.float64(-56.5), np.float64(32.5)]"
2026-01-23,25344.6,25347.95,25025.3,25064.75,322.65000000000146,24.149999999997817,57,2337.7500000000073,0.13801732435033706,Multi_Wave_Oscillating,"[np.float64(-43.1), np.float64(88.1), np.float64(-25.8), np.float64(34.0), np.float64(-49.9), np.float64(23.8)]"
2026-01-27,25063.35,25246.65,24932.55,25234.1,314.1000000000022,-1.4000000000014552,83,3877.850000000013,0.08099849143210829,Multi_Wave_Oscillating,"[np.float64(13.2), np.float64(-120.0), np.float64(49.5), np.float64(-118.2), np.float64(41.0), np.float64(-46.0)]"
2026-01-28,25258.85,25372.1,25187.65,25348.05,184.4499999999971,24.75,42,1886.949999999997,0.0977503378467884,Multi_Wave_Oscillating,"[np.float64(28.5), np.float64(-39.6), np.float64(76.9), np.float64(-47.4), np.float64(39.2), np.float64(-77.4)]"
2026-01-29,25345.0,25458.15,25159.8,25422.1,298.3500000000022,-3.0499999999992724,58,2269.9499999999825,0.13143461309720675,Multi_Wave_Oscillating,"[np.float64(-15.4), np.float64(41.0), np.float64(-37.2), np.float64(52.2), np.float64(-52.3), np.float64(30.0)]"
2026-01-30,25247.55,25370.7,25213.65,25315.8,157.04999999999927,-174.54999999999927,49,2189.19999999999,0.07173853462452037,Multi_Wave_Oscillating,"[np.float64(26.4), np.float64(-51.8), np.float64(31.8), np.float64(-35.3), np.float64(49.9), np.float64(-61.6)]"
2026-02-01,25333.75,25440.9,24571.75,24768.0,869.1500000000015,17.950000000000728,99,6756.19999999999,0.12864480033154774,Multi_Wave_Oscillating,"[np.float64(-26.7), np.float64(48.7), np.float64(-23.3), np.float64(45.8), np.float64(-26.8), np.float64(50.1)]"
2026-02-02,24796.5,25108.1,24679.4,25079.9,428.6999999999971,28.5,76,3817.0999999999804,0.11231039270650475,Multi_Wave_Oscillating,"[np.float64(-45.5), np.float64(89.0), np.float64(-42.3), np.float64(111.2), np.float64(-58.9), np.float64(35.0)]"
2026-02-03,26308.05,26341.2,25641.3,25714.8,699.9000000000015,1228.1499999999978,62,3021.5499999999774,0.2316360808194492,Multi_Wave_Oscillating,"[np.float64(-17.8), np.float64(42.7), np.float64(-30.1), np.float64(89.8), np.float64(-105.1), np.float64(47.5)]"
2026-02-04,25675.05,25818.55,25563.95,25737.5,254.59999999999854,-39.75,34,1749.7000000000007,0.14551065897010826,Multi_Wave_Oscillating,"[np.float64(-98.8), np.float64(178.1), np.float64(-31.3), np.float64(23.8), np.float64(-26.2), np.float64(80.0)]"
2026-02-05,25755.9,25757.65,25579.5,25641.6,178.15000000000146,18.400000000001455,39,1689.7000000000044,0.10543291708587382,Multi_Wave_Oscillating,"[np.float64(-41.7), np.float64(67.4), np.float64(-83.1), np.float64(63.4), np.float64(-107.0), np.float64(24.5)]"
2026-02-06,25605.8,25703.95,25491.9,25673.6,212.04999999999927,-35.79999999999927,50,2028.9499999999753,0.10451218610611492,Multi_Wave_Oscillating,"[np.float64(-48.9), np.float64(77.2), np.float64(-52.3), np.float64(23.4), np.float64(-27.7), np.float64(22.8)]"
2026-02-09,25888.7,25922.25,25780.9,25863.3,141.34999999999854,215.10000000000218,25,882.2999999999956,0.16020627904340842,Multi_Wave_Oscillating,"[np.float64(-36.7), np.float64(45.5), np.float64(-37.2), np.float64(21.8), np.float64(-32.8), np.float64(28.8)]"
2026-02-10,25922.65,25989.45,25870.45,25916.8,119.0,59.35000000000218,26,1051.1500000000124,0.1132093421490735,Multi_Wave_Oscillating,"[np.float64(-39.6), np.float64(64.5), np.float64(-40.8), np.float64(68.1), np.float64(-33.5), np.float64(36.9)]"
2026-02-11,25997.45,26009.4,25899.8,25945.35,109.60000000000218,80.65000000000146,22,927.1999999999935,0.11820534943917489,Multi_Wave_Oscillating,"[np.float64(-33.6), np.float64(57.5), np.float64(-76.4), np.float64(32.8), np.float64(-44.4), np.float64(26.6)]"
2026-02-12,25906.7,25906.7,25752.4,25796.15,154.29999999999927,-38.64999999999782,24,1031.1499999999833,0.14963875284876282,Multi_Wave_Oscillating,"[np.float64(-22.6), np.float64(24.7), np.float64(-56.9), np.float64(28.0), np.float64(-21.8), np.float64(47.3)]"
2026-02-13,25571.15,25630.35,25444.3,25460.55,186.04999999999927,-225.0,38,1506.150000000016,0.12352687315340258,Multi_Wave_Oscillating,"[np.float64(40.9), np.float64(-54.5), np.float64(41.4), np.float64(-35.9), np.float64(20.6), np.float64(-21.8)]"
2026-02-16,25423.6,25697.0,25372.7,25682.45,324.2999999999993,-36.95000000000073,31,1343.599999999995,0.24136647811848802,Multi_Wave_Oscillating,"[np.float64(64.6), np.float64(-39.7), np.float64(74.8), np.float64(-96.5), np.float64(102.1), np.float64(-22.0)]"
2026-02-17,25637.95,25764.4,25570.3,25716.0,194.10000000000218,-44.5,32,1493.4500000000007,0.1299675248585504,Multi_Wave_Oscillating,"[np.float64(-14.8), np.float64(23.9), np.float64(-36.4), np.float64(31.2), np.float64(-39.4), np.float64(46.2)]"
2026-02-18,25752.65,25828.05,25645.15,25805.7,182.89999999999782,36.650000000001455,30,1175.3499999999876,0.15561322159356766,Multi_Wave_Oscillating,"[np.float64(-8.2), np.float64(42.1), np.float64(-49.8), np.float64(40.5), np.float64(-26.2), np.float64(34.7)]"
2026-02-19,25873.35,25885.3,25388.75,25416.45,496.5499999999993,67.64999999999782,39,1909.500000000029,0.26004189578423237,Multi_Wave_Oscillating,"[np.float64(-9.6), np.float64(34.8), np.float64(-21.5), np.float64(27.5), np.float64(-103.9), np.float64(39.5)]"
2026-02-20,25406.55,25663.55,25379.75,25565.9,283.7999999999993,-9.900000000001455,54,2375.850000000002,0.11945198560515143,Multi_Wave_Oscillating,"[np.float64(23.4), np.float64(-63.9), np.float64(57.5), np.float64(-99.7), np.float64(99.7), np.float64(-29.1)]"
2026-02-23,25678.4,25771.45,25609.35,25704.0,162.10000000000218,112.5,42,1765.900000000016,0.09179455235290827,Multi_Wave_Oscillating,"[np.float64(-7.9), np.float64(101.8), np.float64(-20.8), np.float64(60.3), np.float64(-20.7), np.float64(24.2)]"
2026-02-24,25641.8,25641.8,25327.6,25459.35,314.2000000000007,-62.20000000000073,41,1825.2999999999993,0.17213608721853987,Multi_Wave_Oscillating,"[np.float64(-15.9), np.float64(35.8), np.float64(-68.4), np.float64(22.8), np.float64(-62.8), np.float64(20.7)]"
2026-02-25,25512.6,25652.6,25428.2,25478.65,224.39999999999782,53.25,35,1542.6999999999935,0.14545925973941712,Multi_Wave_Oscillating,"[np.float64(33.4), np.float64(-45.3), np.float64(58.5), np.float64(-35.9), np.float64(28.7), np.float64(-27.3)]"
2026-02-26,25556.3,25572.95,25400.95,25493.3,172.0,77.64999999999782,49,2036.3000000000065,0.08446692530570124,Multi_Wave_Oscillating,"[np.float64(1.9), np.float64(-78.6), np.float64(25.3), np.float64(-26.4), np.float64(31.2), np.float64(-25.2)]"
2026-02-27,25459.85,25476.4,25141.3,25181.8,335.1000000000022,-33.45000000000073,39,1569.749999999989,0.2134734830387033,Multi_Wave_Oscillating,"[np.float64(-13.5), np.float64(23.4), np.float64(-31.2), np.float64(27.2), np.float64(-25.3), np.float64(36.4)]"
2026-03-02,24659.25,24989.35,24603.5,24849.75,385.84999999999854,-522.5499999999993,79,3983.849999999995,0.096853546192753,Multi_Wave_Oscillating,"[np.float64(90.1), np.float64(-114.5), np.float64(61.4), np.float64(-41.8), np.float64(105.1), np.float64(-80.0)]"
2026-03-04,24388.8,24602.45,24305.4,24473.95,297.0499999999993,-460.9500000000007,60,3064.5,0.09693261543481783,Multi_Wave_Oscillating,"[np.float64(75.7), np.float64(-142.1), np.float64(73.5), np.float64(-83.4), np.float64(24.0), np.float64(-33.5)]"
2026-03-05,24615.95,24854.2,24529.4,24737.45,324.7999999999993,142.0,73,3462.4000000000306,0.09380776340110802,Multi_Wave_Oscillating,"[np.float64(-30.4), np.float64(102.9), np.float64(-94.7), np.float64(53.7), np.float64(-52.1), np.float64(20.4)]"
2026-03-06,24656.4,24700.9,24415.75,24469.1,285.15000000000146,-81.04999999999927,45,2133.249999999978,0.1336692839564066,Multi_Wave_Oscillating,"[np.float64(-13.1), np.float64(48.7), np.float64(-59.7), np.float64(84.2), np.float64(-20.8), np.float64(32.5)]"
2026-03-09,23868.05,24078.15,23697.8,24005.8,380.3500000000022,-601.0499999999993,89,4113.700000000008,0.09245934317038225,Multi_Wave_Oscillating,"[np.float64(50.6), np.float64(-216.2), np.float64(43.3), np.float64(-47.6), np.float64(27.5), np.float64(-68.9)]"
2026-03-10,24280.8,24303.8,24079.95,24286.15,223.84999999999854,275.0,62,2800.050000000014,0.0799450009821244,Multi_Wave_Oscillating,"[np.float64(-57.2), np.float64(36.1), np.float64(-49.5), np.float64(46.0), np.float64(-50.0), np.float64(34.3)]"
2026-03-11,24231.85,24299.0,23834.3,23848.2,464.7000000000007,-54.30000000000291,64,2639.949999999979,0.17602606109964372,Multi_Wave_Oscillating,"[np.float64(-10.2), np.float64(80.5), np.float64(-85.2), np.float64(36.6), np.float64(-47.2), np.float64(29.2)]"
2026-03-12,23674.85,23833.15,23556.3,23639.35,276.8500000000022,-173.35000000000218,82,3480.9000000000015,0.07953402855583386,Multi_Wave_Oscillating,"[np.float64(-29.6), np.float64(44.7), np.float64(-43.1), np.float64(53.4), np.float64(-21.2), np.float64(29.6)]"
2026-03-13,23462.5,23492.4,23112.0,23170.9,380.40000000000146,-176.84999999999854,68,3089.0000000000146,0.12314664940110057,Multi_Wave_Oscillating,"[np.float64(22.1), np.float64(-70.8), np.float64(34.9), np.float64(-35.0), np.float64(20.2), np.float64(-21.9)]"
2026-03-16,23116.1,23502.0,22955.25,23355.6,546.75,-54.80000000000291,94,4989.750000000022,0.10957462798737364,Multi_Wave_Oscillating,"[np.float64(92.7), np.float64(-126.6), np.float64(69.5), np.float64(-48.0), np.float64(39.1), np.float64(-70.7)]"
2026-03-17,23493.2,23656.8,23346.6,23558.8,310.2000000000007,137.60000000000218,90,4043.1500000000124,0.07672235756773797,Multi_Wave_Oscillating,"[np.float64(-40.5), np.float64(58.8), np.float64(-43.8), np.float64(48.9), np.float64(-69.0), np.float64(23.2)]"
2026-03-18,23632.9,23862.25,23618.45,23764.1,243.79999999999927,74.10000000000218,54,2145.4500000000044,0.11363583397422396,Multi_Wave_Oscillating,"[np.float64(67.2), np.float64(-48.9), np.float64(23.2), np.float64(-46.0), np.float64(67.8), np.float64(-35.0)]"
2026-03-19,23197.75,23378.7,22930.35,23087.85,448.3500000000022,-566.3499999999985,58,2863.399999999998,0.1565795906963758,Multi_Wave_Oscillating,"[np.float64(44.0), np.float64(-108.5), np.float64(47.4), np.float64(-40.8), np.float64(75.7), np.float64(-53.2)]"
2026-03-20,23110.15,23345.15,23067.6,23134.65,277.5500000000029,22.30000000000291,76,3339.5499999999884,0.08310999985028039,Multi_Wave_Oscillating,"[np.float64(67.7), np.float64(-21.2), np.float64(45.9), np.float64(-80.6), np.float64(43.5), np.float64(-22.2)]"
2026-03-23,22824.35,22851.7,22471.25,22492.65,380.4500000000007,-310.3000000000029,88,3854.2999999999884,0.09870793659030223,Multi_Wave_Oscillating,"[np.float64(-27.0), np.float64(73.8), np.float64(-31.3), np.float64(60.1), np.float64(-37.8), np.float64(28.9)]"
2026-03-24,22878.45,23057.3,22624.2,22958.4,433.09999999999854,385.7999999999993,95,4775.7500000000255,0.09068732659791577,Multi_Wave_Oscillating,"[np.float64(-64.5), np.float64(47.6), np.float64(-71.6), np.float64(86.5), np.float64(-29.8), np.float64(32.9)]"
2026-03-25,23064.4,23465.35,23063.2,23305.1,402.1499999999978,106.0,64,2822.8999999999905,0.14245988168195797,Multi_Wave_Oscillating,"[np.float64(42.8), np.float64(-40.1), np.float64(87.1), np.float64(-21.8), np.float64(41.7), np.float64(-37.4)]"
2026-03-27,23173.55,23186.1,22804.55,22839.5,381.5499999999993,-131.54999999999927,65,2630.4500000000407,0.14505122697637035,Multi_Wave_Oscillating,"[np.float64(-27.3), np.float64(42.2), np.float64(-60.8), np.float64(75.7), np.float64(-36.7), np.float64(23.5)]"
2026-03-30,22549.65,22714.1,22283.85,22379.2,430.25,-289.84999999999854,85,3909.949999999979,0.11003977032954446,Multi_Wave_Oscillating,"[np.float64(-17.8), np.float64(69.9), np.float64(-40.0), np.float64(51.3), np.float64(-34.5), np.float64(36.6)]"
2026-04-01,22899.0,22941.3,22618.6,22703.15,322.7000000000007,519.7999999999993,65,3180.8500000000276,0.10145087005045755,Multi_Wave_Oscillating,"[np.float64(-34.5), np.float64(95.0), np.float64(-31.4), np.float64(65.1), np.float64(-113.5), np.float64(49.5)]"
2026-04-02,22383.4,22782.3,22182.55,22700.7,599.75,-319.75,85,4031.7000000000007,0.14875858818860527,Multi_Wave_Oscillating,"[np.float64(-15.0), np.float64(75.8), np.float64(-69.4), np.float64(40.4), np.float64(-20.4), np.float64(26.0)]"
2026-04-06,22780.3,22998.35,22542.95,22959.45,455.3999999999978,79.59999999999854,84,4339.099999999988,0.10495263994837618,Multi_Wave_Oscillating,"[np.float64(-98.3), np.float64(122.6), np.float64(-67.6), np.float64(36.7), np.float64(-81.2), np.float64(30.5)]"
2026-04-07,22838.7,23153.85,22719.3,23129.95,434.5499999999993,-120.75,86,3931.850000000002,0.11052049289774508,Multi_Wave_Oscillating,"[np.float64(-43.5), np.float64(70.9), np.float64(-31.5), np.float64(67.0), np.float64(-24.5), np.float64(99.8)]"
2026-04-08,23855.15,24025.15,23828.5,24012.35,196.65000000000146,725.2000000000007,67,2642.650000000005,0.07441394055209774,Multi_Wave_Oscillating,"[np.float64(-15.7), np.float64(81.0), np.float64(-21.0), np.float64(39.6), np.float64(-72.9), np.float64(38.5)]"
2026-04-09,23909.05,23990.75,23682.8,23766.05,307.9500000000007,-103.29999999999927,76,3249.549999999963,0.09476696773399525,Multi_Wave_Oscillating,"[np.float64(-11.8), np.float64(142.7), np.float64(-21.0), np.float64(27.8), np.float64(-21.4), np.float64(47.5)]"
2026-04-10,23880.55,24074.05,23856.35,24050.5,217.70000000000073,114.5,51,2246.0999999999985,0.0969235563866261,Multi_Wave_Oscillating,"[np.float64(83.2), np.float64(-61.7), np.float64(27.2), np.float64(-42.0), np.float64(57.3), np.float64(-37.7)]"
2026-04-13,23589.6,23907.4,23555.6,23818.9,351.8000000000029,-460.90000000000146,71,2860.7000000000153,0.12297689376726012,Multi_Wave_Oscillating,"[np.float64(70.7), np.float64(-144.1), np.float64(45.1), np.float64(-42.1), np.float64(49.8), np.float64(-25.3)]"
2026-04-15,24163.8,24280.9,24145.8,24211.9,135.10000000000218,344.8999999999978,33,1412.5,0.09564601769911658,Multi_Wave_Oscillating,"[np.float64(48.0), np.float64(-75.7), np.float64(36.7), np.float64(-96.1), np.float64(79.4), np.float64(-38.5)]"
2026-04-16,24385.2,24400.95,24102.8,24188.4,298.15000000000146,173.29999999999927,58,2352.4999999999854,0.1267375132837421,Multi_Wave_Oscillating,"[np.float64(-21.2), np.float64(63.8), np.float64(-25.0), np.float64(28.2), np.float64(-25.0), np.float64(20.0)]"
2026-04-17,24165.9,24371.9,24096.05,24366.9,275.8500000000022,-22.5,32,1443.9999999999745,0.19103185595568356,Multi_Wave_Oscillating,"[np.float64(47.0), np.float64(-73.9), np.float64(71.7), np.float64(-25.5), np.float64(36.7), np.float64(-37.2)]"
2026-04-20,24391.5,24480.65,24241.25,24330.9,239.40000000000146,24.599999999998545,47,2158.8999999999687,0.11088980499328589,Multi_Wave_Oscillating,"[np.float64(-54.6), np.float64(176.1), np.float64(-38.5), np.float64(32.1), np.float64(-71.9), np.float64(33.5)]"
2026-04-21,24374.55,24601.7,24354.9,24580.6,246.79999999999927,43.64999999999782,39,1528.8500000000022,0.16142852470811322,Multi_Wave_Oscillating,"[np.float64(57.1), np.float64(-27.2), np.float64(29.9), np.float64(-35.5), np.float64(24.7), np.float64(-32.8)]"
2026-04-22,24470.85,24515.95,24352.9,24367.65,163.04999999999927,-109.75,27,1251.199999999997,0.13031489769820945,Multi_Wave_Oscillating,"[np.float64(28.2), np.float64(-45.9), np.float64(26.0), np.float64(-68.4), np.float64(36.1), np.float64(-27.2)]"
2026-04-23,24202.35,24310.2,24134.8,24156.05,175.40000000000146,-165.3000000000029,36,1690.75,0.10374094336832852,Multi_Wave_Oscillating,"[np.float64(-19.2), np.float64(75.0), np.float64(-26.8), np.float64(45.0), np.float64(-34.6), np.float64(63.5)]"
2026-04-24,24100.55,24206.0,23813.65,23903.95,392.34999999999854,-55.5,37,1804.3999999999942,0.21744070050986467,Multi_Wave_Oscillating,"[np.float64(54.2), np.float64(-103.8), np.float64(29.7), np.float64(-52.2), np.float64(39.1), np.float64(-82.8)]"
2026-04-27,23945.45,24130.7,23936.2,24110.2,194.5,41.5,36,1673.3499999999985,0.1162339020527685,Multi_Wave_Oscillating,"[np.float64(21.5), np.float64(-65.5), np.float64(83.4), np.float64(-30.7), np.float64(26.0), np.float64(-37.5)]"
2026-04-28,24049.9,24181.8,23957.05,24013.95,224.75,-60.29999999999927,41,1918.599999999995,0.11714270822474752,Multi_Wave_Oscillating,"[np.float64(-35.0), np.float64(82.8), np.float64(-22.3), np.float64(50.2), np.float64(-35.7), np.float64(59.4)]"
2026-04-29,24096.9,24334.7,24059.95,24163.6,274.75,82.95000000000073,40,1653.100000000024,0.16620289153710968,Multi_Wave_Oscillating,"[np.float64(17.2), np.float64(-23.7), np.float64(22.6), np.float64(-52.1), np.float64(50.1), np.float64(-60.5)]"
2026-04-30,23996.95,24087.45,23796.85,24043.7,290.6000000000022,-166.64999999999782,53,2400.100000000013,0.12107828840465006,Multi_Wave_Oscillating,"[np.float64(-32.8), np.float64(36.7), np.float64(-32.5), np.float64(25.4), np.float64(-90.3), np.float64(31.2)]"
2026-05-04,24063.55,24290.2,24004.75,24123.8,285.4500000000007,19.849999999998545,53,2665.7499999999927,0.10708055894213693,Multi_Wave_Oscillating,"[np.float64(63.4), np.float64(-90.7), np.float64(45.4), np.float64(-31.1), np.float64(45.3), np.float64(-50.6)]"
2026-05-05,24052.6,24081.7,23882.05,24052.15,199.65000000000146,-71.20000000000073,57,2446.099999999995,0.08161972118883197,Multi_Wave_Oscillating,"[np.float64(-59.1), np.float64(122.7), np.float64(-45.3), np.float64(30.1), np.float64(-79.2), np.float64(82.9)]"
2026-05-06,24171.0,24356.5,23997.9,24339.3,358.59999999999854,118.84999999999854,38,1918.399999999987,0.18692660550458767,Multi_Wave_Oscillating,"[np.float64(45.2), np.float64(-79.5), np.float64(21.2), np.float64(-35.6), np.float64(45.0), np.float64(-37.0)]"
2026-05-07,24398.5,24482.1,24284.0,24336.4,198.09999999999854,59.20000000000073,65,2685.0499999999993,0.07377888679912799,Multi_Wave_Oscillating,"[np.float64(-33.0), np.float64(32.3), np.float64(-64.6), np.float64(22.8), np.float64(-36.3), np.float64(35.7)]"
2026-05-08,24233.65,24253.8,24126.65,24179.8,127.14999999999782,-102.75,36,1598.8500000000058,0.07952590924726982,Multi_Wave_Oscillating,"[np.float64(-40.1), np.float64(95.6), np.float64(-43.3), np.float64(35.2), np.float64(-61.2), np.float64(24.5)]"
2026-05-11,23970.1,23997.45,23799.1,23820.35,198.35000000000218,-209.70000000000073,37,1694.5500000000138,0.11705172464666169,Multi_Wave_Oscillating,"[np.float64(-46.0), np.float64(54.0), np.float64(-55.7), np.float64(48.5), np.float64(-25.4), np.float64(40.8)]"
2026-05-12,23722.6,23757.55,23348.4,23429.55,409.1499999999978,-97.75,46,1996.2500000000255,0.20495929868503074,Multi_Wave_Oscillating,"[np.float64(24.8), np.float64(-68.5), np.float64(49.3), np.float64(-31.6), np.float64(20.2), np.float64(-93.9)]"
2026-05-13,23362.45,23582.95,23262.55,23428.7,320.40000000000146,-67.09999999999854,72,3277.900000000034,0.09774550779462403,Multi_Wave_Oscillating,"[np.float64(55.0), np.float64(-92.5), np.float64(37.7), np.float64(-69.0), np.float64(61.2), np.float64(-46.2)]"
2026-05-14,23530.25,23777.2,23426.55,23713.75,350.65000000000146,101.54999999999927,62,2808.3999999999687,0.12485757014670466,Multi_Wave_Oscillating,"[np.float64(36.5), np.float64(-55.2), np.float64(65.9), np.float64(-32.9), np.float64(40.6), np.float64(-95.4)]"
2026-05-15,23731.4,23839.3,23610.3,23659.35,229.0,17.650000000001455,49,2207.5000000000036,0.10373725934314819,Multi_Wave_Oscillating,"[np.float64(-28.2), np.float64(89.6), np.float64(-40.7), np.float64(84.7), np.float64(-43.8), np.float64(31.8)]"
2026-05-18,23482.2,23695.65,23317.1,23645.65,378.5500000000029,-177.14999999999782,51,2351.5500000000175,0.1609789287916481,Multi_Wave_Oscillating,"[np.float64(-33.0), np.float64(37.0), np.float64(-25.5), np.float64(29.2), np.float64(-25.5), np.float64(26.3)]"
2026-05-19,23675.3,23782.3,23587.2,23606.2,195.09999999999854,29.649999999997817,47,1999.8999999999978,0.09755487774388658,Multi_Wave_Oscillating,"[np.float64(31.1), np.float64(-28.2), np.float64(38.7), np.float64(-26.8), np.float64(37.2), np.float64(-121.5)]"
2026-05-20,23457.25,23690.9,23397.3,23664.15,293.6000000000022,-148.95000000000073,45,1783.4500000000226,0.16462474417561382,Multi_Wave_Oscillating,"[np.float64(-23.9), np.float64(69.8), np.float64(-24.6), np.float64(36.5), np.float64(-22.0), np.float64(80.0)]"
2026-05-21,23830.05,23859.9,23596.6,23648.6,263.3000000000029,165.89999999999782,50,2181.4000000000124,0.12070230127441157,Multi_Wave_Oscillating,"[np.float64(24.1), np.float64(-107.9), np.float64(35.2), np.float64(-36.5), np.float64(23.9), np.float64(-46.7)]"
2026-05-22,23671.2,23835.65,23671.0,23748.85,164.65000000000146,22.600000000002183,34,1415.550000000003,0.11631521316802736,Multi_Wave_Oscillating,"[np.float64(18.1), np.float64(-35.5), np.float64(81.3), np.float64(-25.5), np.float64(47.4), np.float64(-49.0)]"
2026-05-25,23940.25,24054.45,23922.85,24049.9,131.60000000000218,191.40000000000146,18,718.9500000000044,0.18304471799151734,Multi_Wave_Oscillating,"[np.float64(18.7), np.float64(-22.6), np.float64(23.5), np.float64(-25.9), np.float64(23.0), np.float64(-22.4)]"
2026-05-26,24004.1,24089.8,23885.45,23933.75,204.34999999999854,-45.80000000000291,31,1252.3500000000022,0.16317323431947794,Multi_Wave_Oscillating,"[np.float64(-5.2), np.float64(75.8), np.float64(-22.6), np.float64(58.2), np.float64(-62.7), np.float64(39.9)]"
2026-05-27,23880.35,23983.2,23858.25,23920.65,124.95000000000073,-53.400000000001455,34,1357.949999999997,0.09201369711697853,Multi_Wave_Oscillating,"[np.float64(38.4), np.float64(-23.2), np.float64(40.8), np.float64(-80.4), np.float64(49.3), np.float64(-47.8)]"
2026-05-29,23902.15,24002.8,23484.75,23609.3,518.0499999999993,-18.5,38,2024.8499999999985,0.2558461120576831,Multi_Wave_Oscillating,"[np.float64(31.0), np.float64(-70.7), np.float64(44.1), np.float64(-90.8), np.float64(30.1), np.float64(-22.6)]"
2026-06-01,23654.5,23733.7,23357.95,23379.2,375.75,45.20000000000073,49,1970.1499999999942,0.19072151866609197,Multi_Wave_Oscillating,"[np.float64(-17.0), np.float64(38.9), np.float64(-64.9), np.float64(23.9), np.float64(-22.1), np.float64(20.5)]"
2026-06-02,23229.15,23556.95,23229.15,23523.3,327.7999999999993,-150.04999999999927,56,2543.650000000005,0.12886993100465813,Multi_Wave_Oscillating,"[np.float64(31.2), np.float64(-53.5), np.float64(57.5), np.float64(-29.3), np.float64(36.1), np.float64(-33.7)]"
2026-06-03,23415.95,23459.65,23151.5,23396.2,308.15000000000146,-107.34999999999854,64,2783.7999999999993,0.11069401537466828,Multi_Wave_Oscillating,"[np.float64(-75.2), np.float64(25.9), np.float64(-24.8), np.float64(20.8), np.float64(-42.5), np.float64(34.5)]"
2026-06-04,23282.45,23465.3,23247.3,23438.0,218.0,-113.75,57,2521.4999999999927,0.08645647432084103,Multi_Wave_Oscillating,"[np.float64(-34.5), np.float64(115.5), np.float64(-44.6), np.float64(39.6), np.float64(-28.0), np.float64(26.0)]"
2026-06-05,23478.95,23516.35,23282.65,23368.85,233.6999999999971,40.95000000000073,61,2786.6499999999905,0.083864137943408,Multi_Wave_Oscillating,"[np.float64(36.8), np.float64(-70.2), np.float64(25.0), np.float64(-31.8), np.float64(29.0), np.float64(-26.1)]"
2026-06-08,23080.7,23267.3,23070.15,23103.7,197.14999999999782,-288.1499999999978,45,1817.149999999987,0.10849407038494303,Multi_Wave_Oscillating,"[np.float64(38.5), np.float64(-68.1), np.float64(58.9), np.float64(-22.9), np.float64(33.4), np.float64(-35.9)]"
2026-06-09,23259.05,23279.4,23104.45,23257.75,174.95000000000073,155.34999999999854,35,1431.400000000016,0.12222299846304231,Multi_Wave_Oscillating,"[np.float64(-34.1), np.float64(49.4), np.float64(-21.8), np.float64(29.5), np.float64(-56.1), np.float64(22.2)]"
2026-06-10,23233.95,23425.35,23184.6,23216.1,240.75,-23.799999999999272,38,1592.499999999989,0.15117739403453792,Multi_Wave_Oscillating,"[np.float64(59.8), np.float64(-51.2), np.float64(52.3), np.float64(-21.6), np.float64(54.8), np.float64(-78.7)]"
2026-06-11,23104.4,23327.45,23072.05,23186.55,255.40000000000146,-111.69999999999709,52,2157.5,0.11837775202781065,Multi_Wave_Oscillating,"[np.float64(19.6), np.float64(-52.0), np.float64(76.0), np.float64(-55.2), np.float64(33.6), np.float64(-25.5)]"
2026-06-12,23412.55,23645.35,23313.9,23631.75,331.4499999999971,226.0,36,1510.6500000000087,0.21940886373415097,Multi_Wave_Oscillating,"[np.float64(30.0), np.float64(-29.5), np.float64(30.0), np.float64(-70.3), np.float64(25.0), np.float64(-53.6)]"
2026-06-15,23984.85,24011.4,23817.8,23856.55,193.60000000000218,353.09999999999854,30,1233.4000000000233,0.15696448840603092,Multi_Wave_Oscillating,"[np.float64(-18.7), np.float64(34.0), np.float64(-43.4), np.float64(28.2), np.float64(-35.0), np.float64(53.1)]"
2026-06-16,23923.9,24002.6,23888.2,23995.0,114.39999999999782,67.35000000000218,33,1154.5000000000036,0.09909051537461884,Multi_Wave_Oscillating,"[np.float64(-20.5), np.float64(52.9), np.float64(-31.0), np.float64(27.4), np.float64(-23.4), np.float64(40.7)]"
2026-06-17,24044.5,24108.2,23969.7,24081.95,138.5,49.5,22,876.2000000000044,0.15806893403332495,Multi_Wave_Oscillating,"[np.float64(-37.2), np.float64(102.0), np.float64(-28.5), np.float64(23.6), np.float64(-20.3), np.float64(36.3)]"
2026-06-18,24073.8,24189.25,24036.95,24179.4,152.29999999999927,-8.150000000001455,28,1192.8000000000102,0.12768276324614183,Multi_Wave_Oscillating,"[np.float64(56.2), np.float64(-74.5), np.float64(42.1), np.float64(-34.1), np.float64(72.8), np.float64(-26.5)]"
2026-06-19,23991.2,24047.2,23901.9,24042.7,145.29999999999927,-188.20000000000073,23,1108.9499999999898,0.13102484332025846,Multi_Wave_Oscillating,"[np.float64(-19.8), np.float64(44.0), np.float64(-45.0), np.float64(43.2), np.float64(-20.2), np.float64(28.2)]"
2026-06-22,24106.6,24168.05,24073.15,24086.85,94.89999999999782,63.89999999999782,14,568.8499999999985,0.16682781049485465,Multi_Wave_Oscillating,"[np.float64(-25.1), np.float64(69.3), np.float64(-38.8), np.float64(55.9), np.float64(-23.1), np.float64(31.5)]"
2026-06-23,24071.3,24135.5,23784.95,23795.25,350.5499999999993,-15.549999999999272,30,1372.3000000000175,0.25544705968082404,Multi_Wave_Oscillating,"[np.float64(-16.4), np.float64(93.0), np.float64(-25.7), np.float64(28.2), np.float64(-52.0), np.float64(46.9)]"
2026-06-24,23795.8,24090.05,23789.25,24013.15,300.7999999999993,0.5499999999992724,29,1300.3999999999905,0.2313134420178418,Multi_Wave_Oscillating,"[np.float64(28.9), np.float64(-29.6), np.float64(48.2), np.float64(-27.4), np.float64(33.8), np.float64(-84.6)]"
2026-06-25,24125.85,24261.6,24039.0,24052.95,222.59999999999854,112.69999999999709,39,1521.2999999999993,0.14632222441332982,Multi_Wave_Oscillating,"[np.float64(20.3), np.float64(-46.7), np.float64(61.9), np.float64(-39.2), np.float64(54.8), np.float64(-25.0)]"
2026-06-29,24061.75,24120.0,23924.55,23978.5,195.45000000000073,8.799999999999272,44,1764.9499999999935,0.11073968101079433,Multi_Wave_Oscillating,"[np.float64(23.0), np.float64(-27.0), np.float64(25.9), np.float64(-58.0), np.float64(22.3), np.float64(-68.4)]"
2026-06-30,24032.05,24035.55,23829.2,23917.75,206.34999999999854,53.54999999999927,39,1816.1499999999687,0.11361946975745511,Multi_Wave_Oscillating,"[np.float64(-98.2), np.float64(22.0), np.float64(-46.0), np.float64(22.8), np.float64(-37.6), np.float64(64.1)]"
2026-07-01,23897.65,24049.9,23895.1,23987.95,154.8000000000029,-20.099999999998545,29,1258.5000000000073,0.12300357568534129,Multi_Wave_Oscillating,"[np.float64(30.2), np.float64(-39.8), np.float64(35.8), np.float64(-25.9), np.float64(32.1), np.float64(-24.3)]"
2026-07-02,24062.2,24194.55,24058.8,24167.2,135.75,74.25,19,796.5500000000102,0.17042244680183072,Multi_Wave_Oscillating,"[np.float64(12.4), np.float64(-24.5), np.float64(91.9), np.float64(-78.9), np.float64(31.9), np.float64(-42.2)]"
2026-07-03,24375.65,24378.15,24252.35,24271.2,125.80000000000291,208.45000000000073,16,650.9499999999935,0.19325601044627724,Multi_Wave_Oscillating,"[np.float64(-22.1), np.float64(71.6), np.float64(-55.0), np.float64(30.4), np.float64(-26.8), np.float64(38.6)]"
2026-07-06,24306.85,24458.65,24287.1,24423.95,171.5500000000029,35.64999999999782,17,642.8500000000204,0.26685852065022553,Multi_Wave_Oscillating,"[np.float64(22.9), np.float64(-22.9), np.float64(58.5), np.float64(-29.5), np.float64(48.4), np.float64(-24.5)]"
2026-07-07,24464.45,24530.9,24348.95,24353.7,181.95000000000073,40.5,32,1188.5500000000138,0.15308569265070768,Multi_Wave_Oscillating,"[np.float64(-33.8), np.float64(46.0), np.float64(-24.7), np.float64(23.0), np.float64(-47.9), np.float64(34.0)]"
2026-07-08,24259.55,24300.0,23805.2,23895.7,494.7999999999993,-94.15000000000146,46,2249.249999999982,0.21998443925753175,Multi_Wave_Oscillating,"[np.float64(9.8), np.float64(-28.2), np.float64(40.2), np.float64(-88.0), np.float64(60.0), np.float64(-34.2)]"
2026-07-09,23928.95,24134.7,23925.7,23981.9,209.0,33.25,48,2133.899999999994,0.0979427339612918,Multi_Wave_Oscillating,"[np.float64(44.1), np.float64(-21.0), np.float64(58.6), np.float64(-36.5), np.float64(37.8), np.float64(-25.2)]"
2026-07-10,24124.7,24228.45,24120.35,24211.65,108.10000000000218,142.79999999999927,24,847.5000000000036,0.12755162241888107,Multi_Wave_Oscillating,"[np.float64(38.1), np.float64(-33.6), np.float64(23.9), np.float64(-25.2), np.float64(73.0), np.float64(-23.9)]"
2026-07-13,24039.4,24259.8,24000.2,24211.15,259.59999999999854,-172.25,28,1208.5499999999702,0.21480286293492612,Multi_Wave_Oscillating,"[np.float64(-21.3), np.float64(44.2), np.float64(-29.8), np.float64(114.1), np.float64(-36.0), np.float64(30.0)]"
2026-07-14,24068.0,24157.1,24023.7,24035.15,133.39999999999782,-143.15000000000146,34,1377.2499999999964,0.09685968415320252,Multi_Wave_Oscillating,"[np.float64(-14.5), np.float64(106.5), np.float64(-36.1), np.float64(26.3), np.float64(-67.6), np.float64(22.6)]"
2026-07-15,24085.85,24220.35,24010.55,24073.45,209.79999999999927,50.69999999999709,23,1150.300000000003,0.1823872033382585,Multi_Wave_Oscillating,"[np.float64(117.8), np.float64(-44.7), np.float64(46.8), np.float64(-29.8), np.float64(22.1), np.float64(-41.7)]"
2026-07-16,24142.1,24186.5,24050.0,24081.1,136.5,68.64999999999782,23,994.5000000000036,0.1372549019607838,Multi_Wave_Oscillating,"[np.float64(-8.5), np.float64(49.9), np.float64(-48.8), np.float64(23.0), np.float64(-44.7), np.float64(48.7)]"
2026-07-17,24127.6,24367.3,24099.05,24346.7,268.25,46.5,20,1019.4999999999927,0.26311917606670127,Multi_Wave_Oscillating,"[np.float64(65.5), np.float64(-23.5), np.float64(53.8), np.float64(-36.7), np.float64(68.8), np.float64(-25.2)]"
2026-07-20,24190.05,24266.1,24135.85,24239.5,130.25,-156.65000000000146,30,1105.549999999992,0.11781466238523897,Multi_Wave_Oscillating,"[np.float64(10.3), np.float64(-69.4), np.float64(37.1), np.float64(-51.7), np.float64(38.9), np.float64(-47.0)]"
2026-07-21,24216.05,24262.2,24135.65,24193.05,126.54999999999927,-23.450000000000728,24,819.3500000000022,0.15445169951790924,Multi_Wave_Oscillating,"[np.float64(17.8), np.float64(-32.9), np.float64(34.4), np.float64(-37.2), np.float64(31.0), np.float64(-38.6)]"
2026-07-22,24150.45,24166.3,23961.4,23991.05,204.89999999999782,-42.599999999998545,20,918.9000000000015,0.22298400261181575,Multi_Wave_Oscillating,"[np.float64(-17.0), np.float64(35.2), np.float64(-102.6), np.float64(44.0), np.float64(-79.0), np.float64(39.8)]"
2026-07-23,23904.8,23990.75,23807.2,23871.7,183.54999999999927,-86.25,24,1106.4000000000015,0.16589840925524135,Multi_Wave_Oscillating,"[np.float64(-18.4), np.float64(75.8), np.float64(-59.4), np.float64(31.0), np.float64(-22.1), np.float64(68.5)]"
2026-07-24,23666.35,23823.6,23606.3,23787.0,217.29999999999927,-205.35000000000218,24,1254.5500000000065,0.1732095173568197,Multi_Wave_Oscillating,"[np.float64(71.0), np.float64(-132.2), np.float64(33.4), np.float64(-57.5), np.float64(20.5), np.float64(-21.4)]"
